// Lab9HMain.cpp
// Runs on MSPM0G3507
// Lab 9 ECE319H
// Your name
// Last Modified: 12/26/2024

#include <stdio.h>
#include <stdint.h>
#include <stdlib.h>
#include <ti/devices/msp/msp.h>
#include "../inc/ST7735.h"
#include "../inc/Clock.h"
#include "../inc/LaunchPad.h"
#include "../inc/TExaS.h"
#include "../inc/Timer.h"
#include "../inc/SlidePot.h"
#include "../inc/DAC5.h"
#include "SmallFont.h"
#include "LED.h"
#include "../sounds/sounds.h"
//#include "Switch.h"
// #include "Sound.h"
#include "images/images.h"
extern "C" void __disable_irq(void);
extern "C" void __enable_irq(void);
extern "C" void TIMG12_IRQHandler(void);
extern "C" void TIMG6_IRQHandler(void);
extern "C" void GROUP1_IRQHandler(void);
extern "C" void SysTick_Handler(void);
// extern const uint8_t shoot[4080];
// ****note to ECE319K students****
// the data sheet says the ADC does not work when clock is 80 MHz
// however, the ADC seems to work on my boards at 80 MHz
// I suggest you try 80MHz, but if it doesn't work, switch to 40MHz
void PLL_Init(void){ // set phase lock loop (PLL)
  // Clock_Init40MHz(); // run this line for 40MHz
  Clock_Init80MHz(0);   // run this line for 80MHz
}

uint32_t M=1;
uint32_t Random32(void){
  M = 1664525*M+1013904223;
  return M;
}
uint32_t Random(uint32_t n){
  return (Random32()>>16)%n;
}

void Switch_Init(void);
void Switch_In(void);

SlidePot Sensor(1575, 291); // copy calibration from Lab 7

const unsigned short gold_sprite[] = {
 0x0000, 0x0000, 0x0000, 0x0000, 0x0000, 0x0000, 0x0000, 0x0000, 0x0000, 0x0000, 0x0000, 0x0000, 0x0000, 0x0000, 0x0000, 0x0000,
 0x0000, 0x0000, 0x0000, 0x0000, 0x01AE, 0x01AE, 0x0000, 0x0000, 0x0000, 0x0000, 0x01AE, 0x01AE, 0x0000, 0x0000, 0x0000, 0x0000,
 0x0000, 0x0000, 0x0000, 0x0000, 0x057F, 0x057F, 0x0000, 0x0000, 0x0000, 0x0000, 0x057F, 0x057F, 0x0000, 0x0000, 0x0000, 0x0000,
 0x0000, 0x0000, 0x0000, 0x0000, 0x057F, 0x057F, 0x0000, 0x0000, 0x0000, 0x0000, 0x057F, 0x057F, 0x0000, 0x0000, 0x0000, 0x0000,
 0x0000, 0x0000, 0x0000, 0x0000, 0x057F, 0x057F, 0x057F, 0x057F, 0x057F, 0x057F, 0x057F, 0x057F, 0x0000, 0x0000, 0x0000, 0x0000,
 0x0000, 0x0000, 0x0000, 0x0000, 0x01AE, 0x01AE, 0x01AE, 0x01AE, 0x01AE, 0x01AE, 0x01AE, 0x01AE, 0x0000, 0x0000, 0x0000, 0x0000,
 0x0000, 0x0000, 0x0000, 0x0000, 0x01AE, 0x01AE, 0x01AE, 0x01AE, 0x01AE, 0x01AE, 0x01AE, 0x01AE, 0x0000, 0x0000, 0x0000, 0x0000,
 0x0000, 0x0000, 0x02D8, 0x0000, 0x02D8, 0x01AE, 0x01AE, 0x02D8, 0x02D8, 0x01AE, 0x01AE, 0x02D8, 0x0000, 0x02D8, 0x0000, 0x0000,
 0x0000, 0x0000, 0x02D8, 0x0000, 0x01AE, 0x01AE, 0x01AE, 0x01AE, 0x01AE, 0x01AE, 0x01AE, 0x01AE, 0x0000, 0x02D8, 0x0000, 0x0000,
 0x0000, 0x0000, 0x02D8, 0x02D8, 0x01AE, 0x01AE, 0x01AE, 0x01AE, 0x01AE, 0x01AE, 0x01AE, 0x01AE, 0x02D8, 0x02D8, 0x0000, 0x0000,
 0x0000, 0x0000, 0x02D8, 0x02D8, 0x01AE, 0x01AE, 0x01AE, 0x01AE, 0x01AE, 0x01AE, 0x01AE, 0x01AE, 0x02D8, 0x02D8, 0x0000, 0x0000,
 0x0000, 0x0000, 0x0000, 0x0000, 0x0000, 0x0000, 0x0000, 0x0000, 0x0000, 0x0000, 0x0000, 0x0000, 0x0000, 0x0000, 0x0000, 0x0000,
 0x0000, 0x0000, 0x0000, 0x0000, 0x0000, 0x057F, 0x057F, 0x057F, 0x057F, 0x057F, 0x057F, 0x0000, 0x0000, 0x0000, 0x0000, 0x0000,
 0x0000, 0x0000, 0x0000, 0x0000, 0x01AE, 0x01AE, 0x01AE, 0x01AE, 0x01AE, 0x01AE, 0x01AE, 0x01AE, 0x0000, 0x0000, 0x0000, 0x0000,
 0x0000, 0x0000, 0x0000, 0x0000, 0x01AE, 0x01AE, 0x01AE, 0x01AE, 0x07DF, 0x01AE, 0x07DF, 0x01AE, 0x0000, 0x0000, 0x0000, 0x0000,
 0x0000, 0x0000, 0x0000, 0x0000, 0x01AE, 0x01AE, 0x01AE, 0x01AE, 0x01AE, 0x01AE, 0x01AE, 0x01AE, 0x0000, 0x0000, 0x0000, 0x0000,
 0x0000, 0x0000, 0x0000, 0x0000, 0x0000, 0x057F, 0x057F, 0x057F, 0x057F, 0x057F, 0x057F, 0x0000, 0x0000, 0x0000, 0x0000, 0x0000,
 0x0000, 0x0000, 0x0000, 0x0000, 0x057F, 0x0000, 0x057F, 0x057F, 0x057F, 0x057F, 0x0000, 0x057F, 0x0000, 0x0000, 0x0000, 0x0000,
 0x0000, 0x0000, 0x0000, 0x0000, 0x0000, 0x0000, 0x0000, 0x0000, 0x0000, 0x0000, 0x0000, 0x0000, 0x0000, 0x0000, 0x0000, 0x0000,
 0x0000, 0x0000, 0x0000, 0x0000, 0x0000, 0x0000, 0x0000, 0x0000, 0x0000, 0x0000, 0x0000, 0x0000, 0x0000, 0x0000, 0x0000, 0x0000,

};

const unsigned short gold_sprite_berry[] = {
 0x0000, 0x0000, 0x0000, 0x0000, 0x0000, 0x0000, 0x0000, 0x0000, 0x0000, 0x0000, 0x0000, 0x0000, 0x0000, 0x0000, 0x0000, 0x0000,
 0x0000, 0x0000, 0x0000, 0x0000, 0x01AE, 0x01AE, 0x0000, 0x0000, 0x0000, 0x0000, 0x01AE, 0x01AE, 0x0000, 0x0000, 0x0000, 0x0000,
 0x0000, 0x0000, 0x0000, 0x0000, 0x057F, 0x057F, 0x0000, 0x0000, 0x0000, 0x0000, 0x057F, 0x057F, 0x0000, 0x0000, 0x0000, 0x0000,
 0x0000, 0x0000, 0x0000, 0x0000, 0x057F, 0x057F, 0x0000, 0x0000, 0x0000, 0x0000, 0x057F, 0x057F, 0x0000, 0x0000, 0x0000, 0x0000,
 0x0000, 0x0000, 0x0000, 0x0000, 0x057F, 0x057F, 0x057F, 0x057F, 0x057F, 0x057F, 0x057F, 0x057F, 0x0000, 0x0000, 0x0000, 0x0000,
 0x0000, 0x0000, 0x0000, 0x0000, 0x01AE, 0x01AE, 0x01AE, 0x01AE, 0x01AE, 0x01AE, 0x01AE, 0x01AE, 0x0000, 0x0000, 0x0000, 0x0000,
 0x0000, 0x0000, 0x0000, 0x0000, 0x01AE, 0x01AE, 0x8047, 0x8047, 0x8047, 0x8047, 0x01AE, 0x01AE, 0x0000, 0x0000, 0x0000, 0x0000,
 0x0000, 0x0000, 0x02D8, 0x0000, 0x02D8, 0x01AE, 0x8047, 0xF09C, 0xF09C, 0x8047, 0x01AE, 0x02D8, 0x0000, 0x02D8, 0x0000, 0x0000,
 0x0000, 0x0000, 0x02D8, 0x0000, 0x01AE, 0x01AE, 0x8047, 0xF71D, 0xF09C, 0x8047, 0x01AE, 0x01AE, 0x0000, 0x02D8, 0x0000, 0x0000,
 0x0000, 0x0000, 0x02D8, 0x02D8, 0x01AE, 0x01AE, 0x8047, 0x8047, 0x8047, 0x8047, 0x01AE, 0x01AE, 0x02D8, 0x02D8, 0x0000, 0x0000,
 0x0000, 0x0000, 0x02D8, 0x02D8, 0x01AE, 0x01AE, 0x01AE, 0x01AE, 0x01AE, 0x01AE, 0x01AE, 0x01AE, 0x02D8, 0x02D8, 0x0000, 0x0000,
 0x0000, 0x0000, 0x0000, 0x0000, 0x0000, 0x0000, 0x0000, 0x0000, 0x0000, 0x0000, 0x0000, 0x0000, 0x0000, 0x0000, 0x0000, 0x0000,
 0x0000, 0x0000, 0x0000, 0x0000, 0x0000, 0x057F, 0x057F, 0x057F, 0x057F, 0x057F, 0x057F, 0x0000, 0x0000, 0x0000, 0x0000, 0x0000,
 0x0000, 0x0000, 0x0000, 0x0000, 0x01AE, 0x01AE, 0x01AE, 0x01AE, 0x01AE, 0x01AE, 0x01AE, 0x01AE, 0x0000, 0x0000, 0x0000, 0x0000,
 0x0000, 0x0000, 0x0000, 0x0000, 0x01AE, 0x01AE, 0x01AE, 0x01AE, 0x07DF, 0x01AE, 0x07DF, 0x01AE, 0x0000, 0x0000, 0x0000, 0x0000,
 0x0000, 0x0000, 0x0000, 0x0000, 0x01AE, 0x01AE, 0x01AE, 0x01AE, 0x01AE, 0x01AE, 0x01AE, 0x01AE, 0x0000, 0x0000, 0x0000, 0x0000,
 0x0000, 0x0000, 0x0000, 0x0000, 0x0000, 0x057F, 0x057F, 0x057F, 0x057F, 0x057F, 0x057F, 0x0000, 0x0000, 0x0000, 0x0000, 0x0000,
 0x0000, 0x0000, 0x0000, 0x0000, 0x057F, 0x0000, 0x057F, 0x057F, 0x057F, 0x057F, 0x0000, 0x057F, 0x0000, 0x0000, 0x0000, 0x0000,
 0x0000, 0x0000, 0x0000, 0x0000, 0x0000, 0x0000, 0x0000, 0x0000, 0x0000, 0x0000, 0x0000, 0x0000, 0x0000, 0x0000, 0x0000, 0x0000,
 0x0000, 0x0000, 0x0000, 0x0000, 0x0000, 0x0000, 0x0000, 0x0000, 0x0000, 0x0000, 0x0000, 0x0000, 0x0000, 0x0000, 0x0000, 0x0000,


};

const unsigned short gold_worker[] = {
 0x0000, 0x0000, 0x0000, 0x0000, 0x0000, 0x0000, 0x0000, 0x0000, 0x0000, 0x0000, 0x0000, 0x0000, 0x0000, 0x0000, 0x0000, 0x0000,
 0x0000, 0x0000, 0x0000, 0x0000, 0x01AE, 0x01AE, 0x0000, 0x0000, 0x0000, 0x0000, 0x01AE, 0x01AE, 0x0000, 0x0000, 0x0000, 0x0000,
 0x0000, 0x0000, 0x0000, 0x0000, 0x057F, 0x057F, 0x0000, 0x0000, 0x0000, 0x0000, 0x057F, 0x057F, 0x0000, 0x0000, 0x0000, 0x0000,
 0x0000, 0x0000, 0x0000, 0x0000, 0x057F, 0x057F, 0x0000, 0x0000, 0x0000, 0x0000, 0x057F, 0x057F, 0x0000, 0x0000, 0x0000, 0x0000,
 0x0000, 0x0000, 0x0000, 0x0000, 0x057F, 0x057F, 0x057F, 0x057F, 0x057F, 0x057F, 0x057F, 0x057F, 0x0000, 0x0000, 0x0000, 0x0000,
 0x0000, 0x0000, 0x0000, 0x0000, 0x057F, 0x057F, 0x057F, 0x057F, 0x057F, 0x057F, 0x057F, 0x057F, 0x0000, 0x0000, 0x0000, 0x0000,
 0x0000, 0x0000, 0x0000, 0x0000, 0x02D8, 0x02D8, 0x02D8, 0x02D8, 0x02D8, 0x02D8, 0x02D8, 0x02D8, 0x0000, 0x0000, 0x0000, 0x0000,
 0x0000, 0x0000, 0x057F, 0x0000, 0x02D8, 0x01AE, 0x01AE, 0x01AE, 0x01AE, 0x01AE, 0x01AE, 0x02D8, 0x0000, 0x057F, 0x0000, 0x0000,
 0x0000, 0x0000, 0x057F, 0x0000, 0x02D8, 0x02D8, 0x02D8, 0x02D8, 0x02D8, 0x02D8, 0x01AE, 0x02D8, 0x0000, 0x057F, 0x0000, 0x0000,
 0x0000, 0x0000, 0x057F, 0x02D8, 0x02D8, 0x01AE, 0x02D8, 0x01AE, 0x01AE, 0x02D8, 0x01AE, 0x02D8, 0x02D8, 0x057F, 0x0000, 0x0000,
 0x0000, 0x0000, 0x02D8, 0x02D8, 0x02D8, 0x02D8, 0x02D8, 0x02D8, 0x02D8, 0x02D8, 0x02D8, 0x02D8, 0x02D8, 0x02D8, 0x0000, 0x0000,
 0x0000, 0x0000, 0x0000, 0x0000, 0x0000, 0x0000, 0x0000, 0x0000, 0x0000, 0x0000, 0x0000, 0x0000, 0x0000, 0x0000, 0x0000, 0x0000,
 0x0000, 0x0000, 0x0000, 0x0000, 0x0000, 0x057F, 0x057F, 0x057F, 0x057F, 0x057F, 0x057F, 0x0000, 0x0000, 0x0000, 0x0000, 0x0000,
 0x0000, 0x0000, 0x0000, 0x0000, 0x01AE, 0x01AE, 0x01AE, 0x01AE, 0x01AE, 0x01AE, 0x01AE, 0x01AE, 0x0000, 0x0000, 0x0000, 0x0000,
 0x0000, 0x0000, 0x0000, 0x0000, 0x01AE, 0x01AE, 0x01AE, 0x01AE, 0x07DF, 0x01AE, 0x07DF, 0x01AE, 0x0000, 0x0000, 0x0000, 0x0000,
 0x0000, 0x0000, 0x0000, 0x0000, 0x01AE, 0x01AE, 0x01AE, 0x01AE, 0x01AE, 0x01AE, 0x01AE, 0x01AE, 0x0000, 0x0000, 0x0000, 0x0000,
 0x0000, 0x0000, 0x0000, 0x0000, 0x0000, 0x057F, 0x057F, 0x057F, 0x057F, 0x057F, 0x057F, 0x0000, 0x0000, 0x0000, 0x0000, 0x0000,
 0x0000, 0x0000, 0x0000, 0x0000, 0x057F, 0x0000, 0x057F, 0x057F, 0x057F, 0x057F, 0x0000, 0x057F, 0x0000, 0x0000, 0x0000, 0x0000,
 0x0000, 0x0000, 0x0000, 0x0000, 0x0000, 0x0000, 0x0000, 0x0000, 0x0000, 0x0000, 0x0000, 0x0000, 0x0000, 0x0000, 0x0000, 0x0000,
 0x0000, 0x0000, 0x0000, 0x0000, 0x0000, 0x0000, 0x0000, 0x0000, 0x0000, 0x0000, 0x0000, 0x0000, 0x0000, 0x0000, 0x0000, 0x0000,

};

const unsigned short gold_worker_berry[] = {
 0x0000, 0x0000, 0x0000, 0x0000, 0x0000, 0x0000, 0x0000, 0x0000, 0x0000, 0x0000, 0x0000, 0x0000, 0x0000, 0x0000, 0x0000, 0x0000,
 0x0000, 0x0000, 0x0000, 0x0000, 0x01AE, 0x01AE, 0x0000, 0x0000, 0x0000, 0x0000, 0x01AE, 0x01AE, 0x0000, 0x0000, 0x0000, 0x0000,
 0x0000, 0x0000, 0x0000, 0x0000, 0x057F, 0x057F, 0x0000, 0x0000, 0x0000, 0x0000, 0x057F, 0x057F, 0x0000, 0x0000, 0x0000, 0x0000,
 0x0000, 0x0000, 0x0000, 0x0000, 0x057F, 0x057F, 0x0000, 0x0000, 0x0000, 0x0000, 0x057F, 0x057F, 0x0000, 0x0000, 0x0000, 0x0000,
 0x0000, 0x0000, 0x0000, 0x0000, 0x057F, 0x057F, 0x057F, 0x057F, 0x057F, 0x057F, 0x057F, 0x057F, 0x0000, 0x0000, 0x0000, 0x0000,
 0x0000, 0x0000, 0x0000, 0x0000, 0x057F, 0x057F, 0x057F, 0x057F, 0x057F, 0x057F, 0x057F, 0x057F, 0x0000, 0x0000, 0x0000, 0x0000,
 0x0000, 0x0000, 0x0000, 0x0000, 0x02D8, 0x02D8, 0x8047, 0x8047, 0x8047, 0x8047, 0x02D8, 0x02D8, 0x0000, 0x0000, 0x0000, 0x0000,
 0x0000, 0x0000, 0x057F, 0x0000, 0x02D8, 0x01AE, 0x8047, 0xF09C, 0xF09C, 0x8047, 0x01AE, 0x02D8, 0x0000, 0x057F, 0x0000, 0x0000,
 0x0000, 0x0000, 0x057F, 0x0000, 0x02D8, 0x02D8, 0x8047, 0xF71D, 0xF09C, 0x8047, 0x01AE, 0x02D8, 0x0000, 0x057F, 0x0000, 0x0000,
 0x0000, 0x0000, 0x057F, 0x02D8, 0x02D8, 0x01AE, 0x8047, 0x8047, 0x8047, 0x8047, 0x01AE, 0x02D8, 0x02D8, 0x057F, 0x0000, 0x0000,
 0x0000, 0x0000, 0x02D8, 0x02D8, 0x02D8, 0x02D8, 0x02D8, 0x02D8, 0x02D8, 0x02D8, 0x02D8, 0x02D8, 0x02D8, 0x02D8, 0x0000, 0x0000,
 0x0000, 0x0000, 0x0000, 0x0000, 0x0000, 0x0000, 0x0000, 0x0000, 0x0000, 0x0000, 0x0000, 0x0000, 0x0000, 0x0000, 0x0000, 0x0000,
 0x0000, 0x0000, 0x0000, 0x0000, 0x0000, 0x057F, 0x057F, 0x057F, 0x057F, 0x057F, 0x057F, 0x0000, 0x0000, 0x0000, 0x0000, 0x0000,
 0x0000, 0x0000, 0x0000, 0x0000, 0x01AE, 0x01AE, 0x01AE, 0x01AE, 0x01AE, 0x01AE, 0x01AE, 0x01AE, 0x0000, 0x0000, 0x0000, 0x0000,
 0x0000, 0x0000, 0x0000, 0x0000, 0x01AE, 0x01AE, 0x01AE, 0x01AE, 0x07DF, 0x01AE, 0x07DF, 0x01AE, 0x0000, 0x0000, 0x0000, 0x0000,
 0x0000, 0x0000, 0x0000, 0x0000, 0x01AE, 0x01AE, 0x01AE, 0x01AE, 0x01AE, 0x01AE, 0x01AE, 0x01AE, 0x0000, 0x0000, 0x0000, 0x0000,
 0x0000, 0x0000, 0x0000, 0x0000, 0x0000, 0x057F, 0x057F, 0x057F, 0x057F, 0x057F, 0x057F, 0x0000, 0x0000, 0x0000, 0x0000, 0x0000,
 0x0000, 0x0000, 0x0000, 0x0000, 0x057F, 0x0000, 0x057F, 0x057F, 0x057F, 0x057F, 0x0000, 0x057F, 0x0000, 0x0000, 0x0000, 0x0000,
 0x0000, 0x0000, 0x0000, 0x0000, 0x0000, 0x0000, 0x0000, 0x0000, 0x0000, 0x0000, 0x0000, 0x0000, 0x0000, 0x0000, 0x0000, 0x0000,
 0x0000, 0x0000, 0x0000, 0x0000, 0x0000, 0x0000, 0x0000, 0x0000, 0x0000, 0x0000, 0x0000, 0x0000, 0x0000, 0x0000, 0x0000, 0x0000,


};

const unsigned short blue_sprite[] = {
 0x0000, 0x0000, 0x0000, 0x0000, 0x0000, 0x0000, 0x0000, 0x0000, 0x0000, 0x0000, 0x0000, 0x0000, 0x0000, 0x0000, 0x0000, 0x0000,
 0x0000, 0x0000, 0x0000, 0x0000, 0xF9E0, 0xF9E0, 0x0000, 0x0000, 0x0000, 0x0000, 0xF9E0, 0xF9E0, 0x0000, 0x0000, 0x0000, 0x0000,
 0x0000, 0x0000, 0x0000, 0x0000, 0xF9E0, 0xF9E0, 0x0000, 0x0000, 0x0000, 0x0000, 0xF9E0, 0xF9E0, 0x0000, 0x0000, 0x0000, 0x0000,
 0x0000, 0x0000, 0x0000, 0x0000, 0xF7E0, 0xF7E0, 0x0000, 0x0000, 0x0000, 0x0000, 0xF7E0, 0xF7E0, 0x0000, 0x0000, 0x0000, 0x0000,
 0x0000, 0x0000, 0x0000, 0x0000, 0xF7E0, 0xF7E0, 0xF7E0, 0xF7E0, 0xF7E0, 0xF7E0, 0xF7E0, 0xF7E0, 0x0000, 0x0000, 0x0000, 0x0000,
 0x0000, 0x0000, 0x0000, 0x0000, 0xF9E0, 0xF9E0, 0xF9E0, 0xF9E0, 0xF9E0, 0xF9E0, 0xF9E0, 0xF9E0, 0x0000, 0x0000, 0x0000, 0x0000,
 0x0000, 0x0000, 0x0000, 0x0000, 0xF9E0, 0xF9E0, 0xF9E0, 0xF9E0, 0xF9E0, 0xF9E0, 0xF9E0, 0xF9E0, 0x0000, 0x0000, 0x0000, 0x0000,
 0x0000, 0x0000, 0xFC60, 0x0000, 0xFC60, 0xFC60, 0xFC60, 0xFC60, 0xFC60, 0xFC60, 0xFC60, 0xFC60, 0x0000, 0xFC60, 0x0000, 0x0000,
 0x0000, 0x0000, 0xFC60, 0x0000, 0xF9E0, 0xF9E0, 0xF9E0, 0xF9E0, 0xF9E0, 0xF9E0, 0xF9E0, 0xF9E0, 0x0000, 0xFC60, 0x0000, 0x0000,
 0x0000, 0x0000, 0xFC60, 0xFC60, 0xFC60, 0xFC60, 0xFC60, 0xFC60, 0xFC60, 0xFC60, 0xFC60, 0xFC60, 0xFC60, 0xFC60, 0x0000, 0x0000,
 0x0000, 0x0000, 0xFC60, 0xFC60, 0xFC60, 0xFC60, 0xFC60, 0xFC60, 0xFC60, 0xFC60, 0xFC60, 0xFC60, 0xFC60, 0xFC60, 0x0000, 0x0000,
 0x0000, 0x0000, 0x0000, 0x0000, 0x0000, 0x0000, 0x0000, 0x0000, 0x0000, 0x0000, 0x0000, 0x0000, 0x0000, 0x0000, 0x0000, 0x0000,
 0x0000, 0x0000, 0x0000, 0x0000, 0x0000, 0xF7E0, 0xF7E0, 0xF7E0, 0xF7E0, 0xF7E0, 0xF7E0, 0x0000, 0x0000, 0x0000, 0x0000, 0x0000,
 0x0000, 0x0000, 0x0000, 0x0000, 0xF9E0, 0xF9E0, 0xF9E0, 0xF9E0, 0xF9E0, 0xF9E0, 0xF9E0, 0xF9E0, 0x0000, 0x0000, 0x0000, 0x0000,
 0x0000, 0x0000, 0x0000, 0x0000, 0xF9E0, 0xF9E0, 0xF9E0, 0xF9E0, 0x07DF, 0xF9E0, 0x07DF, 0xF9E0, 0x0000, 0x0000, 0x0000, 0x0000,
 0x0000, 0x0000, 0x0000, 0x0000, 0xF9E0, 0xF9E0, 0xF9E0, 0xF9E0, 0xF9E0, 0xF9E0, 0xF9E0, 0xF9E0, 0x0000, 0x0000, 0x0000, 0x0000,
 0x0000, 0x0000, 0x0000, 0x0000, 0x0000, 0xF7E0, 0xF7E0, 0xF7E0, 0xF7E0, 0xF7E0, 0xF7E0, 0x0000, 0x0000, 0x0000, 0x0000, 0x0000,
 0x0000, 0x0000, 0x0000, 0x0000, 0xF7E0, 0x0000, 0xF7E0, 0xF7E0, 0xF7E0, 0xF7E0, 0x0000, 0xF7E0, 0x0000, 0x0000, 0x0000, 0x0000,
 0x0000, 0x0000, 0x0000, 0x0000, 0x0000, 0x0000, 0x0000, 0x0000, 0x0000, 0x0000, 0x0000, 0x0000, 0x0000, 0x0000, 0x0000, 0x0000,
 0x0000, 0x0000, 0x0000, 0x0000, 0x0000, 0x0000, 0x0000, 0x0000, 0x0000, 0x0000, 0x0000, 0x0000, 0x0000, 0x0000, 0x0000, 0x0000,

};

const unsigned short blue_sprite_berry[] = {
 0x0000, 0x0000, 0x0000, 0x0000, 0x0000, 0x0000, 0x0000, 0x0000, 0x0000, 0x0000, 0x0000, 0x0000, 0x0000, 0x0000, 0x0000, 0x0000,
 0x0000, 0x0000, 0x0000, 0x0000, 0xF9E0, 0xF9E0, 0x0000, 0x0000, 0x0000, 0x0000, 0xF9E0, 0xF9E0, 0x0000, 0x0000, 0x0000, 0x0000,
 0x0000, 0x0000, 0x0000, 0x0000, 0xF9E0, 0xF9E0, 0x0000, 0x0000, 0x0000, 0x0000, 0xF9E0, 0xF9E0, 0x0000, 0x0000, 0x0000, 0x0000,
 0x0000, 0x0000, 0x0000, 0x0000, 0xF7E0, 0xF7E0, 0x0000, 0x0000, 0x0000, 0x0000, 0xF7E0, 0xF7E0, 0x0000, 0x0000, 0x0000, 0x0000,
 0x0000, 0x0000, 0x0000, 0x0000, 0xF7E0, 0xF7E0, 0xF7E0, 0xF7E0, 0xF7E0, 0xF7E0, 0xF7E0, 0xF7E0, 0x0000, 0x0000, 0x0000, 0x0000,
 0x0000, 0x0000, 0x0000, 0x0000, 0xF9E0, 0xF9E0, 0xF9E0, 0xF9E0, 0xF9E0, 0xF9E0, 0xF9E0, 0xF9E0, 0x0000, 0x0000, 0x0000, 0x0000,
 0x0000, 0x0000, 0x0000, 0x0000, 0xF9E0, 0xF9E0, 0x8047, 0x8047, 0x8047, 0x8047, 0xF9E0, 0xF9E0, 0x0000, 0x0000, 0x0000, 0x0000,
 0x0000, 0x0000, 0xFC60, 0x0000, 0xFC60, 0xFC60, 0x8047, 0xF09C, 0xF09C, 0x8047, 0xFC60, 0xFC60, 0x0000, 0xFC60, 0x0000, 0x0000,
 0x0000, 0x0000, 0xFC60, 0x0000, 0xF9E0, 0xF9E0, 0x8047, 0xF71D, 0xF09C, 0x8047, 0xF9E0, 0xF9E0, 0x0000, 0xFC60, 0x0000, 0x0000,
 0x0000, 0x0000, 0xFC60, 0xFC60, 0xFC60, 0xFC60, 0x8047, 0x8047, 0x8047, 0x8047, 0xFC60, 0xFC60, 0xFC60, 0xFC60, 0x0000, 0x0000,
 0x0000, 0x0000, 0xFC60, 0xFC60, 0xFC60, 0xFC60, 0xFC60, 0xFC60, 0xFC60, 0xFC60, 0xFC60, 0xFC60, 0xFC60, 0xFC60, 0x0000, 0x0000,
 0x0000, 0x0000, 0x0000, 0x0000, 0x0000, 0x0000, 0x0000, 0x0000, 0x0000, 0x0000, 0x0000, 0x0000, 0x0000, 0x0000, 0x0000, 0x0000,
 0x0000, 0x0000, 0x0000, 0x0000, 0x0000, 0xF7E0, 0xF7E0, 0xF7E0, 0xF7E0, 0xF7E0, 0xF7E0, 0x0000, 0x0000, 0x0000, 0x0000, 0x0000,
 0x0000, 0x0000, 0x0000, 0x0000, 0xF9E0, 0xF9E0, 0xF9E0, 0xF9E0, 0xF9E0, 0xF9E0, 0xF9E0, 0xF9E0, 0x0000, 0x0000, 0x0000, 0x0000,
 0x0000, 0x0000, 0x0000, 0x0000, 0xF9E0, 0xF9E0, 0xF9E0, 0xF9E0, 0x07DF, 0xF9E0, 0x07DF, 0xF9E0, 0x0000, 0x0000, 0x0000, 0x0000,
 0x0000, 0x0000, 0x0000, 0x0000, 0xF9E0, 0xF9E0, 0xF9E0, 0xF9E0, 0xF9E0, 0xF9E0, 0xF9E0, 0xF9E0, 0x0000, 0x0000, 0x0000, 0x0000,
 0x0000, 0x0000, 0x0000, 0x0000, 0x0000, 0xF7E0, 0xF7E0, 0xF7E0, 0xF7E0, 0xF7E0, 0xF7E0, 0x0000, 0x0000, 0x0000, 0x0000, 0x0000,
 0x0000, 0x0000, 0x0000, 0x0000, 0xF7E0, 0x0000, 0xF7E0, 0xF7E0, 0xF7E0, 0xF7E0, 0x0000, 0xF7E0, 0x0000, 0x0000, 0x0000, 0x0000,
 0x0000, 0x0000, 0x0000, 0x0000, 0x0000, 0x0000, 0x0000, 0x0000, 0x0000, 0x0000, 0x0000, 0x0000, 0x0000, 0x0000, 0x0000, 0x0000,
 0x0000, 0x0000, 0x0000, 0x0000, 0x0000, 0x0000, 0x0000, 0x0000, 0x0000, 0x0000, 0x0000, 0x0000, 0x0000, 0x0000, 0x0000, 0x0000,


};

const unsigned short blue_worker[] = {
 0x0000, 0x0000, 0x0000, 0x0000, 0x0000, 0x0000, 0x0000, 0x0000, 0x0000, 0x0000, 0x0000, 0x0000, 0x0000, 0x0000, 0x0000, 0x0000,
 0x0000, 0x0000, 0x0000, 0x0000, 0xF9E0, 0xF9E0, 0x0000, 0x0000, 0x0000, 0x0000, 0xF9E0, 0xF9E0, 0x0000, 0x0000, 0x0000, 0x0000,
 0x0000, 0x0000, 0x0000, 0x0000, 0xF7E0, 0xF7E0, 0x0000, 0x0000, 0x0000, 0x0000, 0xF7E0, 0xF7E0, 0x0000, 0x0000, 0x0000, 0x0000,
 0x0000, 0x0000, 0x0000, 0x0000, 0xF7E0, 0xF7E0, 0x0000, 0x0000, 0x0000, 0x0000, 0xF7E0, 0xF7E0, 0x0000, 0x0000, 0x0000, 0x0000,
 0x0000, 0x0000, 0x0000, 0x0000, 0xF7E0, 0xF7E0, 0xF7E0, 0xF7E0, 0xF7E0, 0xF7E0, 0xF7E0, 0xF7E0, 0x0000, 0x0000, 0x0000, 0x0000,
 0x0000, 0x0000, 0x0000, 0x0000, 0xF7E0, 0xF7E0, 0xF7E0, 0xF7E0, 0xF7E0, 0xF7E0, 0xF7E0, 0xF7E0, 0x0000, 0x0000, 0x0000, 0x0000,
 0x0000, 0x0000, 0x0000, 0x0000, 0xFC60, 0xFC60, 0xFC60, 0xFC60, 0xFC60, 0xFC60, 0xFC60, 0xFC60, 0x0000, 0x0000, 0x0000, 0x0000,
 0x0000, 0x0000, 0xF7E0, 0x0000, 0xFC60, 0xF9E0, 0xF9E0, 0xF9E0, 0xF9E0, 0xF9E0, 0xF9E0, 0xFC60, 0x0000, 0xF7E0, 0x0000, 0x0000,
 0x0000, 0x0000, 0xF7E0, 0x0000, 0xFC60, 0xFC60, 0xFC60, 0xFC60, 0xFC60, 0xFC60, 0xF9E0, 0xFC60, 0x0000, 0xF7E0, 0x0000, 0x0000,
 0x0000, 0x0000, 0xF7E0, 0xFC60, 0xFC60, 0xF9E0, 0xFC60, 0xF9E0, 0xF9E0, 0xFC60, 0xF9E0, 0xFC60, 0xFC60, 0xF7E0, 0x0000, 0x0000,
 0x0000, 0x0000, 0xFC60, 0xFC60, 0xFC60, 0xFC60, 0xFC60, 0xFC60, 0xFC60, 0xFC60, 0xFC60, 0xFC60, 0xFC60, 0xFC60, 0x0000, 0x0000,
 0x0000, 0x0000, 0x0000, 0x0000, 0x0000, 0x0000, 0x0000, 0x0000, 0x0000, 0x0000, 0x0000, 0x0000, 0x0000, 0x0000, 0x0000, 0x0000,
 0x0000, 0x0000, 0x0000, 0x0000, 0x0000, 0xF7E0, 0xF7E0, 0xF7E0, 0xF7E0, 0xF7E0, 0xF7E0, 0x0000, 0x0000, 0x0000, 0x0000, 0x0000,
 0x0000, 0x0000, 0x0000, 0x0000, 0xF9E0, 0xF9E0, 0xF9E0, 0xF9E0, 0xF9E0, 0xF9E0, 0xF9E0, 0xF9E0, 0x0000, 0x0000, 0x0000, 0x0000,
 0x0000, 0x0000, 0x0000, 0x0000, 0xF9E0, 0xF9E0, 0xF9E0, 0xF9E0, 0x07DF, 0xF9E0, 0x07DF, 0xF9E0, 0x0000, 0x0000, 0x0000, 0x0000,
 0x0000, 0x0000, 0x0000, 0x0000, 0xF9E0, 0xF9E0, 0xF9E0, 0xF9E0, 0xF9E0, 0xF9E0, 0xF9E0, 0xF9E0, 0x0000, 0x0000, 0x0000, 0x0000,
 0x0000, 0x0000, 0x0000, 0x0000, 0x0000, 0xF7E0, 0xF7E0, 0xF7E0, 0xF7E0, 0xF7E0, 0xF7E0, 0x0000, 0x0000, 0x0000, 0x0000, 0x0000,
 0x0000, 0x0000, 0x0000, 0x0000, 0xF7E0, 0x0000, 0xF7E0, 0xF7E0, 0xF7E0, 0xF7E0, 0x0000, 0xF7E0, 0x0000, 0x0000, 0x0000, 0x0000,
 0x0000, 0x0000, 0x0000, 0x0000, 0x0000, 0x0000, 0x0000, 0x0000, 0x0000, 0x0000, 0x0000, 0x0000, 0x0000, 0x0000, 0x0000, 0x0000,
 0x0000, 0x0000, 0x0000, 0x0000, 0x0000, 0x0000, 0x0000, 0x0000, 0x0000, 0x0000, 0x0000, 0x0000, 0x0000, 0x0000, 0x0000, 0x0000,

};

const unsigned short blue_worker_berry[] = {
 0x0000, 0x0000, 0x0000, 0x0000, 0x0000, 0x0000, 0x0000, 0x0000, 0x0000, 0x0000, 0x0000, 0x0000, 0x0000, 0x0000, 0x0000, 0x0000,
 0x0000, 0x0000, 0x0000, 0x0000, 0xF9E0, 0xF9E0, 0x0000, 0x0000, 0x0000, 0x0000, 0xF9E0, 0xF9E0, 0x0000, 0x0000, 0x0000, 0x0000,
 0x0000, 0x0000, 0x0000, 0x0000, 0xF7E0, 0xF7E0, 0x0000, 0x0000, 0x0000, 0x0000, 0xF7E0, 0xF7E0, 0x0000, 0x0000, 0x0000, 0x0000,
 0x0000, 0x0000, 0x0000, 0x0000, 0xF7E0, 0xF7E0, 0x0000, 0x0000, 0x0000, 0x0000, 0xF7E0, 0xF7E0, 0x0000, 0x0000, 0x0000, 0x0000,
 0x0000, 0x0000, 0x0000, 0x0000, 0xF7E0, 0xF7E0, 0xF7E0, 0xF7E0, 0xF7E0, 0xF7E0, 0xF7E0, 0xF7E0, 0x0000, 0x0000, 0x0000, 0x0000,
 0x0000, 0x0000, 0x0000, 0x0000, 0xF7E0, 0xF7E0, 0xF7E0, 0xF7E0, 0xF7E0, 0xF7E0, 0xF7E0, 0xF7E0, 0x0000, 0x0000, 0x0000, 0x0000,
 0x0000, 0x0000, 0x0000, 0x0000, 0xFC60, 0xFC60, 0x8047, 0x8047, 0x8047, 0x8047, 0xFC60, 0xFC60, 0x0000, 0x0000, 0x0000, 0x0000,
 0x0000, 0x0000, 0xF7E0, 0x0000, 0xFC60, 0xF9E0, 0x8047, 0xF09C, 0xF09C, 0x8047, 0xF9E0, 0xFC60, 0x0000, 0xF7E0, 0x0000, 0x0000,
 0x0000, 0x0000, 0xF7E0, 0x0000, 0xFC60, 0xFC60, 0x8047, 0xF71D, 0xF09C, 0x8047, 0xF9E0, 0xFC60, 0x0000, 0xF7E0, 0x0000, 0x0000,
 0x0000, 0x0000, 0xF7E0, 0xFC60, 0xFC60, 0xF9E0, 0x8047, 0x8047, 0x8047, 0x8047, 0xF9E0, 0xFC60, 0xFC60, 0xF7E0, 0x0000, 0x0000,
 0x0000, 0x0000, 0xFC60, 0xFC60, 0xFC60, 0xFC60, 0xFC60, 0xFC60, 0xFC60, 0xFC60, 0xFC60, 0xFC60, 0xFC60, 0xFC60, 0x0000, 0x0000,
 0x0000, 0x0000, 0x0000, 0x0000, 0x0000, 0x0000, 0x0000, 0x0000, 0x0000, 0x0000, 0x0000, 0x0000, 0x0000, 0x0000, 0x0000, 0x0000,
 0x0000, 0x0000, 0x0000, 0x0000, 0x0000, 0xF7E0, 0xF7E0, 0xF7E0, 0xF7E0, 0xF7E0, 0xF7E0, 0x0000, 0x0000, 0x0000, 0x0000, 0x0000,
 0x0000, 0x0000, 0x0000, 0x0000, 0xF9E0, 0xF9E0, 0xF9E0, 0xF9E0, 0xF9E0, 0xF9E0, 0xF9E0, 0xF9E0, 0x0000, 0x0000, 0x0000, 0x0000,
 0x0000, 0x0000, 0x0000, 0x0000, 0xF9E0, 0xF9E0, 0xF9E0, 0xF9E0, 0x07DF, 0xF9E0, 0x07DF, 0xF9E0, 0x0000, 0x0000, 0x0000, 0x0000,
 0x0000, 0x0000, 0x0000, 0x0000, 0xF9E0, 0xF9E0, 0xF9E0, 0xF9E0, 0xF9E0, 0xF9E0, 0xF9E0, 0xF9E0, 0x0000, 0x0000, 0x0000, 0x0000,
 0x0000, 0x0000, 0x0000, 0x0000, 0x0000, 0xF7E0, 0xF7E0, 0xF7E0, 0xF7E0, 0xF7E0, 0xF7E0, 0x0000, 0x0000, 0x0000, 0x0000, 0x0000,
 0x0000, 0x0000, 0x0000, 0x0000, 0xF7E0, 0x0000, 0xF7E0, 0xF7E0, 0xF7E0, 0xF7E0, 0x0000, 0xF7E0, 0x0000, 0x0000, 0x0000, 0x0000,
 0x0000, 0x0000, 0x0000, 0x0000, 0x0000, 0x0000, 0x0000, 0x0000, 0x0000, 0x0000, 0x0000, 0x0000, 0x0000, 0x0000, 0x0000, 0x0000,
 0x0000, 0x0000, 0x0000, 0x0000, 0x0000, 0x0000, 0x0000, 0x0000, 0x0000, 0x0000, 0x0000, 0x0000, 0x0000, 0x0000, 0x0000, 0x0000,


};

const unsigned short platform_sprite[] = {
 0x19C8, 0x19C8, 0x19C8, 0x19C8, 0x19C8, 0x19C8, 0x19C8, 0x19C8, 0x19C8, 0x19C8, 0x19C8, 0x19C8, 0x19C8, 0x19C8, 0x19C8, 0x19C8,
 0x19C8, 0x19C8, 0x19C8, 0x19C8, 0x19C8, 0x19C8, 0x19C8, 0x19C8, 0x19C8, 0x19C8, 0x19C8, 0x19C8, 0x19C8, 0x19C8, 0x19C8, 0x19C8,
 0x19C8, 0x19C8, 0x19C8, 0x19C8, 0x19C8, 0x19C8, 0x19C8, 0x19C8, 0x19C8, 0x19C8, 0x19C8, 0x19C8, 0x19C8, 0x19C8, 0x19C8, 0x19C8,
 0x19C8, 0x19C8, 0x19C8, 0x19C8, 0x19C8, 0x19C8, 0x19C8, 0x19C8, 0x19C8, 0x19C8, 0x19C8, 0x19C8, 0x19C8, 0x19C8, 0x19C8, 0x19C8,
 0x19C8, 0x19C8, 0x19C8, 0x19C8, 0x19C8, 0x19C8, 0x19C8, 0x19C8, 0x19C8, 0x19C8, 0x19C8, 0x19C8, 0x19C8, 0x19C8, 0x19C8, 0x19C8,
 0x19C8, 0x19C8, 0x19C8, 0x19C8, 0x19C8, 0x19C8, 0x19C8, 0x19C8, 0x19C8, 0x19C8, 0x19C8, 0x19C8, 0x19C8, 0x19C8, 0x19C8, 0x19C8,
 0x19C8, 0x19C8, 0x19C8, 0x19C8, 0x19C8, 0x19C8, 0x19C8, 0x19C8, 0x19C8, 0x19C8, 0x19C8, 0x19C8, 0x19C8, 0x19C8, 0x19C8, 0x19C8,
 0x19C8, 0x19C8, 0x19C8, 0x19C8, 0x19C8, 0x19C8, 0x19C8, 0x19C8, 0x19C8, 0x19C8, 0x19C8, 0x19C8, 0x19C8, 0x19C8, 0x0DC1, 0x0DC1,
 0x0DC1, 0x19C8, 0x19C8, 0x19C8, 0x19C8, 0x19C8, 0x19C8, 0x19C8, 0x19C8, 0x19C8, 0x19C8, 0x19C8, 0x19C8, 0x0DC1, 0x0DC1, 0x0DC1,
 0x0DC1, 0x0DC1, 0x19C8, 0x19C8, 0x19C8, 0x19C8, 0x19C8, 0x19C8, 0x19C8, 0x19C8, 0x0DC1, 0x0DC1, 0x0DC1, 0x0DC1, 0x19C8, 0x19C8,
 0x19C8, 0x19C8, 0x19C8, 0x19C8, 0x19C8, 0x19C8, 0x19C8, 0x19C8, 0x0DC1, 0x0DC1, 0x0DC1, 0x0DC1, 0x0DC1, 0x0DC1, 0x0DC1, 0x0DC1,
 0x19C8, 0x19C8, 0x19C8, 0x19C8, 0x0DC1, 0x0DC1, 0x0DC1, 0x0DC1, 0x0DC1, 0x0DC1, 0x0DC1, 0x0DC1, 0x0DC1, 0x0DC1, 0x0DC1, 0x0DC1,
 0x0DC1, 0x0DC1, 0x0DC1, 0x0DC1, 0x0DC1, 0x0DC1, 0x0DC1, 0x0DC1, 0x0DC1, 0x0DC1, 0x0DC1, 0x0DC1, 0x0DC1, 0x0DC1, 0x0DC1, 0x0DC1,
 0x0DC1, 0x0DC1, 0x0DC1, 0x0DC1, 0x0DC1, 0x0DC1, 0x0DC1, 0x0DC1, 0x0DC1, 0x0DC1, 0x0DC1, 0x0DC1, 0x0DC1, 0x0DC1, 0x0DC1, 0x0DC1,
 0x0DC1, 0x0DC1, 0x0DC1, 0x0DC1, 0x0DC1, 0x0DC1, 0x0DC1, 0x0DC1, 0x0DC1, 0x0DC1, 0x0DC1, 0x0DC1, 0x0DC1, 0x0DC1, 0x0DC1, 0x0DC1,
 0x0FA1, 0x0FA1, 0x0FA1, 0x0FA1, 0x0FA1, 0x0FA1, 0x0FA1, 0x0FA1, 0x0FA1, 0x0FA1, 0x0FA1, 0x0FA1, 0x0FA1, 0x0FA1, 0x0FA1, 0x0FA1,
 0x0FA1, 0x0FA1, 0x0FA1, 0x0FA1, 0x0FA1, 0x0FA1, 0x0FA1, 0x0FA1, 0x0FA1, 0x0FA1, 0x0FA1, 0x0FA1, 0x0FA1, 0x0FA1, 0x0FA1, 0x0FA1,
 0x0FA1, 0x0FA1, 0x0FA1, 0x0FA1, 0x0FA1, 0x0FA1, 0x0FA1, 0x0FA1, 0x0FA1, 0x0FA1, 0x0FA1, 0x0FA1, 0x0FA1, 0x0FA1, 0x0FA1, 0x0FA1,
 0x0FA1, 0x0FA1, 0x0FA1, 0x0FA1, 0x0FA1, 0x0FA1, 0x0FA1, 0x0FA1, 0x0FA1, 0x0FA1, 0x0FA1, 0x0FA1,
};

const unsigned short berry_sprite[] = {
 0x0000, 0x0000, 0xE84F, 0xE84F, 0xE84F, 0xE84F, 0xE84F, 0x0000, 0x0000, 0x0000, 0xE84F, 0xE84F, 0xFA14, 0xFA14, 0xFA14, 0xE84F,
 0xE84F, 0x0000, 0xE84F, 0xE84F, 0xFA14, 0xFA14, 0xFA14, 0xFA14, 0xFA14, 0xE84F, 0xE84F, 0xE84F, 0xFA14, 0xFBB7, 0xFBB7, 0xFBB7,
 0xFA14, 0xFA14, 0xFA14, 0xE84F, 0xE84F, 0xFBB7, 0xFBB7, 0xFBB7, 0xFBB7, 0xFBB7, 0xFA14, 0xFA14, 0xE84F, 0xE84F, 0xFBB7, 0xFEBC,
 0xFEBC, 0xFBB7, 0xFBB7, 0xFA14, 0xFA14, 0xE84F, 0xE84F, 0xE84F, 0xFBB7, 0xFEBC, 0xFBB7, 0xFBB7, 0xFA14, 0xE84F, 0xE84F, 0x0000,
 0xE84F, 0xE84F, 0xFBB7, 0xFBB7, 0xFA14, 0xE84F, 0xE84F, 0x0000, 0x0000, 0x0000, 0xE84F, 0xE84F, 0xE84F, 0xE84F, 0xE84F, 0x0000,
 0x0000,

};

const unsigned short box_sprite[] = {
 0xF71D, 0xF71D, 0xF71D, 0xF71D, 0xF71D, 0xF71D, 0xF71D, 0xF71D, 0xF71D, 0xF71D, 0xF09C, 0xF09C, 0xFA14, 0xFA14, 0xFA14, 0xF09C,
 0xF09C, 0xF71D, 0xF71D, 0xF09C, 0x0000, 0x0000, 0x0000, 0x0000, 0x0000, 0xF09C, 0xF71D, 0xF71D, 0xFA14, 0x0000, 0x0000, 0x0000,
 0x0000, 0x0000, 0xFA14, 0xF71D, 0xF71D, 0xFBB7, 0x0000, 0x0000, 0x0000, 0x0000, 0x0000, 0xFA14, 0xF71D, 0xF71D, 0xFBB7, 0x0000,
 0x0000, 0x0000, 0x0000, 0x0000, 0xFA14, 0xF71D, 0xF71D, 0xF09C, 0x0000, 0x0000, 0x0000, 0x0000, 0x0000, 0xF09C, 0xF71D, 0xF71D,
 0xF09C, 0xF09C, 0xFBB7, 0xFBB7, 0xFA14, 0xF09C, 0xF09C, 0xF71D, 0xF71D, 0xF71D, 0xF71D, 0xF71D, 0xF71D, 0xF71D, 0xF71D, 0xF71D,
 0xF71D,

};

const unsigned short start_screen[] = {
 0xF7FF, 0x9F5C, 0xCF9E, 0xF7FF, 0xFFFF, 0xFFFF, 0xFFFF, 0xFFFF, 0xFFFF, 0xFFFF, 0xFFFF, 0xFFFF, 0xFFFF, 0xBF7D, 0xA73C, 0xEFDF,
 0xF7FF, 0xF7FF, 0xF7FF, 0xF7FF, 0x871B, 0xCFBE, 0xFFFF, 0xFFFF, 0xFFFF, 0xFFFF, 0xFFFF, 0xFFFF, 0xFFFF, 0xFFFF, 0xFFFF, 0xF7FF,
 0xB77D, 0xB75D, 0xF7FF, 0xF7FF, 0xF7FF, 0xF7FF, 0xF7FF, 0x871B, 0xE7DF, 0xFFFF, 0xFFFF, 0xFFFF, 0xFFFF, 0xFFFF, 0xFFFF, 0xFFFF,
 0xFFFF, 0xFFFF, 0xF7FF, 0x9F3C, 0xBF7D, 0xF7FF, 0xF7FF, 0xF7FF, 0xF7FF, 0xEFFF, 0x86DA, 0xEFFF, 0xFFFF, 0xFFFF, 0xFFFF, 0xFFFF,
 0xFFFF, 0xFFFF, 0xFFFF, 0xFFFF, 0xFFFF, 0xF7FF, 0xBF7D, 0xAF5C, 0xF7DF, 0xF7DF, 0xF7FF, 0xF7FF, 0xF7DF, 0x86FA, 0xDFDF, 0xF7DF,
 0xFFFF, 0xFFFF, 0xFFFF, 0xFFFF, 0xFFFF, 0xFFFF, 0xFFFF, 0xFFFF, 0xF7FF, 0xA75C, 0xB77C, 0xF7FF, 0xF7FF, 0xF7FF, 0xF7FF, 0xEFDF,
 0x86FA, 0xDFFF, 0xFFDF, 0xFFFF, 0xFFFF, 0xFFFF, 0xFFFF, 0xFFFF, 0xFFFF, 0xFFFF, 0xFFFF, 0xF7FF, 0x9F3B, 0xCF9E, 0xF7FF, 0xF7FF,
 0xF7FF, 0xF7FF, 0xEFDF, 0x86FA, 0xEFFF, 0xFFDF, 0xFFFF, 0xFFFF, 0xFFFF, 0xFFFF, 0xFFFF, 0xFFFF, 0xFFFF, 0xFFFF, 0xF7DF, 0xA75C,
 0x5EFA, 0xBF7D, 0xEFFF, 0xFFFF, 0xFFFF, 0xFFFF, 0xFFFF, 0xFFFF, 0xFFFF, 0xFFFF, 0xFFFF, 0xFFFF, 0xFFFF, 0xF7DF, 0xBF7D, 0x66FB,
 0x5EFA, 0x5EFA, 0x56FA, 0x5EFA, 0xCFBE, 0xF7DF, 0xFFFF, 0xFFFF, 0xFFFF, 0xFFFF, 0xFFFF, 0xFFFF, 0xFFFF, 0xFFFF, 0xFFFF, 0xFFFF,
 0xF7DF, 0xA75D, 0x5EFB, 0x5EFB, 0x56FB, 0x56FB, 0x66FB, 0xCFBE, 0xF7FF, 0xFFFF, 0xFFFF, 0xFFFF, 0xFFFF, 0xFFFF, 0xFFFF, 0xFFFF,
 0xFFFF, 0xFFFF, 0xFFFF, 0xEFDF, 0x9F5C, 0x5EFA, 0x5EDB, 0x5EFB, 0x56FB, 0x6EDA, 0xE7DF, 0xF7FF, 0xFFFF, 0xFFFF, 0xFFFF, 0xFFFF,
 0xFFFF, 0xFFFF, 0xFFFF, 0xFFFF, 0xFFFF, 0xFFFF, 0xF7DF, 0x8451, 0x5C92, 0x56FA, 0x56FB, 0x56FB, 0x5F1B, 0xCFBE, 0xFFFF, 0xFFFF,
 0xFFFF, 0xFFFF, 0xFFFF, 0xFFFF, 0xFFFF, 0xFFFF, 0xFFFF, 0xFFFF, 0xFFFF, 0xEFDF, 0xA75C, 0x56FB, 0x5EFB, 0x5EFB, 0x56FA, 0x6EFB,
 0xDFBF, 0xFFDF, 0xFFFF, 0xFFFF, 0xFFFF, 0xFFFF, 0xFFFF, 0xFFFF, 0xFFFF, 0xFFFF, 0xFFFF, 0xFFFF, 0xEFDF, 0x873B, 0x5EFA, 0x5EFA,
 0x5EFA, 0x5EFA, 0x6EFB, 0xDFDF, 0xFFFF, 0xFFFF, 0xFFFF, 0xFFFF, 0xFFFF, 0xFFFF, 0xFFFF, 0xFFFF, 0xFFFF, 0xFFFF, 0xFFFF, 0xEFDF,
 0xF7FF, 0xAF5C, 0xBF9D, 0xF7DF, 0xFFFF, 0xFFFF, 0xFFFF, 0xFFFF, 0xFFFF, 0xFFFF, 0xFFFF, 0xFFFF, 0xFFDF, 0xB77D, 0xA75C, 0xF7FF,
 0xFFFF, 0xFFFF, 0xFFFF, 0xF7FF, 0x9F3B, 0xC79D, 0xF7FF, 0xFFFF, 0xFFFF, 0xFFFF, 0xFFFF, 0xFFFF, 0xFFFF, 0xFFFF, 0xFFFF, 0xF7DF,
 0xAF7D, 0xBF9D, 0xFFFF, 0xFFFF, 0xFFFF, 0xFFFF, 0xF7FF, 0x971B, 0xCFBE, 0xFFFF, 0xFFFF, 0xFFFF, 0xFFFF, 0xFFFF, 0xFFFF, 0xFFFF,
 0xFFFF, 0xFFFF, 0xF7DF, 0x9F5C, 0xBF9D, 0xFFFF, 0xFFFF, 0xFFFF, 0xFFFF, 0xF7FF, 0x8F1B, 0xDFBE, 0xF7FF, 0xFFFF, 0xFFFF, 0xFFFF,
 0xFFFF, 0xFFFF, 0xFFFF, 0xFFFF, 0xFFFF, 0xF7DF, 0xB77C, 0x53CE, 0xA534, 0xFFFF, 0xFFFF, 0xFFFF, 0xFFDF, 0x971C, 0xCFBE, 0xF7FF,
 0xFFFF, 0xFFFF, 0xFFFF, 0xFFFF, 0xFFFF, 0xFFFF, 0xFFFF, 0xFFFF, 0xEFDF, 0xA73C, 0xBF9D, 0xFFFF, 0xFFFF, 0xFFFF, 0xFFFF, 0xF7FF,
 0x8F1B, 0xCFBE, 0xFFFF, 0xFFFF, 0xFFFF, 0xFFFF, 0xFFFF, 0xFFFF, 0xFFFF, 0xFFFF, 0xFFFF, 0xEFDF, 0x9F3C, 0xD7BE, 0xFFFF, 0xFFFF,
 0xFFFF, 0xFFFF, 0xEFFF, 0x8EFB, 0xDFBE, 0xFFFF, 0xFFFF, 0xFFFF, 0xFFFF, 0xFFFF, 0xFFFF, 0xFFFF, 0xFFFF, 0xFFFF, 0xEFDF, 0xA75C,
 0xFFFF, 0xFFFF, 0x9F3C, 0xBF7D, 0xF7FF, 0xFFFF, 0xFFFF, 0xFFFF, 0xFFFF, 0xFFFF, 0xFFFF, 0xF7FF, 0xC79D, 0xA75C, 0xFFFF, 0xFFFF,
 0xFFFF, 0xFFFF, 0xFFFF, 0xFFFF, 0xF7FF, 0x9F3C, 0xD7BE, 0xF7FF, 0xFFFF, 0xFFFF, 0xFFFF, 0xFFFF, 0xFFFF, 0xFFFF, 0xF7DF, 0xBF9D,
 0xAF7C, 0xFFFF, 0xFFFF, 0xFFFF, 0xFFFF, 0xFFFF, 0xFFFF, 0xF7FF, 0x8EFB, 0xDFDE, 0xF7FF, 0xFFFF, 0xFFFF, 0xFFFF, 0xFFFF, 0xFFFF,
 0xFFFF, 0xF7DF, 0xAF5C, 0xC79D, 0xFFFF, 0xFFFF, 0xFFFF, 0xFFFF, 0xFFFF, 0xFFFF, 0xE7FF, 0x86FB, 0xCF9E, 0xF7FF, 0xFFFF, 0xFFFF,
 0xFFFF, 0xFFFF, 0xFFFF, 0xFFFF, 0xF7DF, 0xC77D, 0xA75C, 0x8C51, 0xAD55, 0xFFFF, 0xFFFF, 0xFFFF, 0xFFFF, 0xF7FF, 0x8EFA, 0xDFBE,
 0xFFFF, 0xFFDF, 0xFFFF, 0xFFFF, 0xFFFF, 0xFFFF, 0xFFFF, 0xEFDF, 0xAF7C, 0xC79D, 0xFFDF, 0xFFFF, 0xFFFF, 0xFFFF, 0xFFFF, 0xFFFF,
 0xEFFF, 0x8EFA, 0xDFDF, 0xFFFF, 0xFFFF, 0xFFFF, 0xFFFF, 0xFFFF, 0xFFFF, 0xFFFF, 0xEFDF, 0xAF5C, 0xC79E, 0xFFFF, 0xFFFF, 0xFFFF,
 0xFFFF, 0xFFFF, 0xFFFF, 0xE7FF, 0x8EFA, 0xE7DF, 0xF7FF, 0xFFFF, 0xFFFF, 0xFFFF, 0xFFFF, 0xFFFF, 0xFFFF, 0xF7DF, 0xAF5C, 0xC79D,
 0xFFFF, 0xFFFF, 0xFFFF, 0xA75D, 0xBF9D, 0xF7FF, 0xFFFF, 0xFFFF, 0xFFFF, 0xFFFF, 0xFFFF, 0xC79D, 0xA75C, 0xFFFF, 0xFFFF, 0xFFFF,
 0xFFFF, 0xFFFF, 0xFFFF, 0xFFFF, 0xFFFF, 0xF7FF, 0x973C, 0xCFBE, 0xF7FF, 0xFFFF, 0xFFFF, 0xFFFF, 0xFFFF, 0xF7DF, 0xAF7D, 0xAF7C,
 0xFFFF, 0xFFFF, 0xFFFF, 0xFFFF, 0xFFFF, 0xFFFF, 0xFFFF, 0xFFFF, 0xF7FF, 0x8F1B, 0xD7BE, 0xFFFF, 0xFFFF, 0xFFFF, 0xFFFF, 0xFFFF,
 0xEFDF, 0xAF7D, 0xC79D, 0xFFFF, 0xFFFF, 0xFFFF, 0xFFFF, 0xFFFF, 0xFFFF, 0xFFFF, 0xFFFF, 0xF7FF, 0x9F3C, 0xCF9E, 0xF7DF, 0xFFFF,
 0xFFFF, 0xFFFF, 0xFFFF, 0xF7FF, 0xA6FB, 0x8658, 0xE75D, 0x73AE, 0xAD55, 0xFFFF, 0xFFFF, 0xFFFF, 0xFFFF, 0xFFFF, 0xF7DF, 0x971B,
 0xCF9E, 0xFFDF, 0xFFFF, 0xFFFF, 0xFFFF, 0xFFFF, 0xF7FF, 0xB75D, 0xBF7D, 0xFFFF, 0xFFFF, 0xFFFF, 0xFFFF, 0xFFFF, 0xFFFF, 0xFFFF,
 0xFFFF, 0xF7DF, 0x971B, 0xD7BE, 0xFFDF, 0xFFFF, 0xFFFF, 0xFFFF, 0xFFFF, 0xE7DF, 0xA75C, 0xBF9D, 0xFFDF, 0xFFFF, 0xFFFF, 0xFFFF,
 0xFFFF, 0xFFFF, 0xFFFF, 0xFFFF, 0xE7DF, 0x9F3B, 0xDFBE, 0xFFFF, 0xFFFF, 0xFFFF, 0xFFFF, 0xFFFF, 0xDFBE, 0x9F5C, 0xBF7D, 0xFFDF,
 0xFFFF, 0xFFFF, 0xFFFF, 0xFFFF, 0xA75C, 0xB79D, 0xC79D, 0xC79D, 0xC79E, 0xC77E, 0xB77D, 0xAF5C, 0xFFFF, 0xFFFF, 0xFFFF, 0xFFFF,
 0xFFFF, 0xFFFF, 0xFFFF, 0xFFFF, 0xFFFF, 0xFFFF, 0xFFFF, 0xA73C, 0xB79D, 0xCF9E, 0xC79E, 0xC79E, 0xC79D, 0xB77D, 0xBF7D, 0xFFFF,
 0xFFFF, 0xFFFF, 0xFFFF, 0xFFFF, 0xFFFF, 0xFFFF, 0xFFFF, 0xFFFF, 0xFFFF, 0xEFFF, 0x9F3C, 0xBF9D, 0xC79D, 0xC79D, 0xC79E, 0xC79E,
 0xAF7D, 0xC77D, 0xF7FF, 0xFFFF, 0xFFFF, 0xFFFF, 0xFFFF, 0xFFFF, 0xFFFF, 0xFFFF, 0xFFFF, 0xFFFF, 0xFFFF, 0x9F3C, 0xBF7D, 0xCF9E,
 0xC79E, 0xC79E, 0xC77E, 0xB77D, 0x8DF6, 0x8C30, 0x9CD3, 0x31A6, 0xAD55, 0xFFFF, 0xFFFF, 0xFFFF, 0xFFFF, 0xFFFF, 0xFFFF, 0xEFFF,
 0x9F3C, 0xC77E, 0xC79E, 0xC79E, 0xC79E, 0xCF7E, 0xB77D, 0xB77D, 0xFFDF, 0xFFFF, 0xFFFF, 0xFFFF, 0xFFFF, 0xFFFF, 0xFFFF, 0xFFFF,
 0xFFFF, 0xFFFF, 0xF7FF, 0x973C, 0xBF7D, 0xC79E, 0xC79E, 0xC79E, 0xC77E, 0xA75C, 0xCF9E, 0xFFFF, 0xFFFF, 0xFFFF, 0xFFFF, 0xFFFF,
 0xFFFF, 0xFFFF, 0xFFFF, 0xFFFF, 0xFFFF, 0xDFBE, 0x975C, 0xC79D, 0xC79E, 0xC79E, 0xC79E, 0xC77D, 0x9F5C, 0xCFBE, 0xFFFF, 0xFFFF,
 0xFFFF, 0xFFFF, 0xFFFF, 0xFFFF, 0xC77E, 0x9F5C, 0x975C, 0x975D, 0x975C, 0x975C, 0x9F5C, 0xBF9D, 0xFFFF, 0xFFFF, 0xFFFF, 0xFFFF,
 0xFFFF, 0xFFFF, 0xFFFF, 0xFFFF, 0xFFFF, 0xFFFF, 0xFFFF, 0xB77D, 0x9F5C, 0x975C, 0x9F5C, 0x9F5C, 0x975C, 0xA75C, 0xCF9E, 0xFFFF,
 0xFFFF, 0xFFFF, 0xFFFF, 0xFFFF, 0xFFFF, 0xFFFF, 0xFFFF, 0xFFFF, 0xFFFF, 0xF7FF, 0xB77D, 0x975C, 0x975C, 0x9F5D, 0x9F5D, 0x9F5D,
 0xA75D, 0xCF9E, 0xFFFF, 0xFFFF, 0xFFFF, 0xFFFF, 0xFFFF, 0xFFFF, 0xFFFF, 0xFFFF, 0xFFFF, 0xFFFF, 0xFFFF, 0xB77D, 0x9F5C, 0x9F5C,
 0x975C, 0x975C, 0x975D, 0x9F5D, 0xAE9A, 0x9CD3, 0xBD96, 0x8C51, 0xAD55, 0xFFFF, 0xFFFF, 0xFFFF, 0xFFFF, 0xFFFF, 0xFFFF, 0xF7FF,
 0xB77D, 0x9F5C, 0x975C, 0x975C, 0x975C, 0x9F5C, 0x9F5C, 0xCF9D, 0xFFFF, 0xFFFF, 0xFFFF, 0xFFFF, 0xFFFF, 0xFFFF, 0xFFFF, 0xFFFF,
 0xFFFF, 0xFFFF, 0xF7FF, 0xAF7D, 0x9F5C, 0x975C, 0x975C, 0x975C, 0x975C, 0xA75C, 0xDFBE, 0xFFFF, 0xFFFF, 0xFFFF, 0xFFFF, 0xFFFF,
 0xFFFF, 0xFFFF, 0xFFFF, 0xFFFF, 0xFFFF, 0xEFDF, 0xB75D, 0x9F5C, 0x9F5D, 0x975C, 0x975C, 0x975C, 0xAF7C, 0xDFBE, 0xFFFF, 0xFFFF,
 0xFFFF, 0xFFFF, 0xFFFF, 0xD7BE, 0xA75C, 0xEFDF, 0xFFFF, 0xFFFF, 0xFFFF, 0xFFFF, 0xEFDF, 0xA73C, 0xCFBE, 0xF7DF, 0xFFFF, 0xFFFF,
 0xFFFF, 0xFFFF, 0xFFFF, 0xFFFF, 0xFFFF, 0xFFDF, 0xC79D, 0xA73C, 0xEFDF, 0xFFFF, 0xFFFF, 0xFFFF, 0xFFFF, 0xD7BE, 0xAF5C, 0xCF9E,
 0xFFDF, 0xFFFF, 0xFFFF, 0xFFFF, 0xFFFF, 0xFFFF, 0xFFFF, 0xFFFF, 0xF7DF, 0xBF9D, 0xA73C, 0xF7DF, 0xFFFF, 0xFFFF, 0xFFFF, 0xFFFF,
 0xDFBE, 0xAF5C, 0xD7BE, 0xFFFF, 0xFFFF, 0xFFFF, 0xFFFF, 0xFFFF, 0xFFFF, 0xFFFF, 0xFFFF, 0xFFFF, 0xCF7D, 0x9F5C, 0xE7DF, 0xFFFF,
 0xFFFF, 0xFFFF, 0xFFFF, 0xDFBE, 0x85F6, 0x6CB2, 0xFFFF, 0x8C51, 0x736E, 0xDEDB, 0xFFFF, 0xFFFF, 0xFFFF, 0xFFFF, 0xF7DF, 0xC79D,
 0x9F3C, 0xF7FF, 0xFFFF, 0xFFFF, 0xFFFF, 0xF7FF, 0xDFBE, 0xAF5C, 0xD7BE, 0xFFFF, 0xFFFF, 0xFFFF, 0xFFFF, 0xFFFF, 0xFFFF, 0xFFFF,
 0xFFFF, 0xF7FF, 0xBF9D, 0xAF5C, 0xF7DF, 0xFFFF, 0xFFFF, 0xFFFF, 0xFFFF, 0xCF7D, 0xAF5C, 0xDFBE, 0xFFFF, 0xFFFF, 0xFFFF, 0xFFFF,
 0xFFFF, 0xFFFF, 0xFFFF, 0xFFFF, 0xEFDF, 0xB77D, 0xB75D, 0xFFFF, 0xFFFF, 0xFFFF, 0xFFFF, 0xFFFF, 0xBF7D, 0xB77D, 0xD7BE, 0xFFFF,
 0xFFFF, 0xFFFF, 0xBF9D, 0xAF5D, 0xEFDE, 0xFFFF, 0xFFFF, 0xFFFF, 0xFFFF, 0xFFFF, 0xFFFF, 0xE7DF, 0xB75D, 0xC79E, 0xFFFF, 0xFFFF,
 0xFFFF, 0xFFFF, 0xFFFF, 0xFFFF, 0xFFFF, 0xBF7D, 0xAF5D, 0xF7FF, 0xFFFF, 0xFFFF, 0xFFFF, 0xFFFF, 0xFFFF, 0xFFFF, 0xDFBE, 0xB75D,
 0xC79E, 0xFFFF, 0xFFFF, 0xFFFF, 0xFFFF, 0xFFFF, 0xFFFF, 0xFFFF, 0xAF5D, 0xB77D, 0xF7FF, 0xFFFF, 0xFFFF, 0xFFFF, 0xFFFF, 0xFFFF,
 0xFFFF, 0xD7BE, 0xAF7D, 0xDFBE, 0xFFFF, 0xFFFF, 0xFFFF, 0xFFFF, 0xFFFF, 0xFFFF, 0xEFFF, 0xB77D, 0xAF5C, 0xF7FF, 0xFFFF, 0xFFFF,
 0xFFFF, 0xFFFF, 0xFFFF, 0xFFFF, 0xDFBE, 0xAF5C, 0xCF9E, 0x8C51, 0x5AEB, 0xD67A, 0xFFFF, 0xFFFF, 0xFFFF, 0xFFFF, 0xB77D, 0xB77D,
 0xF7FF, 0xFFFF, 0xFFFF, 0xFFFF, 0xFFFF, 0xFFFF, 0xFFFF, 0xDFBE, 0xAF7C, 0xD79E, 0xFFFF, 0xFFFF, 0xFFFF, 0xFFFF, 0xFFFF, 0xFFFF,
 0xF7FF, 0xB75D, 0xB77C, 0xFFFF, 0xFFFF, 0xFFFF, 0xFFFF, 0xFFFF, 0xFFFF, 0xFFFF, 0xCFBE, 0xAF5C, 0xD79E, 0xFFDF, 0xFFFF, 0xFFFF,
 0xFFFF, 0xFFFF, 0xFFFF, 0xF7DF, 0xAF7D, 0xBF9D, 0xFFFF, 0xFFFF, 0xFFFF, 0xFFFF, 0xFFFF, 0xFFFF, 0xFFFF, 0xCF9D, 0xAF7C, 0xD7BE,
 0xFFFF, 0xC79D, 0xB77D, 0xE7BE, 0xFFFF, 0xFFFF, 0xFFFF, 0xFFFF, 0xFFFF, 0xFFFF, 0xFFFF, 0xFFFF, 0xEFBF, 0xB77C, 0xBF7D, 0xFFFF,
 0xFFFF, 0xFFFF, 0xFFFF, 0xFFFF, 0xB77D, 0xB77D, 0xEFDF, 0xFFFF, 0xFFFF, 0xFFFF, 0xFFFF, 0xFFFF, 0xFFFF, 0xFFFF, 0xFFFF, 0xE7BE,
 0xAF7D, 0xCF9E, 0xFFFF, 0xFFFF, 0xFFFF, 0xFFFF, 0xF7FF, 0xB77C, 0xBF7D, 0xF7DF, 0xFFFF, 0xFFFF, 0xFFFF, 0xFFFF, 0xFFFF, 0xFFFF,
 0xFFFF, 0xFFFF, 0xDFBE, 0xA75C, 0xD79E, 0xFFFF, 0xFFFF, 0xFFFF, 0xFFFF, 0xFFFF, 0xA73C, 0xBF7D, 0xEFDF, 0xFFFF, 0xFFFF, 0xFFFF,
 0xFFFF, 0xFFFF, 0xFFFF, 0xFFFF, 0xFFFF, 0xE7DE, 0xB75D, 0x5BEF, 0xA534, 0xFFFF, 0xFFFF, 0xFFFF, 0xFFDF, 0xB77D, 0xBF7D, 0xF7DF,
 0xFFFF, 0xFFFF, 0xFFFF, 0xFFFF, 0xFFFF, 0xFFFF, 0xFFFF, 0xF7FF, 0xDFBE, 0xA75C, 0xCF9E, 0xFFFF, 0xFFFF, 0xFFFF, 0xFFFF, 0xF7FF,
 0xAF3C, 0xBF7D, 0xF7DF, 0xFFFF, 0xFFFF, 0xFFFF, 0xFFFF, 0xFFFF, 0xFFFF, 0xFFFF, 0xFFFF, 0xD7BE, 0xA75C, 0xE7BE, 0xFFFF, 0xFFFF,
 0xFFFF, 0xFFFF, 0xF7DF, 0xAF3C, 0xC79D, 0xF7FF, 0xFFFF, 0xFFFF, 0xFFFF, 0xFFFF, 0xFFFF, 0xFFFF, 0xFFFF, 0xFFFF, 0xDFDE, 0xAF5C,
 0x9F7C, 0xAF5D, 0xDFDE, 0xFFFF, 0xFFFF, 0xFFFF, 0xFFFF, 0xFFFF, 0xFFFF, 0xFFFF, 0xFFFF, 0xFFFF, 0xFFFF, 0xDFBE, 0xA77D, 0x9F5C,
 0x9F5D, 0x9F5D, 0x9F5D, 0x9F5D, 0xB77D, 0xE7DF, 0xFFFF, 0xFFFF, 0xFFFF, 0xFFFF, 0xFFFF, 0xFFFF, 0xFFFF, 0xFFFF, 0xFFFF, 0xFFFF,
 0xDFBE, 0xA75D, 0x9F5D, 0x9F5D, 0x9F5D, 0x9F5D, 0x9F5D, 0xB77D, 0xF7FF, 0xFFFF, 0xFFFF, 0xFFFF, 0xFFFF, 0xFFFF, 0xFFFF, 0xFFFF,
 0xFFFF, 0xFFFF, 0xFFFF, 0xCF9E, 0xA77D, 0x9F5D, 0x9F5D, 0x9F5D, 0x9F5D, 0x9F5C, 0xB77D, 0xF7FF, 0xFFFF, 0xFFFF, 0xFFFF, 0xFFFF,
 0xFFFF, 0xFFFF, 0xFFFF, 0xFFFF, 0xD6BA, 0xAD34, 0xDFBE, 0x6C10, 0x7CD3, 0x9F5D, 0x9F5D, 0x9F5D, 0x9F7D, 0xA77D, 0xEFDF, 0xFFFF,
 0xFFFF, 0xFFFF, 0xFFFF, 0xFFFF, 0xFFFF, 0xFFFF, 0xFFFF, 0xFFFF, 0xFFFF, 0xD79E, 0xAF7D, 0x9F5D, 0x9F5D, 0x977D, 0x9F7D, 0x9F7C,
 0xB77D, 0xF7DF, 0xFFFF, 0xFFFF, 0xFFFF, 0xFFFF, 0xFFFF, 0xFFFF, 0xFFFF, 0xFFFF, 0xFFFF, 0xFFFF, 0xD79E, 0xA75D, 0x9F5D, 0x9F7D,
 0x9F7D, 0x975C, 0xA77D, 0xB77D, 0xF7FF, 0xFFFF, 0xFFFF, 0xFFFF, 0xFFFF, 0xFFFF, 0xFFFF, 0xFFFF, 0xFFFF, 0xFFFF, 0xFFDF, 0xD79E,
 0xBF9E, 0xA75C, 0xDFBE, 0xF7FF, 0xFFFF, 0xFFFF, 0xFFFF, 0xFFFF, 0xFFFF, 0xFFFF, 0xFFFF, 0xFFFF, 0xFFFF, 0xCF9E, 0xA75C, 0xBF9D,
 0xBF9D, 0xBF9D, 0xBF9D, 0xBF9E, 0x9F5C, 0xDFBE, 0xF7FF, 0xFFDF, 0x73AE, 0xFFFF, 0xFFFF, 0xFFFF, 0xFFFF, 0xFFFF, 0xFFFF, 0xFFFF,
 0xCF9D, 0xAF5D, 0xBF9E, 0xC79D, 0xC79D, 0xBF9D, 0xBF9E, 0x9F5C, 0xEFFF, 0xFFFF, 0xFFFF, 0xFFFF, 0xFFFF, 0xFFFF, 0xFFFF, 0xFFFF,
 0xFFFF, 0xFFFF, 0xFFFF, 0xB77D, 0xAF5C, 0xBF9D, 0xC79D, 0xC79E, 0xBF9E, 0xBF9D, 0x9F3C, 0xF7FF, 0xFFFF, 0xFFFF, 0xFFFF, 0xFFFF,
 0xFFFF, 0xFFFF, 0xFFFF, 0xFFFF, 0xB596, 0x5ACB, 0xD79D, 0x5BCF, 0x84F3, 0x6CF3, 0x9618, 0xBF7D, 0xBF9E, 0x9F1C, 0xE7DF, 0xFFFF,
 0xFFFF, 0xFFFF, 0xFFFF, 0xFFFF, 0xFFFF, 0xFFFF, 0xFFFF, 0xFFFF, 0xF7FF, 0xBF7D, 0xAF5C, 0xBF9D, 0xBF9E, 0xBF9E, 0xC79E, 0xBF9D,
 0x9F3C, 0xEFFF, 0xFFFF, 0xFFFF, 0xFFFF, 0xFFFF, 0xFFFF, 0xFFFF, 0xFFFF, 0xFFFF, 0xFFFF, 0xFFFF, 0xBF7D, 0xAF7D, 0xC79D, 0xC79D,
 0xBF9D, 0xC79D, 0xC77D, 0xA73C, 0xF7FF, 0xFFDF, 0xFFDF, 0xFFFF, 0xFFFF, 0xFFFF, 0xFFFF, 0xFFFF, 0xFFFF, 0xFFFF, 0xFFFF, 0xBF7D,
 0xFFFF, 0xE7DF, 0x9F3C, 0xD79E, 0xFFFF, 0xFFFF, 0xFFFF, 0xFFFF, 0xFFFF, 0xFFFF, 0xFFFF, 0xFFFF, 0xDFBE, 0x9F5C, 0xDFDE, 0xFFFF,
 0xFFFF, 0xFFFF, 0xFFFF, 0xFFFF, 0xDFBE, 0x9F3C, 0xE7DF, 0xFFDF, 0x2104, 0xFFFF, 0xFFFF, 0xFFFF, 0xFFFF, 0xFFFF, 0xFFFF, 0xD7BE,
 0x9F5C, 0xE7DF, 0xFFFF, 0xFFFF, 0xFFFF, 0xFFFF, 0xF7FF, 0xDFBE, 0x971B, 0xEFFF, 0xFFFF, 0xFFFF, 0xFFFF, 0xFFFF, 0xFFFF, 0xFFFF,
 0xFFFF, 0xFFFF, 0xBF9D, 0xAF7D, 0xE7DF, 0xFFFF, 0xFFFF, 0xFFFF, 0xFFFF, 0xF7FF, 0xCFBE, 0x971B, 0xE7BF, 0xFFFF, 0xFFFF, 0xFFFF,
 0xFFFF, 0xFFDF, 0xFFFF, 0xFFFF, 0xB596, 0x3A8A, 0xA77C, 0x7C30, 0x3186, 0xA4F4, 0xEF7D, 0xFFDF, 0xFFFF, 0xDFBF, 0x96FB, 0xF7DF,
 0xFFFF, 0xFFFF, 0xFFFF, 0xFFFF, 0xFFFF, 0xFFFF, 0xFFFF, 0xFFFF, 0xBF7D, 0x5430, 0xA596, 0xFFFF, 0xFFFF, 0xFFFF, 0xFFFF, 0xFFFF,
 0xCFBE, 0x971B, 0xF7FF, 0xFFFF, 0xFFFF, 0xFFFF, 0xFFFF, 0xFFFF, 0xFFFF, 0xFFFF, 0xFFDF, 0xB77D, 0x53CF, 0xCEBA, 0xFFFF, 0xFFFF,
 0xFFFF, 0xFFFF, 0xFFFF, 0xC79E, 0x9F1B, 0xCEBB, 0x73AF, 0xFFFF, 0xFFFF, 0xFFFF, 0xFFFF, 0xFFFF, 0xFFFF, 0xFFFF, 0xBF7D, 0xAF7D,
 0xFFFF, 0xFFFF, 0xDFBE, 0x9F5C, 0xDFBE, 0xFFFF, 0xFFFF, 0xFFFF, 0xFFFF, 0xFFFF, 0xFFFF, 0xDFDE, 0xA73C, 0xE7BE, 0xFFFF, 0xFFFF,
 0xFFFF, 0xFFFF, 0xFFFF, 0xFFFF, 0xFFFF, 0xDFBE, 0x9F3C, 0xEFFF, 0x2104, 0xFFFF, 0xFFFF, 0xFFFF, 0xFFFF, 0xFFFF, 0xCF9E, 0xA75C,
 0xE7BE, 0xFFFF, 0xFFFF, 0xFFFF, 0xFFFF, 0xFFFF, 0xFFFF, 0xFFFF, 0xDF9D, 0x632D, 0xFFDF, 0xFFFF, 0xFFFF, 0xFFFF, 0xFFFF, 0xFFFF,
 0xFFFF, 0xCF9E, 0x64D2, 0xADF7, 0xFFFF, 0xFFFF, 0xFFFF, 0xFFFF, 0xFFFF, 0xFFFF, 0xF7FF, 0xCF9E, 0x9F3C, 0xEFDF, 0xFFDF, 0xFFFF,
 0xFFFF, 0xE73C, 0x738E, 0xFFFF, 0xB596, 0x10E3, 0x84D3, 0x8C51, 0x8410, 0xE71C, 0xFFFF, 0xFFFF, 0xFFFF, 0xF7FF, 0xCF9E, 0x9F1B,
 0xEFDF, 0xFFDF, 0xFFFF, 0xFFFF, 0xFFFF, 0xFFFF, 0xFFFF, 0xCF9E, 0x64F3, 0x94D3, 0xE71C, 0xFFFF, 0xFFFF, 0xFFFF, 0xFFFF, 0xFFFF,
 0xF7FF, 0xD79E, 0xA71B, 0xF7FF, 0xFFDF, 0xFFFF, 0xFFFF, 0xFFFF, 0xFFFF, 0xFFFF, 0xB77D, 0x6492, 0x9D13, 0xEF5D, 0xFFFF, 0xFFFF,
 0xFFFF, 0xFFFF, 0xFFFF, 0xF7FF, 0xCF1C, 0x73CF, 0xCE7A, 0xFFFF, 0xFFFF, 0xFFFF, 0xFFFF, 0xFFFF, 0xF7FF, 0xB75C, 0xA75C, 0xEFDF,
 0xFFFF, 0xFFFF, 0xFFFF, 0xE7DF, 0x973B, 0xDFDF, 0xFFDF, 0xFFFF, 0xFFFF, 0xFFFF, 0xE7DF, 0x971B, 0xDFDF, 0xFFFF, 0xFFFF, 0xFFFF,
 0xFFFF, 0xFFFF, 0xFFFF, 0xFFFF, 0xFFFF, 0x738E, 0x2186, 0x8EFA, 0x10E3, 0xFFFF, 0xFFFF, 0xFFFF, 0xFFFF, 0xCFBE, 0x9F3C, 0xE7DF,
 0xFFFF, 0xFFFF, 0xFFFF, 0xFFFF, 0xFFFF, 0xFFFF, 0xFFFF, 0xFFFF, 0xFFFF, 0xDEDB, 0x526A, 0xFFDF, 0xFFFF, 0xFFFF, 0xFFFF, 0xFFFF,
 0xCFBE, 0xA75C, 0xDF5D, 0x8410, 0xB596, 0xFFFF, 0xFFFF, 0xFFFF, 0xFFFF, 0xFFFF, 0xFFFF, 0xFFFF, 0xDFDF, 0x8EFB, 0xE7DF, 0xFFFF,
 0xFFFF, 0xF7BE, 0xD69A, 0x5B4D, 0x6CF3, 0x4A6A, 0xA534, 0x2104, 0xAD55, 0xFFFF, 0xFFFF, 0xFFFF, 0xFFFF, 0xFFFF, 0xFFFF, 0xD7BE,
 0x86FB, 0xF7FF, 0xFFFF, 0xFFFF, 0xFFFF, 0xF7FF, 0xCFBE, 0x9F5C, 0x8451, 0xA554, 0xFFFF, 0xFFFF, 0xFFFF, 0xFFFF, 0xFFFF, 0xFFFF,
 0xFFFF, 0xFFFF, 0xD7BE, 0x971B, 0xF7FF, 0xFFFF, 0xFFFF, 0xFFFF, 0xF7FF, 0xB77D, 0xAF7D, 0x73CF, 0xB5B6, 0xFFDF, 0xFFDF, 0xFFFF,
 0xFFFF, 0xFFFF, 0xFFFF, 0xFFFF, 0xE73C, 0x3A49, 0xA73B, 0xF7FF, 0xFFFF, 0xFFFF, 0xFFFF, 0xFFDF, 0xA75C, 0xB79D, 0xEFDF, 0xFFFF,
 0xFFFF, 0xFFFF, 0xFFFF, 0xFFFF, 0xE7DF, 0x7F1B, 0x5EFA, 0x5EFB, 0x5EFB, 0x5EFB, 0x7EFB, 0xE7DF, 0xFFFF, 0xFFFF, 0xFFFF, 0xFFFF,
 0xFFFF, 0xFFFF, 0xFFFF, 0xFFDF, 0x5ACB, 0x1082, 0xDEFB, 0x2986, 0x0841, 0x76DB, 0x66FB, 0x5EFB, 0x5EDB, 0x971C, 0xE7FF, 0xFFFF,
 0xFFFF, 0xFFFF, 0xFFFF, 0xFFFF, 0xFFFF, 0xFFDF, 0xFFFF, 0xFFFF, 0xFFFF, 0x39C7, 0xD77D, 0x6EDA, 0x5EFB, 0x5EFB, 0x5EFB, 0x66DB,
 0x973C, 0xEFDF, 0x9CB2, 0xAD55, 0xF7BE, 0xFFFF, 0xFFDF, 0xFFFF, 0xFFFF, 0xFFFF, 0xFFFF, 0xFFFF, 0xFFFF, 0xE7DF, 0x7EFB, 0x5EFA,
 0x5EDB, 0x6DF7, 0x3228, 0x8EDA, 0xAD96, 0x5AEB, 0xF7BE, 0x8410, 0xA534, 0xFFDF, 0xFFFF, 0xFFFF, 0xFFFF, 0xFFFF, 0xFFFF, 0xFFFF,
 0xDFDF, 0x6EFA, 0x5EFA, 0x5EFB, 0x5EFB, 0x5EFB, 0x8F1C, 0xEFDF, 0x8C51, 0xA534, 0x8C51, 0xBDF7, 0xFFDF, 0xFFFF, 0xFFFF, 0xFFFF,
 0xFFFF, 0xFFFF, 0xFFFF, 0xCFBE, 0x66DA, 0x5EFB, 0x5EFB, 0x5EDB, 0x5EDA, 0xA75C, 0xF7DF, 0x7BCF, 0xB5B6, 0x5AEB, 0xE73C, 0xFFDF,
 0xFFFF, 0xFFFF, 0xFFFF, 0xFFDF, 0xE73C, 0x4A6A, 0xC6DB, 0x4B0C, 0x671B, 0x66DB, 0x5EFB, 0x5EFB, 0xBF9E, 0xF7DF, 0xFFFF, 0xFFFF,
 0xFFFF, 0xFFFF, 0xFFFF, 0xF7FF, 0x8F1B, 0xDFBE, 0xFFFF, 0xF7FF, 0xFFFF, 0xFFDF, 0xDFDF, 0x86FB, 0xEFFF, 0xFFFF, 0xFFFF, 0xFFFF,
 0xFFFF, 0xFFFF, 0xFFDF, 0xFFDF, 0xF7DF, 0x4A69, 0x10C3, 0x0861, 0xF77D, 0x2125, 0xF7FF, 0xF7FF, 0xF7FF, 0xC7BE, 0xA71C, 0xF7FF,
 0xFFFF, 0xFFFF, 0xFFFF, 0xFFFF, 0xFFFF, 0x4A49, 0xCE79, 0xFFDF, 0xFFFF, 0x10C3, 0x8699, 0xEFDF, 0xD6FB, 0x31E7, 0xCE79, 0x634D,
 0xC77D, 0xA73C, 0x8451, 0xAD55, 0xFFFF, 0xFFFF, 0x4A69, 0xCE59, 0xFFFF, 0xFFFF, 0xFFFF, 0xFFFF, 0xEFFF, 0x7EDA, 0xE7DF, 0xF7FF,
 0xF7FF, 0xDEDB, 0x3186, 0xC679, 0x0861, 0x5AEB, 0xFFDF, 0x8C51, 0x0861, 0xA514, 0xFFFF, 0xFFFF, 0xFFFF, 0xFFFF, 0xF7DF, 0xE7FF,
 0x86BA, 0xEFDF, 0xF7FF, 0xF7FF, 0xF7FF, 0xFFDF, 0xBE18, 0x7BCF, 0x8471, 0xA535, 0x7BEF, 0xBDD7, 0xFFDF, 0xFFFF, 0xFFFF, 0xFFFF,
 0xFFFF, 0xFFFF, 0xE7DF, 0x86FB, 0xEFFF, 0xF7FF, 0xF7FF, 0xFFFF, 0xFFDF, 0x8C71, 0xA535, 0x7BEF, 0xB5B6, 0x4A49, 0xE73C, 0xFFDF,
 0xFFFF, 0xFFFF, 0xFFDF, 0x2965, 0xE73C, 0x3228, 0x75D6, 0x5AEC, 0xF7DF, 0xF7FF, 0xF7FF, 0xF7DF, 0x971B, 0xBF9D, 0xFFFF, 0xFFFF,
 0xFFFF, 0xFFFF, 0xEFFF, 0x9F3C, 0xCFBE, 0xF7FF, 0xFFFF, 0xFFFF, 0xFFFF, 0xFFFF, 0xFFFF, 0xCFBE, 0x9F3C, 0xF7DF, 0xFFFF, 0xFFFF,
 0xFFFF, 0xFFFF, 0x7BF0, 0xC638, 0x4A8A, 0x0882, 0x7E37, 0x10C3, 0xF79E, 0x18E3, 0xFFDF, 0xFFFF, 0xFFFF, 0xF7DF, 0xBF9D, 0x9F3B,
 0xF7DF, 0xFFDF, 0xFFFF, 0xFFDF, 0xFFFF, 0x39E7, 0xCE79, 0x4208, 0xF7BE, 0x1904, 0xEFBE, 0x31A7, 0xDEFB, 0x31A6, 0xCE79, 0x632C,
 0xBDF7, 0x438D, 0x4BAE, 0xA554, 0x840F, 0xBDD7, 0x4228, 0xC638, 0xFFFF, 0xFFDF, 0xF7FF, 0xF7DF, 0x86FA, 0xDFDE, 0xF7DF, 0xFFDF,
 0xFFFF, 0xDEFB, 0x3186, 0xCE59, 0x0000, 0x0841, 0x8410, 0x8C51, 0x0020, 0x9CF3, 0xFFDF, 0xFFFF, 0xF7DF, 0xFFDF, 0xEFFF, 0x86DA,
 0xDFDE, 0xF7DF, 0xFFDF, 0xFFFF, 0xFFFF, 0xFFFF, 0xBDF7, 0x432C, 0x4BCE, 0xA534, 0x7BCF, 0xB5B6, 0xFFDF, 0xFFFF, 0xFFFF, 0xFFDF,
 0xFFDF, 0xEFFF, 0x8EFA, 0xE7DF, 0xF7DF, 0xF7DF, 0xFFFF, 0xFFFF, 0xFFFF, 0x8C51, 0x5C71, 0x436C, 0xB5B6, 0x4A49, 0xE73C, 0xFFDF,
 0xFFFF, 0xFFFF, 0xFFDF, 0x2104, 0xE71C, 0x4A69, 0xCE9A, 0x5AEB, 0xFFDF, 0xFFFF, 0xFFFF, 0xFFDF, 0xEFDF, 0x973C, 0xAF7C, 0xFFDF,
 0xFFFF, 0xF7FF, 0x971B, 0xC79E, 0xFFFF, 0xFFFF, 0xFFFF, 0xFFFF, 0xFFFF, 0xFFFF, 0xFFFF, 0xFFFF, 0xCFBE, 0x9F5C, 0xF7FF, 0xFFFF,
 0xFFFF, 0xFFDF, 0x738E, 0xBDF7, 0x4208, 0x6574, 0x1945, 0x0020, 0x0020, 0x0020, 0x2945, 0xF7BE, 0xDEDB, 0x4A69, 0xF79E, 0xAD96,
 0x0020, 0x9471, 0x6B4D, 0xA514, 0xF7BE, 0x39E7, 0xCE59, 0x31A6, 0x0020, 0x0020, 0x0820, 0x2925, 0xD6BA, 0x31A6, 0xC618, 0x39A7,
 0x738E, 0x0020, 0x0020, 0x0020, 0x0020, 0xB596, 0x4228, 0xC618, 0xF7BE, 0x2104, 0xDFBE, 0x76D9, 0x1965, 0x0861, 0xE73C, 0x20E4,
 0xF7BE, 0xD6BA, 0x0020, 0x0020, 0x0000, 0x0000, 0x0020, 0x0020, 0x0000, 0x0020, 0xB596, 0xF7BE, 0x4A69, 0xD6DB, 0x8699, 0x0041,
 0x0882, 0xEF5D, 0x39E7, 0xF7BE, 0xF7BE, 0xB596, 0x0841, 0x0020, 0x0020, 0x0020, 0x0020, 0x0841, 0xCE59, 0xF7BE, 0xF7BE, 0x2124,
 0xE7BE, 0x8679, 0x0041, 0x31C6, 0xDF1B, 0x4208, 0xF7BE, 0xF7BE, 0xA514, 0x0841, 0x0020, 0x0020, 0x0020, 0x0020, 0x0841, 0xDEDB,
 0xF7BE, 0xF7BE, 0x18C3, 0x0020, 0x0020, 0x0020, 0x0020, 0x0020, 0x73AE, 0xF7BE, 0xF7BE, 0x73AE, 0xB596, 0xF7BE, 0x8430, 0x0840,
 0xE7DF, 0x9F5C, 0xCFBE, 0xFFFF, 0xFFFF, 0xFFFF, 0xFFFF, 0xFFFF, 0xFFFF, 0xFFFF, 0xFFFF, 0xFFFF, 0xFFFF, 0xC79D, 0x9F3C, 0xDFBF,
 0xE7DF, 0x8451, 0x0020, 0x0020, 0x0000, 0x0000, 0x0000, 0x0000, 0x0000, 0x0000, 0x0000, 0x0000, 0x0000, 0x0000, 0x0000, 0x0000,
 0x0000, 0x0000, 0x0020, 0x0000, 0x0000, 0x0020, 0x0000, 0x0000, 0x0000, 0x0000, 0x0000, 0x0000, 0x0000, 0x0020, 0x0000, 0x5308,
 0x0840, 0x0000, 0x0000, 0x0000, 0x0000, 0x0000, 0x0020, 0x0000, 0x0000, 0x0020, 0x0000, 0x0000, 0x0000, 0x0000, 0x0000, 0x0020,
 0x0000, 0x0000, 0x0000, 0x0000, 0x0000, 0x0000, 0x0000, 0x0000, 0x0000, 0x0000, 0x0000, 0x0020, 0x0020, 0x0000, 0x0000, 0x0000,
 0x0000, 0x0000, 0x0020, 0x0000, 0x0000, 0x0020, 0x0020, 0x0000, 0x0000, 0x0000, 0x0000, 0x0000, 0x0000, 0x0000, 0x0000, 0x0020,
 0x0000, 0x0000, 0x0000, 0x0000, 0x0000, 0x0020, 0x0000, 0x0000, 0x0020, 0x0020, 0x0000, 0x0000, 0x0000, 0x0000, 0x0000, 0x0000,
 0x0000, 0x0000, 0x0020, 0x0000, 0x0000, 0x0000, 0x0000, 0x0000, 0x0000, 0x0000, 0x0000, 0x0020, 0x0000, 0x0000, 0x0000, 0x0000,
 0x671B, 0xB77D, 0xF7DF, 0xF7FF, 0xFFFF, 0xFFFF, 0xFFFF, 0xFFFF, 0xFFFF, 0xFFFF, 0xFFFF, 0xFFFF, 0xFFFF, 0xF7DF, 0xB77D, 0x66FB,
 0x6EFA, 0x53CE, 0x0000, 0x0000, 0x0000, 0x0000, 0x0000, 0x0000, 0x0000, 0x0000, 0x0000, 0x0000, 0x0000, 0x0000, 0x0000, 0x0000,
 0x0000, 0x0000, 0x0000, 0x0000, 0x0000, 0x0000, 0x0000, 0x0000, 0x0000, 0x0000, 0x0000, 0x0000, 0x0000, 0x0000, 0x0000, 0x8D0A,
 0x9DAB, 0x0881, 0x0020, 0x0000, 0x0000, 0x0000, 0x0000, 0x0000, 0x0000, 0x0000, 0x0000, 0x0000, 0x0000, 0x0000, 0x0000, 0x0000,
 0x0000, 0x0000, 0x0000, 0x0000, 0x0000, 0x0000, 0x0000, 0x0000, 0x0000, 0x0000, 0x0000, 0x0000, 0x0000, 0x0000, 0x0000, 0x0000,
 0x0000, 0x0000, 0x0000, 0x0000, 0x0000, 0x0000, 0x0000, 0x0000, 0x0000, 0x0000, 0x0000, 0x0000, 0x0000, 0x0000, 0x0000, 0x0000,
 0x0000, 0x0000, 0x0000, 0x0000, 0x0000, 0x0000, 0x0000, 0x0000, 0x0000, 0x0000, 0x0000, 0x0000, 0x0000, 0x0000, 0x0000, 0x0000,
 0x0000, 0x0000, 0x0000, 0x0000, 0x0000, 0x0000, 0x0000, 0x0000, 0x0000, 0x0000, 0x0000, 0x0000, 0x0000, 0x0000, 0x0000, 0x0000,
 0xF7FF, 0xB75C, 0xBF7D, 0xF7DF, 0xFFFF, 0xFFFF, 0xFFFF, 0xFFFF, 0xFFFF, 0xFFFF, 0xFFFF, 0xFFFF, 0xF7DF, 0xB77D, 0xAF5C, 0xF7FF,
 0xFFFF, 0x8C71, 0x0000, 0x0000, 0x0000, 0x0000, 0x0000, 0x0000, 0x0000, 0x0000, 0x0000, 0x0000, 0x0000, 0x0000, 0x0000, 0x0000,
 0x0000, 0x0000, 0x0000, 0x0000, 0x0000, 0x0000, 0x0000, 0x0000, 0x0000, 0x0000, 0x0000, 0x0000, 0x0000, 0x0000, 0x0000, 0x8D2A,
 0xDFEE, 0x958A, 0x1081, 0x0000, 0x0000, 0x0000, 0x0000, 0x0000, 0x0000, 0x0000, 0x0000, 0x0000, 0x0000, 0x0000, 0x0000, 0x0000,
 0x0000, 0x0000, 0x0000, 0x0000, 0x0000, 0x0000, 0x0000, 0x0000, 0x0000, 0x0000, 0x0000, 0x0000, 0x0000, 0x0000, 0x0000, 0x0000,
 0x0000, 0x0000, 0x0000, 0x0000, 0x0000, 0x0000, 0x0000, 0x0000, 0x0000, 0x0000, 0x0000, 0x0000, 0x0000, 0x0000, 0x0000, 0x0000,
 0x0000, 0x0000, 0x0000, 0x0000, 0x0000, 0x0000, 0x0000, 0x0000, 0x0000, 0x0000, 0x0000, 0x0000, 0x0000, 0x0000, 0x0000, 0x0000,
 0x0000, 0x0000, 0x0000, 0x0000, 0x0000, 0x0000, 0x0000, 0x0000, 0x0000, 0x0000, 0x0000, 0x0000, 0x0000, 0x0000, 0x0000, 0x0000,
 0xFFFF, 0xFFFF, 0xAF7D, 0xB77D, 0xEFDF, 0xFFFF, 0xFFFF, 0xFFFF, 0xFFFF, 0xFFFF, 0xFFFF, 0xF7DF, 0xBF7D, 0xB77D, 0xFFFF, 0xFFFF,
 0xFFFF, 0x8C71, 0x0000, 0x0000, 0x0000, 0x0000, 0x0000, 0x0000, 0x0000, 0x0000, 0x0000, 0x0000, 0x0000, 0x0000, 0x0000, 0x0000,
 0x0000, 0x0000, 0x0000, 0x0000, 0x0000, 0x0000, 0x0000, 0x0000, 0x0000, 0x0000, 0x0000, 0x0000, 0x0000, 0x0000, 0x0000, 0x8D2A,
 0xDFCE, 0xD7CE, 0x9DCB, 0x0020, 0x0020, 0x0020, 0x956A, 0x9DAA, 0x9D8A, 0x9DAA, 0x9DA9, 0x84C9, 0x31C3, 0x9DAA, 0x958A, 0x9589,
 0x9D8A, 0x9DAA, 0x5B26, 0x5B86, 0x958A, 0x9D8A, 0x9DAA, 0x9DAA, 0x95AA, 0x2122, 0x0000, 0x0000, 0x0000, 0x0000, 0x0020, 0x7CA9,
 0x5346, 0x0000, 0x0000, 0x2142, 0x9DAA, 0x9DAA, 0x9D8A, 0x9D8A, 0x9D8A, 0x4264, 0x5326, 0x9569, 0x3203, 0x0020, 0x10A1, 0x956A,
 0x10A1, 0x954A, 0x31E3, 0x0000, 0x0000, 0x4AC6, 0x7468, 0x0000, 0x0000, 0x0000, 0x0000, 0x0000, 0x0000, 0x0000, 0x0000, 0x0000,
 0x0000, 0x0000, 0x0000, 0x0000, 0x0000, 0x0000, 0x0000, 0x0000, 0x0000, 0x0000, 0x0000, 0x0000, 0x0000, 0x0000, 0x0000, 0x0000,
 0xFFFF, 0xFFFF, 0xFFFF, 0xAF5D, 0xBF9D, 0xF7DF, 0xFFFF, 0xFFFF, 0xFFFF, 0xFFFF, 0xF7FF, 0xBF9D, 0xAF5C, 0xFFDF, 0xFFFF, 0xFFFF,
 0xFFFF, 0x8C71, 0x0000, 0x0000, 0x0000, 0x0000, 0x0000, 0x0000, 0x0000, 0x0000, 0x0000, 0x0000, 0x0000, 0x0000, 0x0000, 0x0000,
 0x0000, 0x0000, 0x0000, 0x0000, 0x0000, 0x0000, 0x0000, 0x0000, 0x0000, 0x0000, 0x0000, 0x0000, 0x0000, 0x0000, 0x0000, 0x8D2A,
 0xAE2C, 0x4264, 0xCF4D, 0x84C9, 0x0861, 0x0020, 0xD7AE, 0xBF0C, 0xAE6B, 0xB66B, 0xB64B, 0x954A, 0x4244, 0xD7CE, 0xB66B, 0xB66B,
 0xAE6B, 0xD7CE, 0x7C68, 0x7CC9, 0xCF6D, 0xAE4B, 0xAE6B, 0xAE6B, 0xAE4C, 0x2142, 0x0000, 0x0000, 0x0000, 0x0000, 0x0000, 0xB6AD,
 0x7C89, 0x0000, 0x0000, 0x29C3, 0xDFEE, 0xB64B, 0xAE6B, 0xB64B, 0xAE4B, 0x4285, 0x0861, 0xAE2C, 0xC70D, 0x31E3, 0x1902, 0xDFEF,
 0x18E1, 0xD7AE, 0x4AA5, 0x1081, 0x0861, 0x7428, 0xA60B, 0x0000, 0x0000, 0x0000, 0x0000, 0x0000, 0x0000, 0x0000, 0x0000, 0x0000,
 0x0000, 0x0000, 0x0000, 0x0000, 0x0000, 0x0000, 0x0000, 0x0000, 0x0000, 0x0000, 0x0000, 0x0000, 0x0000, 0x0000, 0x0000, 0x0000,
 0xFFFF, 0xFFFF, 0xFFFF, 0xFFFF, 0xAF5C, 0xAF9D, 0xC79E, 0xBF9E, 0xBF9E, 0xBF9E, 0xB77D, 0xAF3C, 0xFFFF, 0xFFFF, 0xFFFF, 0xFFFF,
 0xFFFF, 0x8C71, 0x0000, 0x0000, 0x0000, 0x0000, 0x0000, 0x0000, 0x0000, 0x0000, 0x0000, 0x0000, 0x0000, 0x0000, 0x0000, 0x0000,
 0x0000, 0x0000, 0x0000, 0x0000, 0x0000, 0x0000, 0x0000, 0x0000, 0x0000, 0x0000, 0x0000, 0x0000, 0x0000, 0x0000, 0x0020, 0x8D2A,
 0xBECD, 0x5B66, 0xAE4B, 0xDFEE, 0x956A, 0x0880, 0xD7AF, 0x6386, 0x0000, 0x0000, 0x0000, 0x0000, 0x3A44, 0xD7CF, 0x18E2, 0x0000,
 0x0000, 0xCF4E, 0x7C68, 0x84C9, 0xB68C, 0x6366, 0x5B66, 0x5B46, 0x5B46, 0x10A1, 0x0000, 0x0000, 0x0000, 0x0000, 0x0000, 0xBECD,
 0x7C88, 0x0000, 0x0000, 0x29C3, 0xD7CE, 0x5346, 0x5346, 0x5B46, 0x5346, 0x2163, 0x0020, 0x10C1, 0x95AA, 0xD7AE, 0x6BE7, 0xDFEF,
 0x18E1, 0xDFAF, 0x84A8, 0xC70D, 0xAE4C, 0x9DAB, 0xA60B, 0x0000, 0x0000, 0x0000, 0x0000, 0x0000, 0x0000, 0x0000, 0x0000, 0x0000,
 0x0000, 0x0000, 0x0000, 0x0000, 0x0000, 0x0000, 0x0000, 0x0000, 0x0000, 0x0000, 0x0000, 0x0000, 0x0000, 0x0000, 0x0000, 0x0000,
 0xFFFF, 0xFFFF, 0xFFFF, 0xFFFF, 0xC77D, 0xA75D, 0x975C, 0x9F5C, 0x9F5D, 0x9F5D, 0xA75C, 0xBF7D, 0xFFFF, 0xFFFF, 0xFFFF, 0xFFFF,
 0xFFFF, 0xC638, 0x4208, 0x0000, 0x0000, 0x0000, 0x0000, 0x0000, 0x0000, 0x0000, 0x0000, 0x0000, 0x0000, 0x0000, 0x0000, 0x0000,
 0x0000, 0x0000, 0x0000, 0x0000, 0x0000, 0x0000, 0x0000, 0x0000, 0x0000, 0x0000, 0x0000, 0x0000, 0x0000, 0x0000, 0x0000, 0x8D2A,
 0xD7CE, 0xCF6D, 0xDFEE, 0xD7AD, 0xC70D, 0x1922, 0xD7AF, 0x6386, 0x0000, 0x0000, 0x0000, 0x0000, 0x3A44, 0xD7AF, 0x18C2, 0x0000,
 0x0000, 0xCF4E, 0x7C68, 0x84C9, 0xD7AD, 0xC70C, 0xC70D, 0xCF0C, 0xC70D, 0x2963, 0x0000, 0x0000, 0x0000, 0x0000, 0x0020, 0xBECD,
 0x7C89, 0x0000, 0x0000, 0x31C3, 0xDFEE, 0xC70C, 0xC70C, 0xCF0C, 0xC70C, 0x5306, 0x0000, 0x0000, 0x0840, 0x8509, 0xDFCE, 0xDFEF,
 0x18E1, 0xDFAE, 0xDFEE, 0xC72D, 0xCF4D, 0xDFEE, 0xA60B, 0x0000, 0x0000, 0x0000, 0x0000, 0x0000, 0x0000, 0x0000, 0x0000, 0x0000,
 0x0000, 0x0000, 0x0000, 0x0000, 0x0000, 0x0000, 0x0000, 0x0000, 0x0000, 0x0000, 0x0000, 0x0000, 0x0000, 0x0000, 0x0000, 0x0000,
 0xFFFF, 0xFFFF, 0xF7FF, 0xBF9D, 0xB75D, 0xF7DF, 0xFFFF, 0xFFFF, 0xFFFF, 0xFFFF, 0xEFDF, 0xB75D, 0xBF7D, 0xFFDF, 0xFFFF, 0xFFFF,
 0xFFFF, 0xFFFF, 0x73AE, 0x0000, 0x0000, 0x0000, 0x0000, 0x0000, 0x0000, 0x0000, 0x0000, 0x0000, 0x0000, 0x0000, 0x0000, 0x0000,
 0x0000, 0x0000, 0x0000, 0x0000, 0x0000, 0x0000, 0x0000, 0x0000, 0x0000, 0x0000, 0x0000, 0x0000, 0x0000, 0x0000, 0x0000, 0x8D2A,
 0xB68C, 0x7447, 0xDFEE, 0xAE2B, 0x1902, 0x0020, 0xD7AF, 0x6386, 0x0000, 0x0000, 0x0000, 0x0000, 0x3A44, 0xCFAF, 0x10C2, 0x0000,
 0x0000, 0xCF4E, 0x7C68, 0x84C9, 0xA62B, 0x3A23, 0x3A23, 0x3A23, 0x3A03, 0x1061, 0x0000, 0x0000, 0x0020, 0x3204, 0x3203, 0xBF0D,
 0x958A, 0x3A04, 0x2983, 0x29C3, 0xDFCF, 0x3A23, 0x3A24, 0x3A23, 0x3A23, 0x10C2, 0x0000, 0x0000, 0x0000, 0x0020, 0x84E9, 0xD7EF,
 0x18E1, 0xD78F, 0x9DCA, 0x0880, 0x18E1, 0xAE6C, 0xA5EB, 0x0000, 0x0000, 0x0000, 0x0000, 0x0000, 0x0000, 0x0000, 0x0000, 0x0000,
 0x0000, 0x0000, 0x0000, 0x0000, 0x0000, 0x0000, 0x0000, 0x0000, 0x0000, 0x0000, 0x0000, 0x0000, 0x0000, 0x0000, 0x0000, 0x0000,
 0xFFFF, 0xFFFF, 0xBF7D, 0xAF5D, 0xE7DF, 0xFFFF, 0xFFFF, 0xFFFF, 0xFFFF, 0xFFFF, 0xFFFF, 0xE7FF, 0xAF7D, 0xC79E, 0xFFFF, 0xFFFF,
 0xFFFF, 0xFFFF, 0xBDF7, 0x31A6, 0x0000, 0x0000, 0x0000, 0x0000, 0x0000, 0x0000, 0x0000, 0x0000, 0x0000, 0x0000, 0x0000, 0x0000,
 0x0000, 0x0000, 0x0000, 0x0000, 0x0000, 0x0000, 0x0000, 0x0000, 0x0000, 0x0000, 0x0000, 0x0000, 0x0000, 0x0000, 0x0000, 0x8D2A,
 0xDFEE, 0xDFEE, 0xDFEE, 0xDFEE, 0x956A, 0x0880, 0xD7AF, 0x63A6, 0x0000, 0x0000, 0x0000, 0x0000, 0x3A44, 0xCFAF, 0x10C1, 0x0000,
 0x0000, 0xCF4E, 0x7468, 0x7CE9, 0xDFEE, 0xDFEE, 0xDFEE, 0xDFEE, 0xDFCF, 0x29A3, 0x0000, 0x0000, 0x0040, 0xCF8E, 0xDFEE, 0xDFEE,
 0xDFEE, 0xDFEE, 0xA62B, 0x39E3, 0xDFEE, 0xDFEE, 0xDFEE, 0xDFEE, 0xD7EE, 0x5B67, 0x0000, 0x0000, 0x0000, 0x0000, 0x0860, 0x956B,
 0x18E1, 0xA60C, 0x1942, 0x0000, 0x0020, 0x29C3, 0x8D4B, 0x0000, 0x0000, 0x0000, 0x0000, 0x0000, 0x0000, 0x0000, 0x0000, 0x0000,
 0x0000, 0x0000, 0x0000, 0x0000, 0x0000, 0x0000, 0x0000, 0x0000, 0x0000, 0x0000, 0x0000, 0x0000, 0x0000, 0x0000, 0x0000, 0x0000,
 0xFFDF, 0xBF9D, 0xB77D, 0xE7BE, 0xFFFF, 0xFFFF, 0xFFFF, 0xFFFF, 0xFFFF, 0xFFFF, 0xFFFF, 0xFFFF, 0xEFBE, 0xAF5C, 0xBF7D, 0xF7FF,
 0xFFFF, 0xFFFF, 0xFFFF, 0xC638, 0x2965, 0x0000, 0x0000, 0x0000, 0x0000, 0x0000, 0x0000, 0x0000, 0x0000, 0x0000, 0x0000, 0x0000,
 0x0000, 0x0000, 0x0000, 0x0000, 0x0000, 0x0000, 0x0000, 0x0000, 0x0000, 0x0000, 0x0000, 0x0000, 0x0000, 0x0000, 0x0000, 0x10C1,
 0x1942, 0x1942, 0x2142, 0x2142, 0x1922, 0x0021, 0x1922, 0x0881, 0x0000, 0x0000, 0x0000, 0x0000, 0x0860, 0x1922, 0x0020, 0x0000,
 0x0000, 0x1902, 0x10A1, 0x10A1, 0x2142, 0x2142, 0x2142, 0x2142, 0x2122, 0x0040, 0x0020, 0x0000, 0x0020, 0x1902, 0x2142, 0x2162,
 0x2162, 0x2162, 0x1901, 0x0861, 0x2142, 0x2142, 0x1942, 0x2142, 0x2142, 0x1061, 0x0000, 0x0000, 0x0000, 0x0000, 0x0000, 0x10A1,
 0x0020, 0x10A1, 0x0000, 0x0000, 0x0020, 0x0020, 0x10A1, 0x0020, 0x0000, 0x0000, 0x0000, 0x0000, 0x0000, 0x0000, 0x0000, 0x0000,
 0x0000, 0x0000, 0x0000, 0x0000, 0x0000, 0x0000, 0x0000, 0x0000, 0x0000, 0x0000, 0x0000, 0x0000, 0x0000, 0x0000, 0x0000, 0x0000,
 0x7F3B, 0xB77D, 0xEFDF, 0xFFFF, 0xFFFF, 0xFFFF, 0xFFFF, 0xFFFF, 0xFFFF, 0xFFFF, 0xFFFF, 0xFFFF, 0xFFFF, 0xEFDF, 0xAF7D, 0x7F3C,
 0x7F3C, 0x7F3C, 0x7F3C, 0x7F3B, 0xAE59, 0xC618, 0x2945, 0xBDF7, 0x20E4, 0xC618, 0x0020, 0x3186, 0xAD75, 0x0000, 0x0000, 0x0000,
 0x0000, 0x0000, 0x43AD, 0x3249, 0x0000, 0x0000, 0x0000, 0x0000, 0x0000, 0x0000, 0x0000, 0x0000, 0x0000, 0x0000, 0x0000, 0x0020,
 0x0000, 0x0000, 0x0000, 0x0000, 0x0000, 0x0000, 0x0000, 0x0000, 0x0000, 0x0000, 0x0000, 0x0000, 0x0000, 0x0000, 0x0000, 0x0000,
 0x0000, 0x0000, 0x0000, 0x0000, 0x0000, 0x0000, 0x0000, 0x0000, 0x0000, 0x0000, 0x4BCF, 0x1965, 0x0020, 0x0000, 0x0000, 0xBDF7,
 0x10A2, 0xBDF7, 0x3166, 0xB596, 0x0000, 0x0000, 0x0000, 0x0000, 0x0000, 0x0000, 0x0020, 0x0000, 0x0000, 0x0000, 0x0000, 0x0000,
 0x0000, 0x0841, 0xBDF7, 0x2945, 0xB596, 0x31A6, 0x8C51, 0x0000, 0x0000, 0x0000, 0x0000, 0x0000, 0x0000, 0x0000, 0x0000, 0x0000,
 0x0000, 0x0000, 0x0000, 0x0000, 0x0000, 0x0000, 0x0000, 0x0000, 0x0000, 0x0000, 0x0000, 0x0000, 0x0000, 0x0000, 0x0000, 0x0000,
 0xC79E, 0xA75C, 0xD7BE, 0xF7FF, 0xFFFF, 0xFFFF, 0xFFFF, 0xFFFF, 0xFFFF, 0xFFFF, 0xFFFF, 0xFFFF, 0xFFFF, 0xCF9E, 0xA75C, 0xC7BE,
 0xC79E, 0xC79E, 0xC79E, 0xC79E, 0x9F5C, 0xDFBE, 0xBE18, 0x6B4D, 0x1082, 0x5AEB, 0x18E3, 0xC638, 0xE71C, 0x39C7, 0xB5B6, 0x8430,
 0x0000, 0x6B4D, 0xCEFB, 0xC679, 0xB5B7, 0xB5B7, 0x39C7, 0x0000, 0xB596, 0xB596, 0x18C3, 0xAD75, 0x2965, 0xB5B6, 0xB5D6, 0x8410,
 0x0000, 0x52AA, 0x9492, 0x0000, 0x48E2, 0x2881, 0x0000, 0x0000, 0x0000, 0x0000, 0x0000, 0x5942, 0x1840, 0x0020, 0x0000, 0x0000,
 0x0000, 0x0000, 0x0000, 0x0020, 0x4A69, 0xB5B6, 0x73AE, 0x0020, 0x0020, 0x0020, 0x9D75, 0xBE18, 0x39C7, 0x0020, 0x0000, 0xF7BE,
 0x10A3, 0xFFDF, 0xC618, 0xE73C, 0x0000, 0x0800, 0x0000, 0x52AB, 0xB5B6, 0x52AA, 0x0000, 0x0000, 0x0800, 0x5922, 0x1840, 0x0000,
 0x0020, 0x0861, 0xF79E, 0x31A6, 0xF7BE, 0xC638, 0xB596, 0x38A1, 0x48E2, 0x0020, 0x7BAE, 0x5ACB, 0x0020, 0x94B2, 0x2924, 0x5962,
 0x1840, 0x0820, 0x8C71, 0x0841, 0x0000, 0x0000, 0x0020, 0x0020, 0x0020, 0x0020, 0x0020, 0x0020, 0x0020, 0x7BCF, 0xB5B6, 0x528A,
 0xFFFF, 0xE7DF, 0x9F3C, 0xD79E, 0xFFFF, 0xFFFF, 0xFFFF, 0xFFFF, 0xFFFF, 0xFFFF, 0xFFFF, 0xFFFF, 0xDF9E, 0x9F5C, 0xE7DF, 0xFFFF,
 0xFFFF, 0xFFFF, 0xFFFF, 0xFFFF, 0xDFDE, 0x9F3C, 0x52EB, 0xCE79, 0xD67A, 0x0861, 0x2124, 0xDEFB, 0x630C, 0xDEDB, 0xFFFF, 0xB5B6,
 0x630C, 0x8C71, 0xC617, 0xFFFF, 0xFFFF, 0xFFFF, 0xDEDB, 0xC69A, 0x96FB, 0xF7DF, 0xD69A, 0xFFDF, 0xDEDB, 0xFFFF, 0xFFFF, 0xEF7D,
 0xD69A, 0xE71C, 0xB5F7, 0x4943, 0xD348, 0x7A05, 0x0020, 0x40C1, 0x2040, 0x2081, 0x0000, 0x2061, 0x1020, 0x0841, 0x4A49, 0x0000,
 0x0000, 0x0861, 0xC638, 0xA534, 0x2103, 0x63CF, 0x6471, 0x0000, 0x8C51, 0xCE79, 0xEF9D, 0xFFFF, 0x528A, 0xB5B6, 0x18C3, 0xF7BF,
 0x10A2, 0xFFDF, 0xFFFF, 0xE73C, 0x30C2, 0xC328, 0x8267, 0x2104, 0x6CB2, 0x4B2C, 0x0020, 0x0000, 0x9286, 0xDB68, 0x30C2, 0x0000,
 0xCE59, 0x18C3, 0xF79E, 0x31A6, 0xFFFF, 0xFFFF, 0xB596, 0x1840, 0x61A4, 0x61A5, 0xA534, 0x7BEF, 0x94B3, 0x6B6D, 0x1881, 0xB308,
 0xC328, 0x1020, 0xC638, 0x10C3, 0x75D6, 0xA534, 0x31A7, 0x9CD3, 0x630C, 0x8C71, 0x6B6D, 0xCE79, 0x4A69, 0x3986, 0x74B2, 0x4B2C,
 0xFFFF, 0xFFFF, 0xEFDF, 0x973C, 0xD7BE, 0xFFFF, 0xFFFF, 0xFFFF, 0xFFFF, 0xFFFF, 0xFFFF, 0xDFBE, 0x9F3B, 0xEFDF, 0xFFFF, 0xFFFF,
 0xFFFF, 0xFFFF, 0xFFFF, 0xFFFF, 0xFFFF, 0xE7DF, 0x7E78, 0xE7DF, 0x4208, 0x10A2, 0xEF5D, 0xFFBF, 0xEF7D, 0xFFDF, 0xB5B6, 0x6B6D,
 0xF79E, 0xF79E, 0x73AE, 0xAD75, 0xFFFF, 0xFFFF, 0xFFFF, 0xFFFF, 0xDFDF, 0x86DA, 0xEFFF, 0xFFFF, 0xFFFF, 0xFFFF, 0xFFFF, 0xFFFF,
 0xFFFF, 0xC79D, 0x85D6, 0x5984, 0xF3C9, 0x9266, 0x0800, 0x71E5, 0x28A1, 0x0020, 0x0000, 0x0000, 0xA309, 0x1882, 0x5AAB, 0x8AC8,
 0x0800, 0x0020, 0x2124, 0x630C, 0xA534, 0x0882, 0x18C3, 0x8C30, 0xF79E, 0xFFFF, 0xFFFF, 0xFFFF, 0x4A69, 0xDEFB, 0xEF5D, 0x31A6,
 0xE73D, 0xFFFF, 0xFFFF, 0xEF3C, 0x0820, 0x20A1, 0x1881, 0x0020, 0x10A2, 0x10A2, 0x9492, 0x62EB, 0xB327, 0xEBC9, 0x30E2, 0x0000,
 0xFFDF, 0xE73C, 0x3A07, 0xEF7D, 0xFFDF, 0xFFFF, 0xB596, 0x61A4, 0xE3C9, 0x7A05, 0x18C3, 0x9CD3, 0xF7BE, 0xEF7D, 0x3985, 0xC369,
 0xE3EA, 0x1040, 0xC618, 0x0861, 0x3248, 0x9F1B, 0xDF5D, 0xBDD7, 0x7BAE, 0xAD55, 0x18C2, 0x2924, 0xB596, 0x630C, 0x10A2, 0x08A2,
 0xFFFF, 0xFFFF, 0xFFFF, 0xEFDF, 0x973B, 0xDFDF, 0xFFFF, 0xFFFF, 0xFFFF, 0xFFFF, 0xE7DF, 0x8F1B, 0xE7DF, 0xFFFF, 0xFFFF, 0xFFFF,
 0xFFFF, 0xFFFF, 0xFFFF, 0xFFFF, 0xFFFF, 0xFFFF, 0xE7DF, 0x8EFB, 0xCF1C, 0xE71C, 0xFFFF, 0xFFFF, 0xFFFF, 0xCE9A, 0x7BAF, 0xEF5D,
 0xFFFF, 0xFFFF, 0xEF5D, 0xF79E, 0xFFFF, 0xFFFF, 0xFFFF, 0xFFFF, 0xFFFF, 0xDFDF, 0x8EFB, 0xEFFF, 0xFFFF, 0xFFFF, 0xFFFF, 0xFFFF,
 0xCF9E, 0xA75C, 0xB659, 0x5984, 0xF3C9, 0x8A66, 0x0000, 0x7205, 0xD389, 0x1861, 0x0000, 0x0800, 0xBB89, 0x2081, 0x82C8, 0x38C3,
 0x2082, 0xDEFB, 0xE71C, 0xC618, 0x7BCF, 0xDF1C, 0x9492, 0x9471, 0xFFFF, 0xFFFF, 0xFFFF, 0xFFFF, 0x4A69, 0x2945, 0xF79E, 0x08A2,
 0x8EDA, 0xF7DF, 0xFFFF, 0xE73C, 0x3A04, 0xBF0C, 0x9D2A, 0x0020, 0x8410, 0x6B4D, 0x2104, 0x18C2, 0xB60C, 0xDF6D, 0x3183, 0x0020,
 0x39E7, 0xF7BE, 0x10E3, 0x973B, 0xF7DF, 0xFFFF, 0xB596, 0x5922, 0xCA45, 0x6122, 0x0000, 0x9CD3, 0xFFDF, 0x6B4D, 0x1061, 0x9A04,
 0xB265, 0x0820, 0xC638, 0xD6BB, 0x0841, 0x430B, 0x973B, 0xBDD7, 0x73CE, 0xF79E, 0xDF1B, 0xE71C, 0x738E, 0xAD55, 0xDF1C, 0x632C,
 0xFFFF, 0xFFFF, 0xFFFF, 0xFFFF, 0xE7DF, 0x7EFB, 0x5EFA, 0x5EFB, 0x5EDB, 0x56FA, 0x7EFB, 0xE7DF, 0xFFFF, 0xFFFF, 0xFFFF, 0xFFFF,
 0xFFFF, 0xFFFF, 0xFFFF, 0xFFFF, 0xFFFF, 0xFFFF, 0xFFFF, 0xDFDF, 0x76FA, 0x5EDB, 0x5EDB, 0x5EFB, 0x5EFA, 0x8F1B, 0xAD76, 0x6B6D,
 0xFFDF, 0xFFFF, 0xFFFF, 0xFFFF, 0xFFFF, 0xFFFF, 0xFFFF, 0xFFFF, 0xFFFF, 0xFFFF, 0xDFDF, 0x66FA, 0x56FA, 0x5EDB, 0x5EFB, 0x5EDA,
 0x973C, 0xEFFF, 0xCE59, 0x5984, 0xF3C9, 0xEBC9, 0x71E5, 0x1841, 0x2061, 0x1820, 0xB328, 0xE3C9, 0xEBEA, 0x1861, 0x1081, 0x10A2,
 0x2944, 0x6EBA, 0x5EFB, 0x86FB, 0xEFDE, 0xFFDF, 0xFFBF, 0xF7BE, 0xFFFF, 0xFFFF, 0xFFFF, 0xFFFF, 0xF7BE, 0xF79E, 0xFFDF, 0x10A3,
 0xDFBF, 0x66FA, 0x5EDB, 0x7658, 0x4245, 0xDFEE, 0xD7CE, 0x850A, 0x10C2, 0x10A2, 0x0040, 0x958B, 0xDFCE, 0xDFEE, 0x29C3, 0xEF5D,
 0xF7BE, 0xFFDF, 0x2104, 0xCFBE, 0x66FA, 0x5EDB, 0x5CD3, 0x50E2, 0xBA24, 0xBA04, 0x4902, 0x1882, 0x20C3, 0x1041, 0x91C3, 0xC224,
 0xBA24, 0x2881, 0x2104, 0xF79E, 0x31A6, 0xF7BE, 0xC7BE, 0x66DA, 0x5EDA, 0x5EDB, 0x5EDB, 0x5EFA, 0xB75D, 0xEFDF, 0xFFDF, 0xF7BE,
 0xFFFF, 0xFFFF, 0xFFFF, 0xF7FF, 0x8F1B, 0xDFBF, 0xFFFF, 0xF7FF, 0xFFFF, 0xFFFF, 0xDFDF, 0x8F1B, 0xEFFF, 0xFFFF, 0xFFFF, 0xFFFF,
 0xFFFF, 0xFFFF, 0xFFFF, 0xFFFF, 0xFFFF, 0xFFFF, 0xEFFF, 0x86DA, 0xE7DF, 0xFFFF, 0xFFFF, 0xF7FF, 0xF7FF, 0xC7BE, 0xA71C, 0xEFDF,
 0xFFDF, 0xFFFF, 0xFFFF, 0xFFFF, 0xFFFF, 0xFFFF, 0xFFFF, 0xFFFF, 0xFFFF, 0xE7FF, 0x86DA, 0xEFDF, 0xFFFF, 0xF7FF, 0xFFFF, 0xF7DF,
 0xBF9E, 0xA75C, 0xC659, 0x5984, 0xF3C9, 0xF3E9, 0xF3C9, 0xF3C9, 0xF3E9, 0xF3E9, 0xF3E9, 0xF3E9, 0xEBC9, 0x18A1, 0xCF4E, 0xDFCE,
 0x39E4, 0xF79E, 0xF7FF, 0xC7BE, 0x9F3B, 0xEFDF, 0xFFDF, 0xFFFF, 0xFFFF, 0xFFFF, 0xFFFF, 0xFFFF, 0xFFFF, 0xFFFF, 0xFFBE, 0x10A2,
 0x1904, 0xF7DF, 0xF7FF, 0xE73C, 0x3A65, 0xDFEE, 0xE7CE, 0xE7CE, 0xDFCE, 0xDFEE, 0xDFEE, 0xE7CE, 0xE7EE, 0xDFEE, 0x29C3, 0xEF9E,
 0xFFDF, 0xF7BE, 0x10C3, 0x4229, 0xF7DF, 0xF7FF, 0xAD96, 0x4902, 0xC224, 0xC245, 0xBA24, 0xBA24, 0xBA24, 0xBA24, 0xC245, 0xC224,
 0xBA24, 0x2881, 0xC638, 0xF7BE, 0x4208, 0xCF9E, 0x971B, 0xF7FF, 0xF7FF, 0xFFFF, 0xFFFF, 0xF7DF, 0x9F3C, 0xBF9D, 0xF7FF, 0xFFFF,
 0xFFFF, 0xFFFF, 0xE7DF, 0x9F5C, 0xD7BE, 0xFFFF, 0xFFFF, 0xFFFF, 0xFFFF, 0xFFFF, 0xFFFF, 0xD7DE, 0x9F3B, 0xEFDF, 0xFFFF, 0xFFFF,
 0xFFFF, 0xFFFF, 0xFFFF, 0xFFFF, 0xFFFF, 0xE7DF, 0x8EFB, 0xEFFF, 0xFFFF, 0xFFFF, 0xFFFF, 0xFFFF, 0xFFFF, 0xFFFF, 0xBF9D, 0xA73C,
 0xEFDF, 0xFFFF, 0xFFFF, 0xFFFF, 0xFFFF, 0xFFFF, 0xFFFF, 0xFFFF, 0xDFDF, 0x86FA, 0xEFFF, 0xFFFF, 0xFFFF, 0xFFFF, 0xFFFF, 0xFFFF,
 0xFFFF, 0xBF7D, 0x7D95, 0x5184, 0xEBC9, 0xFBC9, 0xFBC9, 0xF3E9, 0xF3E9, 0xF3E9, 0xFBE9, 0xFBE9, 0xEBE9, 0x2081, 0xC6EE, 0xDFAE,
 0xE7EF, 0x1902, 0xF79D, 0xFFFF, 0xCF9E, 0x973B, 0xEFDF, 0xFFFF, 0xFFFF, 0xFFFF, 0xFFFF, 0xFFFF, 0xFFFF, 0xFFFF, 0x29C7, 0x8EFA,
 0xEFFF, 0xFFDF, 0xF7DF, 0xDEDB, 0x4265, 0xDFEE, 0xE70D, 0xE62B, 0xDFEE, 0xDFEE, 0xE7EE, 0xDDCB, 0xEF2D, 0xDFEE, 0x31A3, 0xE71C,
 0xF7BF, 0x21A6, 0x971A, 0xF7FF, 0xFFDF, 0xF7BE, 0xAD34, 0x5102, 0xC224, 0xDAE7, 0xD2C6, 0xC224, 0xC224, 0xC224, 0xEB88, 0xCA65,
 0xC224, 0x2881, 0xBDD7, 0xF7DF, 0xCF9E, 0x973C, 0xF7DF, 0xFFFF, 0xFFFF, 0xFFFF, 0xFFFF, 0xFFFF, 0xFFDF, 0xA75C, 0xAF5C, 0xF7DF,
 0xFFFF, 0xF7FF, 0x971B, 0xC79E, 0xFFFF, 0xFFFF, 0xFFFF, 0xFFFF, 0xFFFF, 0xFFFF, 0xFFFF, 0xFFFF, 0xCFBE, 0x975C, 0xF7DF, 0xFFFF,
 0xFFFF, 0xFFFF, 0xFFFF, 0xFFFF, 0xEFFF, 0x971B, 0xDFDF, 0xFFFF, 0xFFFF, 0xFFFF, 0xFFFF, 0xFFFF, 0xFFFF, 0xFFFF, 0xFFFF, 0xC79E,
 0x9F5C, 0xFFDF, 0xFFFF, 0xFFFF, 0xFFFF, 0xFFFF, 0xFFFF, 0xEFFF, 0x86DA, 0xEFFF, 0xFFFF, 0xFFFF, 0xFFFF, 0xFFFF, 0xFFFF, 0xFFDE,
 0xF79E, 0xDEBB, 0x0020, 0x51C4, 0xE449, 0xF449, 0xF449, 0xF409, 0xF409, 0xF449, 0xF449, 0xEC49, 0xEC2A, 0x1861, 0x0820, 0xCC8A,
 0xE70E, 0x18E2, 0xF77D, 0xFFFF, 0xF7FF, 0xCF9E, 0xA73C, 0xF7DF, 0xFFFF, 0xFFFF, 0xFFFF, 0xFFFF, 0xFFFF, 0xEFDF, 0x8EFA, 0xEFDF,
 0xFFDF, 0xF77D, 0xCE7A, 0x0000, 0x4224, 0xDFAE, 0xEFAE, 0xE7AE, 0xE7AE, 0xE7AE, 0xE7AE, 0xE7AE, 0xEFAE, 0xE7AE, 0x31A3, 0x0000,
 0xDF7E, 0x8679, 0xE7FF, 0xF7BE, 0xF79E, 0xC638, 0x0000, 0x50E2, 0xC245, 0xBA44, 0xC245, 0xC225, 0xC245, 0xBA24, 0xC245, 0xC224,
 0xC225, 0x30A1, 0x0020, 0xBEBA, 0x8699, 0xF7DF, 0xFFFF, 0xFFFF, 0xFFFF, 0xFFFF, 0xFFFF, 0xFFFF, 0xFFFF, 0xFFFF, 0xB77D, 0xB77D,
 0xE7BE, 0x9F5C, 0xCFBE, 0xFFDF, 0xFFFF, 0xFFFF, 0xFFFF, 0xFFFF, 0xFFFF, 0xFFFF, 0xFFFF, 0xFFFF, 0xFFFF, 0xCF9D, 0x9F5C, 0xDFBF,
 0xDFDF, 0xDFDE, 0xDFDE, 0xDFDE, 0x973C, 0xD7BE, 0xFFFF, 0xFFFF, 0xFFFF, 0xFFFF, 0xFFFF, 0xFFFF, 0xFFFF, 0xFFFF, 0xFFFF, 0xFFFF,
 0xBF9D, 0xAF5D, 0xDFDF, 0xDFDE, 0xDFDE, 0xDFDE, 0xDFBE, 0x8F3B, 0xE7FF, 0xFFDF, 0xFFFF, 0xFFFF, 0xFFFF, 0xFFFF, 0xF7BE, 0x9CF3,
 0x10A1, 0x3204, 0x29A3, 0x5326, 0xDFEE, 0xE7AE, 0xEF4D, 0xEDCB, 0xEE0C, 0xE76D, 0xE7CE, 0xDFEE, 0xE7EE, 0x18C2, 0x31C3, 0x31E4,
 0x1882, 0x18A2, 0xD69A, 0xFFDF, 0xFFFF, 0xFFFF, 0xC79D, 0xAF5C, 0xDFBE, 0xDFBE, 0xDFDE, 0xDFDE, 0xDFBE, 0x8F1B, 0xE7FF, 0xF7DF,
 0xFFDF, 0x0840, 0x3204, 0x31C3, 0x4123, 0xEBA9, 0xF3C9, 0xF3A9, 0xF3A9, 0xF3A9, 0xF3A9, 0xF3A9, 0xF3C9, 0xEBC9, 0x30E2, 0x31C4,
 0x3204, 0x1081, 0xDEFB, 0xDEFB, 0x0840, 0x38E2, 0x28A1, 0x5122, 0xD2E7, 0xDB07, 0xE327, 0xDB07, 0xE348, 0xD2C6, 0xEB88, 0xD2A6,
 0xEB88, 0x4103, 0x28A2, 0x38C2, 0x0821, 0xDEFB, 0xFFDF, 0xFFFF, 0xFFFF, 0xFFFF, 0xFFFF, 0xFFFF, 0xFFFF, 0xFFFF, 0xFFDF, 0xAF5C,
 0x7F3C, 0xAF7D, 0xEFDF, 0xFFDF, 0xFFFF, 0xFFFF, 0xFFFF, 0xFFFF, 0xFFFF, 0xFFFF, 0xFFFF, 0xFFFF, 0xFFFF, 0xEFBE, 0xB77D, 0x7F3C,
 0x7F3C, 0x7F3C, 0x7F3C, 0x873C, 0xBF9D, 0xEFDF, 0xFFFF, 0xFFFF, 0xFFFF, 0xFFFF, 0xFFFF, 0xFFFF, 0xFFFF, 0xFFFF, 0xFFFF, 0xFFDF,
 0xEFBE, 0xA75D, 0x7F3C, 0x7F3C, 0x7F3C, 0x7F3C, 0x871C, 0xC79D, 0xF7FF, 0xF7FF, 0xFFFF, 0xFFFF, 0xFFFF, 0xFFFF, 0xCE59, 0x2122,
 0x7468, 0xDFEE, 0xAE4C, 0x5326, 0xDFEE, 0xE6ED, 0xED2A, 0xEC6A, 0xECAA, 0xE50A, 0xF76E, 0xE7EE, 0xDFEE, 0x1902, 0xCF4F, 0xD7CE,
 0x4A85, 0x2903, 0x59A4, 0xC638, 0xFFFF, 0xFFFF, 0xE7BE, 0xA75D, 0x7F3C, 0x7F3C, 0x7F1C, 0x7F1C, 0x873C, 0xC79E, 0xF7DF, 0xFFDF,
 0xC638, 0x5B46, 0xDFEE, 0xC72E, 0x4123, 0xEBA9, 0xE307, 0xD2A6, 0xD2A6, 0xDAE6, 0xD2A6, 0xDB07, 0xF3C9, 0xF3C9, 0x30E2, 0xCF8F,
 0xD7CE, 0x5305, 0x18C2, 0xB5B5, 0x6184, 0xF3EA, 0xA2A7, 0x69A4, 0xDB07, 0xDAE7, 0xDAE7, 0xDB07, 0xDAE7, 0xE327, 0xD2A6, 0xE348,
 0xCAA6, 0x30A1, 0xB2E8, 0xEBCA, 0x6184, 0x18A2, 0xFFDF, 0xFFFF, 0xFFFF, 0xFFFF, 0xFFFF, 0xFFFF, 0xFFFF, 0xFFFF, 0xFFFF, 0xDFBE,
 0xFFFF, 0xB77C, 0xBF7D, 0xEFDF, 0xFFFF, 0xFFFF, 0xFFFF, 0xFFFF, 0xFFFF, 0xFFFF, 0xFFFF, 0xFFFF, 0xF7DF, 0xAF7D, 0xAF7C, 0xF7FF,
 0xFFFF, 0xFFFF, 0xFFFF, 0xF7FF, 0xA73C, 0xC77D, 0xF7DF, 0xFFFF, 0xFFFF, 0xFFFF, 0xFFFF, 0xFFFF, 0xFFFF, 0xFFFF, 0xFFFF, 0xF7DF,
 0xAF7D, 0xBF9D, 0xFFFF, 0xFFFF, 0xFFFF, 0xFFFF, 0xF7FF, 0x9F3B, 0xCF9E, 0xF7FF, 0xFFFF, 0xFFFF, 0xFFFF, 0xFFFF, 0xCE79, 0x5326,
 0xDFEE, 0xDFAE, 0x8D0A, 0x5B26, 0xE7AE, 0xE70D, 0xE70D, 0xEDAB, 0xEDEB, 0xE72D, 0xE72D, 0xE7AE, 0xDFEE, 0x1902, 0xA60C, 0xDFCE,
 0xCF6E, 0x30E2, 0xE3EA, 0x20C2, 0xFFFF, 0xEFDF, 0xB75D, 0xBF7D, 0xFFFF, 0xFFFF, 0xFFFF, 0xFFFF, 0xF7DF, 0xA73C, 0xC79E, 0xF7BF,
 0x10A2, 0xDFEE, 0xD7AE, 0x9DCB, 0x4123, 0xE348, 0xC204, 0xC245, 0xCA65, 0xCA65, 0xC265, 0xC224, 0xEB68, 0xEBC9, 0x30E2, 0xA62C,
 0xDFEE, 0xD7CF, 0x0840, 0x30E3, 0xEBCA, 0xEBA9, 0x8226, 0x5922, 0xD2E6, 0xDB07, 0xDB07, 0xDAE7, 0xE327, 0xD2C6, 0xEB68, 0xD2A6,
 0xE368, 0x38E2, 0x9266, 0xEBC9, 0xEBAA, 0x20C2, 0xFFDF, 0xFFFF, 0xFFFF, 0xFFFF, 0xFFFF, 0xFFFF, 0xFFFF, 0xFFFF, 0xEFBF, 0xA75C,
 0xFFFF, 0xFFFF, 0xB75D, 0xB77D, 0xEFDF, 0xFFFF, 0xFFFF, 0xFFFF, 0xFFFF, 0xFFFF, 0xFFFF, 0xEFDF, 0xBF7D, 0xBF7D, 0xF7FF, 0xFFFF,
 0xFFFF, 0xFFFF, 0xFFFF, 0xFFFF, 0xF7FF, 0xAF5C, 0xBF9D, 0xF7FF, 0xFFFF, 0xFFFF, 0xFFFF, 0xFFFF, 0xFFFF, 0xFFFF, 0xE7BE, 0xB77D,
 0xBF9D, 0xFFFF, 0xFFFF, 0xFFFF, 0xFFFF, 0xFFFF, 0xFFFF, 0xF7FF, 0xA73C, 0xC79D, 0xF7FF, 0xFFFF, 0xFFFF, 0xFFFF, 0xCE59, 0x5326,
 0xDFEE, 0xCF4D, 0x4A85, 0x5326, 0xE72D, 0xED6B, 0xED4B, 0xF4AA, 0xECCA, 0xED4B, 0xED6B, 0xEF4D, 0xDFEE, 0x18E2, 0x5306, 0xDFCE,
 0xCF6E, 0x3903, 0xE3CA, 0x18C2, 0xE7BE, 0xB77D, 0xBF7D, 0xFFDF, 0xFFFF, 0xFFFF, 0xFFFF, 0xFFFF, 0xFFFF, 0xF7FF, 0xA73C, 0xC75D,
 0x10C2, 0xDFEF, 0xC74D, 0x52E5, 0x4123, 0xE388, 0xCA86, 0xCAA6, 0xD2C6, 0xD2C6, 0xD2A6, 0xCA85, 0xF3A9, 0xF3E9, 0x30C2, 0x4B05,
 0xDFCE, 0xD7CF, 0x0840, 0x28C2, 0xEBCA, 0xD368, 0x4103, 0x6184, 0xDB07, 0xDB07, 0xDB07, 0xDB07, 0xDAE7, 0xDB27, 0xD2C6, 0xE327,
 0xD2C6, 0x30C2, 0x4923, 0xD389, 0xEBEA, 0x20C3, 0xFFDF, 0xFFFF, 0xFFFF, 0xFFFF, 0xFFFF, 0xFFFF, 0xFFFF, 0xD7BE, 0xA75C, 0xD79E,
 0xFFFF, 0xFFFF, 0xFFFF, 0xBF7D, 0xB77D, 0xEFDF, 0xFFFF, 0xFFFF, 0xFFFF, 0xFFFF, 0xEFFF, 0xB77D, 0xB77D, 0xFFFF, 0xFFFF, 0xFFFF,
 0xFFFF, 0xFFFF, 0xFFFF, 0xFFFF, 0xFFFF, 0xFFFF, 0xAF5D, 0xB77D, 0xEFFF, 0xFFFF, 0xFFFF, 0xFFFF, 0xFFFF, 0xE7DF, 0xAF5D, 0xBF9D,
 0xFFFF, 0xFFFF, 0xFFFF, 0xFFFF, 0xFFFF, 0xFFFF, 0xFFFF, 0xFFFF, 0xF7FF, 0xAF5C, 0xB77D, 0xF7FF, 0xFFFF, 0xFFFF, 0xE71B, 0x8C8E,
 0x9DEB, 0xDFEE, 0xC70D, 0x9D8A, 0xDFEE, 0xE76D, 0xEF4D, 0xEE2C, 0xEE6C, 0xE7EE, 0xDECC, 0xE78E, 0xDFEE, 0x7C88, 0xD7AE, 0xDFCE,
 0x8CC9, 0x8246, 0x9266, 0x73EF, 0xAF7D, 0xBF7D, 0xFFFF, 0xFFFF, 0xFFFF, 0xFFFF, 0xFFFF, 0xFFFF, 0xFFFF, 0xFFFF, 0xF7DF, 0xAF3C,
 0x438D, 0x8D4A, 0xDFEE, 0xD78E, 0x9408, 0xF3E9, 0xEBA9, 0xD2A6, 0xBA24, 0xBA24, 0xCA86, 0xEB88, 0xF3EA, 0xEBC9, 0x8C08, 0xDFAE,
 0xD7CE, 0x8D2A, 0x740F, 0x4B2C, 0x9AA7, 0xF3EA, 0xCB28, 0x9A45, 0xDAE7, 0xDB07, 0xDB07, 0xDB07, 0xDB07, 0xDB07, 0xE307, 0xDAE7,
 0xDB27, 0x9245, 0xCB48, 0xF3E9, 0x9A67, 0x6BEF, 0xC77C, 0xFFFF, 0xFFFF, 0xFFFF, 0xFFFF, 0xFFDF, 0xCF9E, 0xA75D, 0xCF9D, 0xFFFF,
 0xFFFF, 0xFFFF, 0xFFFF, 0xFFFF, 0xAF7D, 0xAF9D, 0xB77D, 0xBF9D, 0xBF9D, 0xBF9D, 0xB77D, 0xAF5C, 0xFFFF, 0xFFFF, 0xFFFF, 0xFFFF,
 0xFFFF, 0xFFFF, 0xFFFF, 0xFFFF, 0xFFFF, 0xFFFF, 0xFFFF, 0xA73C, 0xA77D, 0xBF7D, 0xBF9D, 0xBF9D, 0xBF9D, 0xB77D, 0xBF7D, 0xFFFF,
 0xFFFF, 0xFFFF, 0xFFFF, 0xFFFF, 0xFFFF, 0xFFFF, 0xFFFF, 0xFFFF, 0xFFFF, 0xF7FF, 0xA73C, 0xAF9D, 0xBF7D, 0xB79D, 0xBF9D, 0x8E38,
 0x53EC, 0x9DCA, 0xE7EE, 0xDFEE, 0xE7EE, 0xE70D, 0xE6EC, 0xE62C, 0xEE6C, 0xE7EE, 0xDE4B, 0xE76D, 0xE7EE, 0xDFEE, 0xDFCE, 0x954A,
 0x7205, 0x9287, 0x4B2C, 0xAF5D, 0xBF7D, 0xF7FF, 0xFFFF, 0xFFFF, 0xFFFF, 0xFFFF, 0xFFFF, 0xFFFF, 0xFFFF, 0xFFFF, 0xFFFF, 0xEFFF,
 0xA73C, 0x438C, 0x9DCB, 0xDFEE, 0xEF6E, 0xED2A, 0xF3E9, 0xEB68, 0xD2C6, 0xD2E6, 0xEB88, 0xFBE9, 0xF3E9, 0xED2B, 0xE78E, 0xD7EE,
 0x956A, 0x7C0F, 0xE7DF, 0x969A, 0x4B0C, 0xB2E7, 0xF3C9, 0xEB88, 0xDB07, 0xDAE7, 0xDB07, 0xDB07, 0xDAE7, 0xDB27, 0xDAC7, 0xE307,
 0xDAC7, 0xF3A9, 0xEBE9, 0xA2C7, 0x7BAE, 0xDFBE, 0xA75C, 0xB77D, 0xB77D, 0xB79D, 0xB77D, 0xBF7D, 0xA75C, 0xD7BE, 0xFFFF, 0xFFFF,
 0xFFFF, 0xFFFF, 0xFFFF, 0xFFFF, 0xC77D, 0xAF7C, 0xA75D, 0xA75D, 0xA75D, 0xA75D, 0xAF5D, 0xB77D, 0xFFFF, 0xFFFF, 0xFFFF, 0xFFFF,
 0xFFFF, 0xFFFF, 0xFFFF, 0xFFFF, 0xFFFF, 0xFFFF, 0xFFFF, 0xB75D, 0xA75D, 0xA75D, 0xA77C, 0xA75D, 0xA75D, 0xAF5D, 0xCF9E, 0xFFFF,
 0xFFFF, 0xFFFF, 0xFFFF, 0xFFFF, 0xFFFF, 0xFFFF, 0xFFFF, 0xFFFF, 0xFFFF, 0xF7FF, 0xAF5D, 0xAF5C, 0xA75D, 0xA75D, 0xA75D, 0xA75D,
 0x8E59, 0x5C4F, 0x7C88, 0xA5CB, 0xDFEE, 0xDFEE, 0xDFEE, 0xDF0D, 0xE72D, 0xDFEE, 0xDFEE, 0xE7EE, 0xDFEE, 0x84E9, 0x7C68, 0x7A45,
 0xE3EA, 0x1881, 0xA6FB, 0xAF7D, 0xC79D, 0xF7FF, 0xFFFF, 0xFFFF, 0xFFFF, 0xFFFF, 0xFFFF, 0xFFFF, 0xFFFF, 0xFFFF, 0xFFFF, 0xF7FF,
 0xB77D, 0xB73C, 0x8C90, 0x7C88, 0x956A, 0xEECC, 0xEC09, 0xF3C9, 0xF3E9, 0xF3C9, 0xF3C9, 0xF3E9, 0xF3E9, 0xEEED, 0x9549, 0x7468,
 0x94B1, 0xF7DE, 0xF7DF, 0xAF5D, 0xB6FC, 0x8C0F, 0x8225, 0xAA86, 0xDB07, 0xDB07, 0xDB07, 0xDB07, 0xDAE7, 0xDB07, 0xDB07, 0xDB07,
 0xDB07, 0x9A46, 0x8225, 0x9430, 0xF7BE, 0xE7BE, 0xAF5D, 0xA75C, 0xA77D, 0xA77D, 0xA77D, 0xA75D, 0xA75C, 0xD7BE, 0xFFFF, 0xFFFF,
 0xFFFF, 0xFFFF, 0xF7FF, 0xBF7D, 0xB77D, 0xF7DF, 0xFFFF, 0xFFFF, 0xFFFF, 0xFFFF, 0xEFDF, 0xB77D, 0xB77D, 0xFFDF, 0xFFFF, 0xFFFF,
 0xFFFF, 0xFFFF, 0xFFFF, 0xFFFF, 0xFFFF, 0xF7FF, 0xAF7C, 0xBF7D, 0xF7DF, 0xFFFF, 0xFFFF, 0xFFFF, 0xFFFF, 0xE7BF, 0xB75D, 0xBF7D,
 0xFFFF, 0xFFFF, 0xFFFF, 0xFFFF, 0xFFFF, 0xFFFF, 0xFFFF, 0xFFFF, 0xEFFF, 0xA75C, 0xBF7D, 0xFFDF, 0xFFFF, 0xFFFF, 0xFFFF, 0xFFFF,
 0xE7BF, 0xA71C, 0x6CD2, 0x94D0, 0x6BC7, 0x9DAA, 0xDFEE, 0xE7EE, 0xDFEE, 0xDFEE, 0xDFEE, 0x84E9, 0x63C7, 0x952A, 0x9549, 0x82C7,
 0x69C5, 0xA514, 0xF7BF, 0xEFDF, 0xAF5D, 0xB77D, 0xFFDF, 0xFFFF, 0xFFFF, 0xFFFF, 0xFFFF, 0xFFFF, 0xFFFF, 0xFFFF, 0xF7FF, 0xAF5C,
 0xBF7D, 0xF7DF, 0xEF7D, 0xA534, 0x94F2, 0x6B06, 0x9367, 0xE64C, 0xEE6C, 0xE66C, 0xE66C, 0xE64C, 0x8B07, 0x6B47, 0xA513, 0xA514,
 0xFFDF, 0xEFFF, 0xAF5C, 0xC77D, 0xF7DF, 0xEF5D, 0xA514, 0x8BAE, 0x6984, 0xA3C8, 0xDDCB, 0xDDEB, 0xD5CB, 0xE62B, 0xD58B, 0x82A6,
 0x5922, 0x9450, 0xA534, 0xEF7D, 0xE7DF, 0xA77C, 0xCF9D, 0xFFDF, 0xFFFF, 0xFFFF, 0xFFFF, 0xFFFF, 0xD79E, 0xA75C, 0xC79D, 0xFFDF,
 0xFFFF, 0xFFFF, 0xAF5D, 0xB77D, 0xF7DF, 0xFFFF, 0xFFFF, 0xFFFF, 0xFFFF, 0xFFFF, 0xFFFF, 0xEFFF, 0xBF7D, 0xB77D, 0xFFDF, 0xFFFF,
 0xFFFF, 0xFFFF, 0xFFFF, 0xFFFF, 0xFFFF, 0xA75C, 0xC79E, 0xF7FF, 0xFFFF, 0xFFFF, 0xFFFF, 0xFFFF, 0xFFFF, 0xFFFF, 0xE7DE, 0xB79D,
 0xB77D, 0xFFDF, 0xFFFF, 0xFFFF, 0xFFFF, 0xFFFF, 0xFFFF, 0xFFFF, 0x9F1C, 0xCFBE, 0xF7FF, 0xFFFF, 0xFFFF, 0xFFFF, 0xFFFF, 0xFFFF,
 0xFFFF, 0xE7DF, 0xAF5D, 0x8554, 0x3A25, 0xC6CD, 0xDFEE, 0xE7EE, 0xDFEE, 0xE7EE, 0xDFEE, 0xB68C, 0x2142, 0xD78E, 0xDFEE, 0xBE8C,
 0x2122, 0xF7DE, 0xFFFF, 0xFFFF, 0xEFDF, 0xB77D, 0xB75D, 0xFFDF, 0xFFFF, 0xFFFF, 0xFFFF, 0xFFFF, 0xFFFF, 0xF7FF, 0x9F3C, 0xC79E,
 0xFFFF, 0xFFFF, 0xFFFF, 0xFFFF, 0xCE79, 0x4265, 0xBEAC, 0xE7EE, 0xE7EE, 0xE7EE, 0xDFEE, 0xDFEE, 0xB68C, 0x3A04, 0xE71B, 0xFFFF,
 0xEFDF, 0x9F3C, 0xCFBE, 0xFFFF, 0xFFDF, 0xFFFF, 0xFFFF, 0x9CD3, 0x4AA5, 0xC6ED, 0xDFEE, 0xDFEE, 0xDFEE, 0xDFEE, 0xDFEE, 0xB66C,
 0x10C2, 0xD699, 0xFFFF, 0xEFDF, 0x9F3C, 0xDFBE, 0xF7FF, 0xFFFF, 0xFFFF, 0xFFFF, 0xFFFF, 0xFFFF, 0xFFFF, 0xE7BE, 0xAF5D, 0xCF9E,
 0xFFDF, 0xBF7D, 0xBF7D, 0xE7BE, 0xFFFF, 0xFFFF, 0xFFFF, 0xFFFF, 0xFFFF, 0xFFFF, 0xFFFF, 0xFFFF, 0xEFDF, 0xAF7D, 0xBF5D, 0xF7DF,
 0xFFFF, 0xFFFF, 0xFFFF, 0xFFFF, 0xAF5C, 0xBF7D, 0xEFDF, 0xFFFF, 0xFFFF, 0xFFFF, 0xFFFF, 0xFFFF, 0xFFFF, 0xFFFF, 0xFFFF, 0xEFDF,
 0xAF7D, 0xC79D, 0xFFFF, 0xFFFF, 0xFFFF, 0xFFFF, 0xF7FF, 0xA75C, 0xC77D, 0xF7DF, 0xFFFF, 0xFFFF, 0xFFFF, 0xFFFF, 0xFFFF, 0xFFFF,
 0xFFFF, 0xFFFF, 0xE7BE, 0x8D14, 0x4163, 0xCC08, 0xCC08, 0xCC08, 0xCC08, 0xCC08, 0xCC08, 0xCBE8, 0x28C1, 0xBBE8, 0xCC08, 0xC408,
 0x28A1, 0xF7DE, 0xFFFF, 0xFFFF, 0xFFFF, 0xE7DF, 0xAF5D, 0xC77D, 0xFFFF, 0xFFFF, 0xFFFF, 0xFFFF, 0xFFDF, 0xAF5C, 0xBF9D, 0xF7DF,
 0xFFFF, 0xFFFF, 0xFFFF, 0xFFFF, 0xCE79, 0x4983, 0xCBE8, 0xCC28, 0xC408, 0xCC28, 0xCC08, 0xC428, 0xC408, 0x4142, 0xDEFC, 0xF7DF,
 0x9F3C, 0xC79D, 0xF7FF, 0xFFFF, 0xFFFF, 0xFFFF, 0xFFFF, 0x9CD3, 0x51A3, 0xCC08, 0xCC28, 0xCC08, 0xCC08, 0xCC08, 0xCC08, 0xC408,
 0x2081, 0xD69A, 0xF7DF, 0xA73C, 0xCF9E, 0xF7FF, 0xFFFF, 0xFFFF, 0xFFFF, 0xFFFF, 0xFFFF, 0xFFFF, 0xFFFF, 0xFFFF, 0xDFBE, 0xAF5C,
 0x7F3B, 0xB77D, 0xEFDF, 0xFFFF, 0xFFFF, 0xFFFF, 0xFFFF, 0xFFFF, 0xFFFF, 0xFFFF, 0xFFFF, 0xFFFF, 0xFFFF, 0xEFDF, 0xAF7D, 0x7F1C,
 0x771C, 0x771C, 0x771C, 0x7F1C, 0xC77E, 0xEFDF, 0xFFFF, 0xFFFF, 0xFFFF, 0xFFFF, 0xFFFF, 0xFFFF, 0xFFFF, 0xFFFF, 0xFFFF, 0xFFFF,
 0xEFDE, 0xA75D, 0x7F1B, 0x771C, 0x771C, 0x771C, 0x7F1B, 0xC79E, 0xF7FF, 0xFFFF, 0xFFFF, 0xFFFF, 0xFFFF, 0xFFFF, 0xFFFF, 0xFFFF,
 0xFFFF, 0xFFFF, 0xFFFF, 0xAD75, 0x3A8A, 0x7C90, 0xBA44, 0x942E, 0x8BEC, 0xC224, 0xC224, 0xBA24, 0x3040, 0xAA04, 0xC224, 0xBA24,
 0x2060, 0xF7BF, 0xFFFF, 0xFFFF, 0xFFFF, 0xFFFF, 0xEFDF, 0xA75D, 0x771B, 0x7F1C, 0x771C, 0x771C, 0x7F3B, 0xBF9E, 0xF7FF, 0xFFFF,
 0xFFFF, 0xFFFF, 0xFFFF, 0xFFFF, 0xCE79, 0x32AA, 0x8D33, 0xBA24, 0x8C4F, 0x8BAC, 0xBA24, 0xC224, 0xB224, 0x30A1, 0x7E58, 0x873C,
 0xCFBE, 0xF7DF, 0xFFFF, 0xFFFF, 0xFFFF, 0xFFFF, 0xFFFF, 0x9CD3, 0x32EB, 0x8C2E, 0xB224, 0x8490, 0x8B4B, 0xC244, 0xC224, 0xB224,
 0x1840, 0x75D6, 0x875C, 0xCFBE, 0xFFFF, 0xFFFF, 0xFFFF, 0xFFFF, 0xFFFF, 0xFFFF, 0xFFFF, 0xFFFF, 0xFFFF, 0xF7FF, 0xFFDF, 0xE7BE,
 0xE7DF, 0x9F5C, 0xD79E, 0xFFFF, 0xFFFF, 0xFFFF, 0xFFFF, 0xFFFF, 0xFFFF, 0xFFFF, 0xFFFF, 0xFFFF, 0xFFFF, 0xC79D, 0x9F3C, 0xDFDF,
 0xE7DF, 0xE7DF, 0xE7DF, 0xDFDF, 0x8F1B, 0xD7BE, 0xFFFF, 0xFFFF, 0xFFFF, 0xFFFF, 0xFFFF, 0xFFFF, 0xFFFF, 0xFFFF, 0xFFFF, 0xFFFF,
 0xBF7D, 0xAF7C, 0xE7DF, 0xE7DF, 0xE7DF, 0xE7DF, 0xDFDF, 0x8F1B, 0xEFFF, 0xFFFF, 0xFFFF, 0xFFFF, 0xFFFF, 0xFFFF, 0xFFFF, 0xFFFF,
 0xFFFF, 0xFFFF, 0xFFFF, 0x9D34, 0x31C6, 0xA34B, 0xBA24, 0xAB2A, 0xAB09, 0xC224, 0xC224, 0xBA24, 0x3061, 0xAA04, 0xC224, 0xBA24,
 0x2060, 0xF7DF, 0xFFFF, 0xFFFF, 0xFFFF, 0xFFFF, 0xBF7D, 0xAF5C, 0xE7DF, 0xE7DF, 0xE7DF, 0xE7DF, 0xE7BF, 0x96FB, 0xE7DF, 0xFFFF,
 0xFFFF, 0xFFFF, 0xFFFF, 0xFFFF, 0xCE79, 0x39A6, 0xA3AC, 0xBA04, 0xA32A, 0xAB09, 0xC224, 0xC204, 0xBA04, 0x38C1, 0xCEDB, 0xDFBE,
 0x8EFB, 0xE7DF, 0xFFFF, 0xFFFF, 0xFFFF, 0xFFFF, 0xFFFF, 0x9CD3, 0x41E6, 0x9B49, 0xBA24, 0xA34A, 0xAAC8, 0xC224, 0xC224, 0xBA04,
 0x1840, 0xC679, 0xDFBE, 0x8EFB, 0xF7FF, 0xFFFF, 0xFFFF, 0xFFFF, 0xFFFF, 0xFFFF, 0xFFFF, 0xFFFF, 0xFFFF, 0xFFFF, 0xFFDF, 0xAF5C,
 0xFFFF, 0xEFDF, 0x973C, 0xCF9E, 0xFFFF, 0xFFFF, 0xFFFF, 0xFFFF, 0xFFFF, 0xFFFF, 0xFFFF, 0xFFFF, 0xD7BE, 0x9F5C, 0xE7DF, 0xFFFF,
 0xFFFF, 0xFFFF, 0xFFFF, 0xFFFF, 0xE7DE, 0x973C, 0xE7DF, 0xFFFF, 0xFFFF, 0xFFFF, 0xFFFF, 0xFFFF, 0xFFFF, 0xFFFF, 0xFFFF, 0xD79E,
 0xA75C, 0xEFDF, 0xFFFF, 0xFFFF, 0xFFFF, 0xFFFF, 0xFFFF, 0xDFDF, 0x8EFB, 0xEFFF, 0xFFFF, 0xFFFF, 0xFFFF, 0xFFFF, 0xFFFF, 0xFFFF,
 0xFFFF, 0xFFFF, 0xB77D, 0x7D34, 0x49C4, 0xCD09, 0xCD29, 0xCD09, 0xCD2A, 0xD50A, 0xD509, 0xCD0A, 0x2902, 0xC4EA, 0xD50A, 0xD50A,
 0x20E2, 0xFFDF, 0xFFFF, 0xFFFF, 0xF7FF, 0xCFBE, 0xA75C, 0xEFDF, 0xFFFF, 0xFFFF, 0xFFFF, 0xFFFF, 0xFFFF, 0xE7BF, 0x8EFB, 0xEFFF,
 0xFFFF, 0xFFFF, 0xFFFF, 0xFFFF, 0xCE79, 0x4A04, 0xD52A, 0xD509, 0xD509, 0xD509, 0xD52A, 0xCD0A, 0xCD0A, 0x41A3, 0xDEFC, 0xFFFF,
 0xD7BE, 0x8EFB, 0xEFFF, 0xFFFF, 0xFFFF, 0xFFFF, 0xFFFF, 0x9CD3, 0x5224, 0xD52A, 0xCD29, 0xD509, 0xD529, 0xCD29, 0xCD09, 0xCD0A,
 0x18A1, 0xCE7A, 0xFFFF, 0xD7BE, 0x971B, 0xFFFF, 0xFFFF, 0xFFFF, 0xFFFF, 0xFFFF, 0xFFFF, 0xFFFF, 0xFFFF, 0xFFFF, 0xBF7D, 0xAF7D,
 0xFFFF, 0xFFFF, 0xEFDF, 0x973C, 0xCFBE, 0xFFFF, 0xFFFF, 0xFFFF, 0xFFFF, 0xFFFF, 0xFFFF, 0xD7DE, 0x973B, 0xF7DF, 0xFFFF, 0xFFFF,
 0xFFFF, 0xFFFF, 0xFFFF, 0xFFFF, 0xFFFF, 0xEFDF, 0x86FB, 0xE7FF, 0xFFFF, 0xFFFF, 0xFFFF, 0xFFFF, 0xFFFF, 0xFFFF, 0xC79D, 0x9F3B,
 0xF7DF, 0xFFFF, 0xFFFF, 0xFFFF, 0xFFFF, 0xFFFF, 0xFFFF, 0xFFFF, 0xDFDF, 0x7EDA, 0xE7FF, 0xFFFF, 0xFFFF, 0xFFFF, 0xFFFF, 0xFFFF,
 0xFFFF, 0xB77D, 0xB75D, 0xDF1C, 0x9CF1, 0x956A, 0xDFEE, 0xDFEE, 0xDFEE, 0xDFEE, 0xDFEE, 0x7CA9, 0x956A, 0xD7CE, 0xDFEE, 0x7C88,
 0xAD74, 0xF7DF, 0xFFFF, 0xFFFF, 0xBF9D, 0x973B, 0xF7DF, 0xFFFF, 0xFFFF, 0xFFFF, 0xFFFF, 0xFFFF, 0xFFFF, 0xFFFF, 0xE7DF, 0x8EFA,
 0xE7DF, 0xFFDF, 0xFFFF, 0xFFFF, 0xEF5D, 0x94F1, 0x7CC9, 0xDFEE, 0xDFEE, 0xDFEE, 0xDFEE, 0xDFEE, 0x7C88, 0xA532, 0xF79E, 0xFFFF,
 0xF7FF, 0xE7DF, 0x8EFA, 0xF7FF, 0xFFDF, 0xFFFF, 0xFFFF, 0xDEFB, 0x94B0, 0x9DAB, 0xDFEE, 0xDFEE, 0xDFEE, 0xDFEE, 0xDFEE, 0x7428,
 0xB595, 0xEF7D, 0xFFFF, 0xF7FF, 0xD7BE, 0x9F1B, 0xF7DF, 0xFFFF, 0xFFFF, 0xFFFF, 0xFFFF, 0xFFFF, 0xF7FF, 0x9F3C, 0xA75C, 0xF7DF,
 0xFFFF, 0xFFFF, 0xFFFF, 0xF7FF, 0x8F1B, 0xD7DE, 0xFFFF, 0xF7FF, 0xFFFF, 0xFFFF, 0xDFDF, 0x8EFB, 0xF7FF, 0xFFFF, 0xFFFF, 0xFFFF,
 0xFFFF, 0xFFFF, 0xFFFF, 0xFFFF, 0xFFFF, 0xFFFF, 0xF7FF, 0x86DA, 0xD7DF, 0xF7FF, 0xF7FF, 0xF7FF, 0xF7DF, 0xC79E, 0xA73C, 0xEFFF,
 0xFFFF, 0xFFFF, 0xFFFF, 0xFFFF, 0xFFFF, 0xFFFF, 0xFFFF, 0xFFFF, 0xFFFF, 0xE7FF, 0x86DA, 0xE7FF, 0xFFDF, 0xF7FF, 0xF7FF, 0xF7DF,
 0xC79D, 0xA75C, 0xF7FF, 0xC618, 0x6BAB, 0x84CA, 0x4284, 0x4284, 0x4284, 0x4264, 0x4264, 0x956C, 0x5326, 0x9716, 0x746C, 0x9DAC,
 0x630A, 0xF7DF, 0xF7DF, 0xCFBE, 0x9F3B, 0xF7DF, 0xFFFF, 0xFFFF, 0xFFFF, 0xFFFF, 0xFFFF, 0xFFFF, 0xFFFF, 0xFFFF, 0xFFFF, 0xE7DF,
 0x86BA, 0xEFDF, 0xF7FF, 0xF7FF, 0xD6DA, 0x7BEB, 0x956B, 0x4264, 0x4264, 0x4264, 0x4264, 0x4264, 0x9DAB, 0x6BAB, 0xE73C, 0xFFFF,
 0xFFFF, 0xFFFF, 0xDFDF, 0x86FB, 0xEFFF, 0xF7FF, 0xF7FF, 0xB5B6, 0x7C0C, 0x7C89, 0x4264, 0x4264, 0x4264, 0x4264, 0x4264, 0x9DCD,
 0x5ACA, 0xDEDB, 0xFFFF, 0xFFFF, 0xFFFF, 0xCF9E, 0x8EFB, 0xF7FF, 0xF7FF, 0xF7FF, 0xF7FF, 0xF7DF, 0x973B, 0xBF9D, 0xFFDF, 0xFFFF,
 0xFFFF, 0xFFFF, 0xFFFF, 0xFFFF, 0xEFDF, 0x76FB, 0x56DA, 0x5EDB, 0x5EDB, 0x5EDB, 0x7EDB, 0xE7FF, 0xFFFF, 0xFFFF, 0xFFFF, 0xFFFF,
 0xFFFF, 0xFFFF, 0xFFFF, 0xFFFF, 0xFFFF, 0xFFFF, 0xFFFF, 0xE7DF, 0x76FA, 0x56DA, 0x56DB, 0x5EDB, 0x5EFB, 0x8F1C, 0xEFDF, 0xFFFF,
 0xFFFF, 0xFFFF, 0xFFFF, 0xFFFF, 0xFFFF, 0xFFFF, 0xFFFF, 0xFFFF, 0xFFFF, 0xFFFF, 0xDFDF, 0x66DA, 0x56DB, 0x5EDB, 0x5EDB, 0x5EDA,
 0x971C, 0xF7DF, 0xFFFF, 0xEF3C, 0x9D12, 0x7C2E, 0xBDF7, 0xC618, 0xC618, 0xC618, 0xC617, 0x63AA, 0xB5D6, 0xE7DF, 0x6DD6, 0x536A,
 0x5D33, 0x66DA, 0x5EDA, 0x871B, 0xE7DF, 0xFFDF, 0xFFFF, 0xFFFF, 0xFFFF, 0xFFFF, 0xFFFF, 0xFFFF, 0xFFFF, 0xFFFF, 0xFFFF, 0xFFFF,
 0xDFDF, 0x6EDA, 0x5EDA, 0x5EDA, 0x5E99, 0x5C70, 0x73EC, 0xBE18, 0xC618, 0xC618, 0xC618, 0xC5F8, 0x6BAA, 0xAD54, 0xF79E, 0xFFFF,
 0xFFFF, 0xFFFF, 0xFFFF, 0xD7BE, 0x66DA, 0x5EFA, 0x5EDA, 0x5638, 0x5C4F, 0x8C8F, 0xBE18, 0xC618, 0xC618, 0xBE18, 0xC618, 0x6369,
 0xBDF7, 0xEF9E, 0xFFFF, 0xFFFF, 0xFFFF, 0xFFDF, 0xCFBE, 0x5EDA, 0x5EDA, 0x5EDA, 0x5EDA, 0x56FA, 0xBF7E, 0xF7DF, 0xFFFF, 0xFFFF,
 0xFFFF, 0xFFFF, 0xFFFF, 0xEFFF, 0x8F1B, 0xDFDF, 0xFFFF, 0xFFFF, 0xFFFF, 0xFFFF, 0xDFDF, 0x8EFB, 0xEFFF, 0xFFFF, 0xFFFF, 0xFFFF,
 0xFFFF, 0xFFFF, 0xFFFF, 0xFFFF, 0xFFFF, 0xFFFF, 0xEFFF, 0x86FA, 0xE7DF, 0xFFFF, 0xFFFF, 0xFFFF, 0xFFFF, 0xC7BE, 0x9F3C, 0xEFDF,
 0xFFFF, 0xFFFF, 0xFFFF, 0xFFFF, 0xFFFF, 0xFFFF, 0xFFFF, 0xFFFF, 0xFFFF, 0xDFFF, 0x86DA, 0xF7DF, 0xF7FF, 0xFFFF, 0xFFFF, 0xF7FF,
 0xC79E, 0xA75C, 0xF7FF, 0xFFDF, 0xF79E, 0xEF5C, 0xFFFF, 0xFFFF, 0xFFFF, 0xFFFF, 0xFFFF, 0xE71C, 0xE7BE, 0x86DA, 0xD7DF, 0xDF1C,
 0xF7DF, 0xFFFF, 0xF7FF, 0xCF9E, 0xA71C, 0xEFDF, 0xFFFF, 0xFFFF, 0xFFFF, 0xFFFF, 0xFFFF, 0xFFFF, 0xFFFF, 0xFFFF, 0xFFFF, 0xE7DF,
 0x86DA, 0xEFFF, 0xFFFF, 0xF7FF, 0xFFFF, 0xEF9E, 0xB6DB, 0xA75C, 0xEFFF, 0xFFDF, 0xFFFF, 0xFFFF, 0xE71C, 0xF79E, 0xFFFF, 0xFFFF,
 0xFFFF, 0xFFFF, 0xDFDF, 0x8F1B, 0xEFFF, 0xFFFF, 0xF7FF, 0xFFFF, 0xEF7D, 0xA6DB, 0xB77D, 0xEFDF, 0xFFDF, 0xFFFF, 0xFFFF, 0xE6FC,
 0xFFDF, 0xFFFF, 0xFFFF, 0xFFFF, 0xF7FF, 0xCFBE, 0x8F1B, 0xF7FF, 0xF7FF, 0xF7FF, 0xFFFF, 0xF7FF, 0x9F3B, 0xBF7D, 0xF7FF, 0xFFFF,
 0xFFFF, 0xFFFF, 0xE7DF, 0x9F3C, 0xDFBE, 0xFFFF, 0xFFFF, 0xFFFF, 0xFFFF, 0xFFFF, 0xFFFF, 0xDFDE, 0x9F3C, 0xE7DF, 0xFFFF, 0xFFFF,
 0xFFFF, 0xFFFF, 0xFFFF, 0xFFFF, 0xFFFF, 0xE7DF, 0x8F1B, 0xEFFF, 0xFFFF, 0xFFFF, 0xFFFF, 0xFFFF, 0xFFFF, 0xFFFF, 0xC79E, 0xA73C,
 0xEFDF, 0xFFFF, 0xFFFF, 0xFFFF, 0xFFFF, 0xFFFF, 0xFFFF, 0xFFFF, 0xDFBF, 0x8EFB, 0xEFFF, 0xFFFF, 0xFFFF, 0xFFFF, 0xFFFF, 0xFFFF,
 0xFFFF, 0xBF9D, 0xAF5D, 0xEFDF, 0xFFFF, 0xFFFF, 0xFFFF, 0xFFFF, 0xFFFF, 0xFFFF, 0xF7FF, 0xDFBF, 0x8F1B, 0xEFFF, 0xFFDF, 0xFFFF,
 0xFFFF, 0xFFFF, 0xFFFF, 0xFFFF, 0xCF9E, 0x9F1B, 0xEFBF, 0xFFFF, 0xFFFF, 0xFFFF, 0xFFFF, 0xFFFF, 0xFFFF, 0xFFFF, 0xDFDF, 0x96FB,
 0xEFFF, 0xF7DF, 0xFFFF, 0xFFFF, 0xFFFF, 0xFFFF, 0xFFFF, 0xC79D, 0xA75C, 0xEFDF, 0xFFFF, 0xFFFF, 0xFFFF, 0xFFFF, 0xFFFF, 0xFFFF,
 0xF7FF, 0xD7DF, 0x8F1B, 0xF7DF, 0xF7DF, 0xFFFF, 0xFFFF, 0xFFFF, 0xFFFF, 0xFFFF, 0xB75C, 0xAF5C, 0xF7DF, 0xFFFF, 0xFFFF, 0xFFFF,
 0xFFFF, 0xFFFF, 0xFFFF, 0xFFFF, 0xCFBE, 0x973C, 0xF7DF, 0xFFDF, 0xFFFF, 0xFFFF, 0xFFFF, 0xFFFF, 0xF7FF, 0xA75C, 0xAF5C, 0xEFDF,
 0xFFFF, 0xE7DE, 0x9F3C, 0xCF9E, 0xFFFF, 0xFFFF, 0xFFFF, 0xFFFF, 0xFFFF, 0xFFFF, 0xFFFF, 0xFFFF, 0xD7BE, 0x9F5C, 0xE7BF, 0xFFDF,
 0xFFFF, 0xFFFF, 0xFFFF, 0xFFFF, 0xDFDE, 0x973C, 0xE7DF, 0xFFFF, 0xFFFF, 0xFFFF, 0xFFFF, 0xFFFF, 0xFFFF, 0xFFFF, 0xFFFF, 0xCFBE,
 0xA75D, 0xE7DF, 0xFFFF, 0xFFFF, 0xFFFF, 0xFFFF, 0xFFFF, 0xDFBE, 0x971B, 0xEFFF, 0xFFFF, 0xFFFF, 0xFFFF, 0xFFFF, 0xFFFF, 0xFFFF,
 0xFFFF, 0xFFFF, 0xC77D, 0xAF7D, 0xEFDF, 0xFFFF, 0xFFFF, 0xFFFF, 0xFFFF, 0xFFDF, 0xCFBE, 0x8F1B, 0xE7BF, 0xFFFF, 0xFFFF, 0xFFFF,
 0xFFFF, 0xFFFF, 0xFFFF, 0xFFFF, 0xFFFF, 0xD79E, 0xA73C, 0xE7BF, 0xFFFF, 0xFFFF, 0xFFFF, 0xFFFF, 0xFFDF, 0xDFBE, 0x971B, 0xEFFF,
 0xFFFF, 0xFFFF, 0xFFFF, 0xFFFF, 0xFFFF, 0xFFFF, 0xFFFF, 0xFFFF, 0xBF7D, 0xB75D, 0xEFDF, 0xFFFF, 0xFFFF, 0xFFFF, 0xFFFF, 0xFFFF,
 0xD79E, 0x971B, 0xEFFF, 0xFFFF, 0xFFFF, 0xFFFF, 0xFFFF, 0xFFFF, 0xFFFF, 0xFFFF, 0xFFFF, 0xB77D, 0xAF7D, 0xF7DF, 0xFFFF, 0xFFFF,
 0xFFFF, 0xFFFF, 0xFFDF, 0xCF9E, 0x9F3B, 0xF7FF, 0xFFFF, 0xFFFF, 0xFFFF, 0xFFFF, 0xFFFF, 0xFFFF, 0xFFFF, 0xFFFF, 0xBF9D, 0xB77D,
 0xDFBE, 0x9F5C, 0xD7BE, 0xFFFF, 0xFFFF, 0xFFFF, 0xFFFF, 0xFFFF, 0xFFFF, 0xFFFF, 0xFFFF, 0xFFFF, 0xFFFF, 0xCF9E, 0xA75C, 0xDFBE,
 0xDFBE, 0xDFBE, 0xDFBE, 0xDFBE, 0x973C, 0xD7BE, 0xFFFF, 0xFFFF, 0xFFFF, 0xFFFF, 0xFFFF, 0xFFFF, 0xFFFF, 0xFFFF, 0xFFFF, 0xFFFF,
 0xC79D, 0xAF5D, 0xDFBE, 0xD7BE, 0xDFBE, 0xD7BE, 0xD7BE, 0x8F3B, 0xEFFF, 0xFFFF, 0xFFFF, 0xFFFF, 0xFFFF, 0xFFFF, 0xFFFF, 0xFFFF,
 0xFFFF, 0xFFFF, 0xFFDF, 0xB77D, 0xAF7D, 0xDFBE, 0xDFBE, 0xDFBE, 0xDFBE, 0xD7BE, 0x8F1B, 0xEFDF, 0xFFFF, 0xFFFF, 0xFFFF, 0xFFFF,
 0xFFFF, 0xFFFF, 0xFFFF, 0xFFFF, 0xFFFF, 0xFFFF, 0xCF9E, 0xA75C, 0xDFBE, 0xDFBE, 0xDFBE, 0xDFBE, 0xDFBE, 0x8F3B, 0xE7FF, 0xF7DF,
 0xFFFF, 0xFFFF, 0xFFFF, 0xFFFF, 0xFFFF, 0xFFFF, 0xFFFF, 0xFFFF, 0xFFFF, 0xB77D, 0xAF5D, 0xDFBE, 0xDFBE, 0xDFBE, 0xDFBE, 0xD7BE,
 0x8F1B, 0xEFFF, 0xFFDF, 0xFFFF, 0xFFFF, 0xFFFF, 0xFFFF, 0xFFFF, 0xFFFF, 0xFFFF, 0xFFFF, 0xFFFF, 0xB75C, 0xBF7E, 0xDFBE, 0xDFBE,
 0xDFBE, 0xDFBE, 0xD7BE, 0x8F1B, 0xF7FF, 0xFFFF, 0xFFFF, 0xFFFF, 0xFFFF, 0xFFFF, 0xFFFF, 0xFFFF, 0xFFFF, 0xFFFF, 0xFFDF, 0xB75C,
 0x8F3C, 0xAF7D, 0xEFDF, 0xFFFF, 0xFFFF, 0xFFFF, 0xFFFF, 0xFFFF, 0xFFFF, 0xFFFF, 0xFFFF, 0xFFFF, 0xFFFF, 0xEFBE, 0xB77D, 0x873C,
 0x873C, 0x873C, 0x873C, 0x873C, 0xBF7D, 0xEFDF, 0xFFFF, 0xFFFF, 0xFFFF, 0xFFFF, 0xFFFF, 0xFFFF, 0xFFFF, 0xFFFF, 0xFFFF, 0xFFFF,
 0xE7BE, 0xA75D, 0x873C, 0x873C, 0x873C, 0x873C, 0x873C, 0xBF7D, 0xF7FF, 0xFFFF, 0xFFFF, 0xFFFF, 0xFFFF, 0xFFFF, 0xFFFF, 0xFFFF,
 0xFFFF, 0xFFFF, 0xFFFF, 0xDFBE, 0xA75C, 0x873C, 0x873C, 0x7F3C, 0x7F3C, 0x873C, 0xCF9E, 0xFFFF, 0xFFFF, 0xFFFF, 0xFFFF, 0xFFFF,
 0xFFFF, 0xFFFF, 0xFFFF, 0xFFFF, 0xFFFF, 0xFFFF, 0xE7BE, 0xA75D, 0x873C, 0x873C, 0x873C, 0x7F3C, 0x873C, 0xBF7D, 0xF7FF, 0xFFFF,
 0xFFFF, 0xFFFF, 0xFFFF, 0xFFFF, 0xFFFF, 0xFFFF, 0xFFFF, 0xFFFF, 0xFFFF, 0xD7BE, 0xA75C, 0x873C, 0x873C, 0x873C, 0x873C, 0x8F3C,
 0xC79E, 0xF7DF, 0xFFFF, 0xFFFF, 0xFFFF, 0xFFFF, 0xFFFF, 0xFFFF, 0xFFFF, 0xFFFF, 0xFFFF, 0xFFFF, 0xDFBE, 0x973C, 0x873C, 0x873C,
 0x873C, 0x873C, 0x8F3C, 0xCF9E, 0xFFFF, 0xFFFF, 0xFFFF, 0xFFFF, 0xFFFF, 0xFFFF, 0xFFFF, 0xFFFF, 0xFFFF, 0xFFFF, 0xFFFF, 0xDFBE,
 0xFFFF, 0xC77D, 0xB77D, 0xE7BE, 0xFFFF, 0xFFFF, 0xFFFF, 0xFFFF, 0xFFFF, 0xFFFF, 0xFFFF, 0xFFFF, 0xEFDF, 0xAF5D, 0xBF9D, 0xFFFF,
 0xFFFF, 0xFFFF, 0xFFFF, 0xF7FF, 0xB75C, 0xB77D, 0xEFDF, 0xFFFF, 0xFFFF, 0xFFFF, 0xFFFF, 0xFFFF, 0xFFFF, 0xFFFF, 0xFFFF, 0xEFBF,
 0xAF5D, 0xCF9E, 0xFFFF, 0xFFFF, 0xFFFF, 0xFFFF, 0xF7FF, 0xB75C, 0xBF7D, 0xF7FF, 0xFFFF, 0xFFFF, 0xFFFF, 0xFFFF, 0xFFFF, 0xFFFF,
 0xFFFF, 0xFFFF, 0xDF9E, 0xA75C, 0xCFBE, 0xFFFF, 0xFFFF, 0xFFFF, 0xFFFF, 0xF7FF, 0xA75C, 0xBF7D, 0xEFDF, 0xFFFF, 0xFFFF, 0xFFFF,
 0xFFFF, 0xFFFF, 0xFFFF, 0xFFFF, 0xFFFF, 0xE7DF, 0xAF5C, 0xCF9D, 0xFFFF, 0xFFFF, 0xFFFF, 0xFFFF, 0xF7FF, 0xB75D, 0xB75D, 0xF7FF,
 0xFFFF, 0xFFFF, 0xFFFF, 0xFFFF, 0xFFFF, 0xFFFF, 0xFFFF, 0xFFFF, 0xD7BE, 0xA75C, 0xCF9E, 0xFFFF, 0xFFFF, 0xFFFF, 0xFFFF, 0xF7FF,
 0xA73C, 0xB75D, 0xF7FF, 0xFFFF, 0xFFFF, 0xFFFF, 0xFFFF, 0xFFFF, 0xFFFF, 0xFFFF, 0xFFFF, 0xD7BE, 0xA75C, 0xDFBE, 0xFFFF, 0xFFFF,
 0xFFFF, 0xFFFF, 0xF7DF, 0xA73C, 0xC77D, 0xFFFF, 0xFFFF, 0xFFFF, 0xFFFF, 0xFFFF, 0xFFFF, 0xFFFF, 0xFFFF, 0xFFFF, 0xDFBE, 0xA75C,
 0xFFFF, 0xFFFF, 0xB77D, 0xB75D, 0xEFDF, 0xFFFF, 0xFFFF, 0xFFFF, 0xFFFF, 0xFFFF, 0xFFFF, 0xEFDF, 0xB77D, 0xBF7D, 0xFFFF, 0xFFFF,
 0xFFFF, 0xFFFF, 0xFFFF, 0xFFFF, 0xFFFF, 0xB77D, 0xBF7D, 0xEFFF, 0xFFFF, 0xFFFF, 0xFFFF, 0xFFFF, 0xFFFF, 0xFFFF, 0xE7BE, 0xAF7D,
 0xC79D, 0xFFFF, 0xFFFF, 0xFFFF, 0xFFFF, 0xFFFF, 0xFFFF, 0xF7FF, 0xA73C, 0xC79D, 0xF7FF, 0xFFFF, 0xFFFF, 0xFFFF, 0xFFFF, 0xFFFF,
 0xFFFF, 0xE7BE, 0xAF5C, 0xD7BE, 0xFFFF, 0xFFFF, 0xFFFF, 0xFFFF, 0xFFFF, 0xFFFF, 0xEFFF, 0xA73C, 0xB77D, 0xF7FF, 0xFFDF, 0xFFFF,
 0xFFFF, 0xFFFF, 0xFFFF, 0xFFFF, 0xE7BE, 0xB77D, 0xBF9D, 0xFFFF, 0xFFFF, 0xFFFF, 0xFFFF, 0xFFFF, 0xFFFF, 0xF7FF, 0xAF3C, 0xC77D,
 0xF7FF, 0xFFFF, 0xFFFF, 0xFFFF, 0xFFFF, 0xFFFF, 0xFFFF, 0xE7BE, 0xAF5C, 0xD7BE, 0xFFFF, 0xFFFF, 0xFFFF, 0xFFFF, 0xFFFF, 0xFFFF,
 0xEFFF, 0xA73C, 0xC77D, 0xFFFF, 0xFFFF, 0xFFFF, 0xFFFF, 0xFFFF, 0xFFFF, 0xFFFF, 0xD79E, 0xAF5C, 0xD7BE, 0xFFFF, 0xFFFF, 0xFFFF,
 0xFFFF, 0xFFFF, 0xFFFF, 0xEFFF, 0xA73C, 0xCF9E, 0xFFFF, 0xFFFF, 0xFFFF, 0xFFFF, 0xFFFF, 0xFFFF, 0xFFFF, 0xD7BE, 0xAF5C, 0xD7BE,
 0xFFFF, 0xFFFF, 0xFFFF, 0xC77D, 0xAF7D, 0xEFFF, 0xFFFF, 0xFFFF, 0xFFFF, 0xFFFF, 0xF7FF, 0xAF7D, 0xBF7D, 0xFFFF, 0xFFFF, 0xFFFF,
 0xFFFF, 0xFFFF, 0xFFFF, 0xFFFF, 0xFFFF, 0xFFFF, 0xB75D, 0xB77C, 0xEFDF, 0xFFFF, 0xFFFF, 0xFFFF, 0xFFFF, 0xE7DE, 0xAF5C, 0xC79D,
 0xFFFF, 0xFFFF, 0xFFFF, 0xFFFF, 0xFFFF, 0xFFFF, 0xFFFF, 0xFFFF, 0xF7FF, 0xAF5D, 0xB77D, 0xF7FF, 0xFFFF, 0xFFFF, 0xFFFF, 0xFFFF,
 0xE7DE, 0xAF5C, 0xD7BE, 0xFFFF, 0xFFFF, 0xFFFF, 0xFFFF, 0xFFFF, 0xFFFF, 0xFFFF, 0xFFFF, 0xF7FF, 0xBF5D, 0xAF5D, 0xEFDF, 0xFFFF,
 0xFFFF, 0xFFFF, 0xFFFF, 0xE7DF, 0xAF7D, 0xBF7D, 0xFFFF, 0xFFFF, 0xFFFF, 0xFFFF, 0xFFFF, 0xFFFF, 0xFFFF, 0xFFFF, 0xFFDF, 0xB77C,
 0xAF5C, 0xF7FF, 0xFFFF, 0xFFFF, 0xFFFF, 0xFFFF, 0xDFDE, 0xAF5D, 0xCF9D, 0xFFFF, 0xFFFF, 0xFFFF, 0xFFFF, 0xFFFF, 0xFFFF, 0xFFFF,
 0xFFFF, 0xF7DF, 0xAF5D, 0xBF7D, 0xF7FF, 0xFFFF, 0xFFFF, 0xFFFF, 0xFFFF, 0xD7BE, 0xA75C, 0xD79E, 0xFFFF, 0xFFFF, 0xFFFF, 0xFFFF,
 0xFFFF, 0xFFFF, 0xFFFF, 0xFFFF, 0xEFDF, 0xAF5C, 0xBF7D, 0xF7FF, 0xFFFF, 0xFFFF, 0xFFFF, 0xFFFF, 0xC79D, 0xA75D, 0xCF9E, 0xFFFF,
 0xFFFF, 0xFFFF, 0xFFFF, 0xFFFF, 0xAF3C, 0xB79D, 0xC79E, 0xC79E, 0xC79E, 0xC79E, 0xBF9E, 0xA73C, 0xFFFF, 0xFFFF, 0xFFFF, 0xFFFF,
 0xFFFF, 0xFFFF, 0xFFFF, 0xFFFF, 0xFFFF, 0xFFFF, 0xFFFF, 0x9F1C, 0xBF9D, 0xC79E, 0xC79E, 0xC79E, 0xC79E, 0xB77D, 0xB77D, 0xFFFF,
 0xFFFF, 0xFFFF, 0xFFFF, 0xFFFF, 0xFFFF, 0xFFFF, 0xFFFF, 0xFFFF, 0xFFFF, 0xF7FF, 0x9F1B, 0xBF9E, 0xC79D, 0xC79E, 0xC79E, 0xC79E,
 0xAF7D, 0xBF7D, 0xFFFF, 0xFFFF, 0xFFFF, 0xFFFF, 0xFFFF, 0xFFFF, 0xFFFF, 0xFFFF, 0xFFFF, 0xFFFF, 0xFFFF, 0x9F3C, 0xBF9D, 0xC79E,
 0xC79E, 0xC79E, 0xC79E, 0xB77D, 0xAF7C, 0xF7FF, 0xFFFF, 0xFFFF, 0xFFFF, 0xFFFF, 0xFFFF, 0xFFFF, 0xFFFF, 0xFFFF, 0xFFFF, 0xF7FF,
 0x9F3C, 0xBF9D, 0xCF9E, 0xC79E, 0xC79E, 0xC79E, 0xB77D, 0xB77D, 0xFFFF, 0xFFFF, 0xFFFF, 0xFFFF, 0xFFFF, 0xFFFF, 0xFFFF, 0xFFFF,
 0xFFFF, 0xFFFF, 0xF7FF, 0x9F3C, 0xC79E, 0xC79E, 0xC79E, 0xC79E, 0xC79E, 0xA75D, 0xC79D, 0xFFFF, 0xFFFF, 0xFFFF, 0xFFFF, 0xFFFF,
 0xFFFF, 0xFFFF, 0xFFFF, 0xFFFF, 0xFFFF, 0xDFBF, 0x975C, 0xC79E, 0xC79E, 0xC79E, 0xC79E, 0xC79E, 0x9F3C, 0xCF9E, 0xFFDF, 0xFFFF,
 0xFFFF, 0xFFFF, 0xFFFF, 0xFFFF, 0xDFBE, 0x8F1C, 0x7F3C, 0x7F1C, 0x7F1C, 0x7F1C, 0x8F1C, 0xD7BE, 0xFFFF, 0xFFFF, 0xFFFF, 0xFFFF,
 0xFFFF, 0xFFFF, 0xFFFF, 0xFFFF, 0xFFFF, 0xFFFF, 0xFFFF, 0xCFBE, 0x871C, 0x7F1C, 0x7F1C, 0x7F3C, 0x7F1C, 0x973C, 0xDFBE, 0xFFFF,
 0xFFFF, 0xFFFF, 0xFFFF, 0xFFFF, 0xFFFF, 0xFFFF, 0xFFFF, 0xFFFF, 0xFFFF, 0xF7FF, 0xCF9E, 0x7F1C, 0x7F1C, 0x7F1C, 0x7F3C, 0x7F1C,
 0x9F3C, 0xDFDF, 0xFFFF, 0xFFFF, 0xFFFF, 0xFFFF, 0xFFFF, 0xFFFF, 0xFFFF, 0xFFFF, 0xFFFF, 0xFFFF, 0xFFFF, 0xCF9E, 0x8F1C, 0x7F1C,
 0x7F1C, 0x7F1C, 0x7F1C, 0x973C, 0xDFBE, 0xFFFF, 0xFFFF, 0xFFFF, 0xFFFF, 0xFFFF, 0xFFFF, 0xFFFF, 0xFFFF, 0xFFFF, 0xFFFF, 0xF7FF,
 0xCF9E, 0x871B, 0x7F1C, 0x7F3C, 0x7F1C, 0x7F1C, 0x973C, 0xDFBE, 0xFFFF, 0xFFFF, 0xFFFF, 0xFFFF, 0xFFFF, 0xFFFF, 0xFFFF, 0xFFFF,
 0xFFFF, 0xFFFF, 0xF7FF, 0xC79D, 0x871B, 0x7F1C, 0x7F3C, 0x7F1C, 0x7F1C, 0x9F5C, 0xE7DF, 0xFFFF, 0xFFFF, 0xFFFF, 0xFFFF, 0xFFFF,
 0xFFFF, 0xFFFF, 0xFFFF, 0xFFFF, 0xFFFF, 0xF7DF, 0xBF9D, 0x873C, 0x7F3C, 0x7F3C, 0x7F1C, 0x7F1C, 0xAF7D, 0xEFDF, 0xFFFF, 0xFFFF,
 0xFFFF, 0xFFFF, 0xFFFF, 0xD79E, 0xA73C, 0xEFDF, 0xFFFF, 0xFFFF, 0xFFFF, 0xFFFF, 0xEFDF, 0x9F3C, 0xD79E, 0xFFFF, 0xFFFF, 0xFFFF,
 0xFFFF, 0xFFFF, 0xFFFF, 0xFFFF, 0xFFFF, 0xFFFF, 0xC79D, 0xA73C, 0xEFFF, 0xFFFF, 0xFFFF, 0xFFFF, 0xFFFF, 0xDFBE, 0xA75C, 0xD79E,
 0xFFFF, 0xFFFF, 0xFFFF, 0xFFFF, 0xFFFF, 0xFFFF, 0xFFFF, 0xFFFF, 0xF7FF, 0xBF7D, 0xA73C, 0xF7FF, 0xFFFF, 0xFFFF, 0xFFFF, 0xFFFF,
 0xD7BE, 0xA75C, 0xDFBE, 0xFFFF, 0xFFFF, 0xFFFF, 0xFFFF, 0xFFFF, 0xFFFF, 0xFFFF, 0xFFFF, 0xFFFF, 0xCF9E, 0x9F5C, 0xEFFF, 0xFFFF,
 0xFFFF, 0xFFFF, 0xFFFF, 0xDFBE, 0xAF5D, 0xCF9E, 0xFFFF, 0xFFFF, 0xFFFF, 0xFFFF, 0xFFFF, 0xFFFF, 0xFFFF, 0xFFFF, 0xF7FF, 0xC77D,
 0x9F3C, 0xF7FF, 0xFFFF, 0xFFFF, 0xFFFF, 0xFFFF, 0xD7BE, 0xA75D, 0xDFBE, 0xFFFF, 0xFFFF, 0xFFFF, 0xFFFF, 0xFFFF, 0xFFFF, 0xFFFF,
 0xFFFF, 0xF7DF, 0xBF7D, 0xA75C, 0xF7FF, 0xFFFF, 0xFFFF, 0xFFFF, 0xFFFF, 0xC79E, 0xAF7D, 0xDFBE, 0xFFFF, 0xFFFF, 0xFFFF, 0xFFFF,
 0xFFFF, 0xFFFF, 0xFFFF, 0xFFFF, 0xEFDF, 0xB77D, 0xAF7D, 0xFFFF, 0xFFFF, 0xFFFF, 0xFFFF, 0xFFFF, 0xB77D, 0xB77D, 0xDF9E, 0xFFFF,
 0xFFFF, 0xFFFF, 0xC79D, 0xAF5D, 0xE7DF, 0xFFFF, 0xFFFF, 0xFFFF, 0xFFFF, 0xFFFF, 0xFFFF, 0xE7DF, 0xAF5C, 0xCF9E, 0xFFFF, 0xFFFF,
 0xFFFF, 0xFFFF, 0xFFFF, 0xFFFF, 0xFFFF, 0xBF9D, 0xAF5D, 0xF7FF, 0xFFFF, 0xFFFF, 0xFFFF, 0xFFFF, 0xFFFF, 0xFFFF, 0xDFBE, 0xAF5C,
 0xD79E, 0xFFFF, 0xFFFF, 0xFFFF, 0xFFFF, 0xFFFF, 0xFFFF, 0xFFFF, 0xB77D, 0xAF5C, 0xF7FF, 0xFFFF, 0xFFFF, 0xFFFF, 0xFFFF, 0xFFFF,
 0xFFFF, 0xD7BE, 0xAF5D, 0xDFBE, 0xFFFF, 0xFFFF, 0xFFFF, 0xFFFF, 0xFFFF, 0xFFFF, 0xF7FF, 0xB75D, 0xA75D, 0xEFFF, 0xFFFF, 0xFFFF,
 0xFFFF, 0xFFFF, 0xFFFF, 0xFFFF, 0xDFBE, 0xA75C, 0xCF9E, 0xFFFF, 0xFFFF, 0xFFFF, 0xFFFF, 0xFFFF, 0xFFFF, 0xF7FF, 0xB77D, 0xAF5C,
 0xF7FF, 0xFFFF, 0xFFFF, 0xFFFF, 0xFFFF, 0xFFFF, 0xFFFF, 0xD7BE, 0xAF5D, 0xDFBE, 0xFFFF, 0xFFFF, 0xFFFF, 0xFFFF, 0xFFFF, 0xFFFF,
 0xF7FF, 0xB77D, 0xAF5D, 0xF7DF, 0xFFFF, 0xFFFF, 0xFFFF, 0xFFFF, 0xFFFF, 0xFFFF, 0xC79D, 0xAF5D, 0xDFDE, 0xFFFF, 0xFFFF, 0xFFFF,
 0xFFFF, 0xFFFF, 0xFFFF, 0xF7FF, 0xAF7D, 0xB77D, 0xFFFF, 0xFFFF, 0xFFFF, 0xFFFF, 0xFFFF, 0xFFFF, 0xFFFF, 0xC77D, 0xAF5D, 0xDFBE,
 0xFFFF, 0xCF9E, 0xB77D, 0xDFBE, 0xF7DF, 0xFFFF, 0xFFFF, 0xFFFF, 0xFFFF, 0xFFFF, 0xFFFF, 0xFFFF, 0xE7DF, 0xB75D, 0xBF7D, 0xFFFF,
 0xFFFF, 0xFFFF, 0xFFFF, 0xFFFF, 0xC77D, 0xB75D, 0xE7DF, 0xFFFF, 0xFFFF, 0xFFFF, 0xFFFF, 0xFFFF, 0xFFFF, 0xFFFF, 0xFFFF, 0xE7BE,
 0xAF5D, 0xCF9E, 0xFFFF, 0xFFFF, 0xFFFF, 0xFFFF, 0xFFFF, 0xC77D, 0xB77D, 0xEFDF, 0xFFFF, 0xFFFF, 0xFFFF, 0xFFFF, 0xFFFF, 0xFFFF,
 0xFFFF, 0xF7BE, 0xD79D, 0xA6FB, 0xD77D, 0xFFFF, 0xFFFF, 0xFFFF, 0xFFFF, 0xF7FF, 0xBF5D, 0xB77D, 0xE7BF, 0xFFFF, 0xFFFF, 0xFFFF,
 0xFFFF, 0xFFFF, 0xFFFF, 0xFFFF, 0xFFFF, 0xE7BF, 0xAF7D, 0xCFBE, 0xFFFF, 0xFFFF, 0xFFFF, 0xFFFF, 0xFFFF, 0xBF7D, 0xBF7D, 0xEFDF,
 0xFFFF, 0xFFFF, 0xF7BE, 0xFFFF, 0xFFFF, 0xFFFF, 0xFFFF, 0xFFFF, 0xD7BE, 0xAF5D, 0xCFBE, 0xFFFF, 0xFFFF, 0xFFFF, 0xFFFF, 0xFFFF,
 0xBF7D, 0xBF7D, 0xEFDF, 0xFFFF, 0xFFFF, 0xFFFF, 0xFFFF, 0xFFFF, 0xFFFF, 0xFFFF, 0xFFFF, 0xD7BE, 0xA75C, 0xE7DF, 0xFFFF, 0xFFFF,
 0xFFFF, 0xFFFF, 0xF7FF, 0xBF7D, 0xBF9D, 0xF7DF, 0xFFFF, 0xFFFF, 0xFFFF, 0xFFFF, 0xFFFF, 0xFFFF, 0xFFFF, 0xFFFF, 0xD7BE, 0xAF5C,
 0xF7FF, 0xF7DF, 0xB77D, 0xB77D, 0xEFDF, 0xFFFF, 0xFFFF, 0xFFFF, 0xFFFF, 0xFFFF, 0xFFFF, 0xFFFF, 0xFFFF, 0xF7FF, 0xD7BE, 0x8F1B,
 0xF7FF, 0xFFFF, 0xFFFF, 0xFFFF, 0xF7FF, 0xBF7D, 0xAF7D, 0xF7DF, 0xFFFF, 0xFFFF, 0xFFFF, 0xFFFF, 0xFFFF, 0xFFFF, 0xFFFF, 0xFFFF,
 0xEFFF, 0xBF7D, 0xA77C, 0xF7FF, 0xFFFF, 0xFFFF, 0xFFFF, 0xF7DF, 0x9F3C, 0xCF9E, 0xF7FF, 0xFFFF, 0xFFFF, 0xFFFF, 0xFFFF, 0xFFFF,
 0xE73C, 0x5ACB, 0xEF7D, 0x7C30, 0x4B8D, 0xBF7D, 0xFFFF, 0xFFFF, 0xFFFF, 0xFFFF, 0xE7FF, 0x971B, 0xD7BE, 0xFFFF, 0xFFFF, 0xFFFF,
 0xFFFF, 0xFFFF, 0xFFFF, 0xFFFF, 0xFFFF, 0xFFFF, 0xF7DF, 0xAF7D, 0xC79D, 0xFFFF, 0xFFFF, 0xFFFF, 0xFFFF, 0xF7FF, 0x8F1B, 0xDFBE,
 0xFFFF, 0xEF9E, 0x4A49, 0xFFFF, 0xFFFF, 0xFFFF, 0xFFFF, 0xFFFF, 0xFFFF, 0xE7DF, 0x9F5C, 0xD7BE, 0xFFFF, 0xFFFF, 0xFFFF, 0xFFFF,
 0xE7DF, 0x971B, 0xE7BE, 0xFFFF, 0xFFFF, 0xFFFF, 0xFFFF, 0xFFFF, 0xFFFF, 0xFFFF, 0xFFFF, 0xFFFF, 0xE7BE, 0x8F1B, 0xEFFF, 0xFFFF,
 0xFFFF, 0xFFFF, 0xFFFF, 0xD7BE, 0xA75C, 0xF7DF, 0xFFFF, 0xFFFF, 0xFFFF, 0xFFFF, 0xFFFF, 0xFFFF, 0xFFFF, 0xFFFF, 0xFFFF, 0xDFBE,
 0x66FA, 0x66FB, 0xB75D, 0xF7DF, 0xFFDF, 0xFFFF, 0xFFFF, 0xFFFF, 0xFFFF, 0xFFFF, 0xFFFF, 0xFFFF, 0xFFFF, 0xFFFF, 0xFFDF, 0xD7BE,
 0x6F1B, 0x671B, 0x5EFB, 0x5EFB, 0x6EFB, 0x9F3D, 0xEFDF, 0xFFDF, 0xFFFF, 0xFFFF, 0xFFFF, 0xFFFF, 0xFFFF, 0xFFFF, 0xFFFF, 0xFFFF,
 0xFFFF, 0xF7DF, 0xB77D, 0x66FA, 0x5EFB, 0x5EFB, 0x5EDB, 0x76FB, 0xBF9E, 0xF7DF, 0xFFFF, 0xFFFF, 0xFFFF, 0xFFFF, 0xFFFF, 0xFFFF,
 0xE73C, 0x528A, 0xFFFF, 0x94B2, 0x73EF, 0xA75D, 0x5EFB, 0x5EFB, 0x5EFB, 0x5EFB, 0x76DB, 0xCFBE, 0xFFDF, 0xFFFF, 0xFFFF, 0xFFFF,
 0xFFFF, 0xFFFF, 0xFFFF, 0xFFFF, 0xFFFF, 0xFFFF, 0xFFFF, 0xF7DF, 0x9F3C, 0x66FB, 0x5EFB, 0x5EFB, 0x5EDB, 0x66DB, 0xD7DF, 0x39C7,
 0xFFDF, 0xEF9E, 0x4228, 0xFFFF, 0xFFFF, 0xFFFF, 0xFFFF, 0xFFFF, 0xFFFF, 0xFFFF, 0xF7DF, 0x971C, 0x5EFB, 0x5EFB, 0x5EFB, 0x5EFB,
 0x771B, 0xE7DF, 0xFFFF, 0xFFFF, 0xFFFF, 0xFFFF, 0xFFFF, 0xFFFF, 0xFFFF, 0xFFFF, 0xFFFF, 0xFFFF, 0xFFFF, 0xE7DF, 0x76FB, 0x66FB,
 0x5EFB, 0x5EFB, 0x5EDB, 0x871C, 0xEFDF, 0xFFFF, 0xFFFF, 0xFFFF, 0xFFFF, 0xFFFF, 0xFFFF, 0xFFFF, 0xFFFF, 0xFFFF, 0xFFFF, 0xFFDF,
 0xF7FF, 0xF7FF, 0xAF5C, 0xB77D, 0xF7FF, 0xFFFF, 0xFFFF, 0xFFFF, 0xFFFF, 0xFFFF, 0xFFFF, 0xFFFF, 0xFFFF, 0xFFFF, 0xE7DF, 0x7678,
 0x4229, 0xF7FF, 0xF7FF, 0xF7FF, 0xF7FF, 0xB77C, 0xB77D, 0xFFFF, 0xFFFF, 0xFFFF, 0xFFFF, 0xFFFF, 0xFFFF, 0xFFFF, 0xFFFF, 0xFFFF,
 0xFFDF, 0xC79E, 0x9F5C, 0xF7DF, 0xF7FF, 0xF7FF, 0xF7FF, 0xEFFF, 0x971B, 0xD7DE, 0xFFDF, 0xF7BF, 0xFFFF, 0xFFFF, 0xFFFF, 0xFFFF,
 0xE73C, 0x528A, 0xFFFF, 0x94B2, 0x4B4C, 0xAF7D, 0xF7FF, 0xF7FF, 0xF7FF, 0xF7FF, 0xE7FF, 0x8EFA, 0xE7DF, 0xFFFF, 0xFFFF, 0xFFFF,
 0xFFFF, 0xFFFF, 0xFFFF, 0xFFFF, 0xFFFF, 0xFFFF, 0xFFFF, 0xAF7D, 0xB77D, 0xF7FF, 0xF7FF, 0xF7FF, 0xF7FF, 0xF7FF, 0x8EDA, 0x18C3,
 0xFFDF, 0xF79E, 0x4208, 0xDEFB, 0x632C, 0xFFDF, 0xFFFF, 0xFFFF, 0xFFFF, 0xF7DF, 0x9F3C, 0xCFBE, 0xF7FF, 0xF7FF, 0xF7FF, 0xF7FF,
 0xDFDF, 0x86DA, 0xEFDF, 0xFFDF, 0xFFDF, 0xFFFF, 0xFFFF, 0xFFFF, 0xFFFF, 0xFFFF, 0xFFFF, 0xFFFF, 0xEFFF, 0x86FA, 0x1924, 0xF7DF,
 0xF7FF, 0xF7FF, 0xF7FF, 0xC7BE, 0xA73C, 0xF7DF, 0xFFFF, 0xFFFF, 0xFFFF, 0xFFFF, 0xFFFF, 0xFFFF, 0xFFFF, 0xFFFF, 0xFFFF, 0xF7FF,
 0xFFFF, 0xFFFF, 0xF7FF, 0xAF5C, 0x9F5C, 0xFFDF, 0xFFDF, 0xFFFF, 0xFFFF, 0xFFFF, 0xFFFF, 0xFFFF, 0xFFFF, 0xEFDF, 0x86FA, 0xDF7D,
 0x4208, 0xFFFF, 0xFFFF, 0xFFFF, 0xFFFF, 0xF7FF, 0xA73C, 0xC79E, 0xFFFF, 0xFFFF, 0xFFFF, 0xFFFF, 0xFFFF, 0xFFFF, 0xFFFF, 0xFFFF,
 0xDFBE, 0x971C, 0xF7DF, 0xFFFF, 0xFFFF, 0xFFFF, 0xFFFF, 0xFFFF, 0xF7DF, 0x8EFA, 0xD7DE, 0x3186, 0xFFFF, 0xFFFF, 0xFFFF, 0xFFFF,
 0xE73C, 0x528A, 0xF7FF, 0x9492, 0x7BEF, 0xF7DF, 0xFFFF, 0xFFFF, 0xFFFF, 0xFFFF, 0xFFFF, 0xE7DF, 0x86DA, 0xEFDF, 0xFFDF, 0xFFFF,
 0xFFFF, 0xFFFF, 0xFFFF, 0xFFFF, 0xFFFF, 0xFFFF, 0xBF9D, 0xB75C, 0xFFDF, 0xFFFF, 0xFFFF, 0xFFFF, 0xFFDF, 0xFFDF, 0xF7DF, 0x18C3,
 0xFFDF, 0xEF7D, 0x0841, 0x4A49, 0xFFDF, 0xFFFF, 0xFFFF, 0xFFFF, 0xFFFF, 0x973B, 0xC77D, 0xFFFF, 0xFFFF, 0xFFFF, 0xFFFF, 0xFFFF,
 0xFFFF, 0xDFDF, 0x8EFB, 0xBDF8, 0x5ACB, 0xFFFF, 0xFFFF, 0xFFFF, 0xFFFF, 0xFFFF, 0xFFFF, 0xF7FF, 0x8EFB, 0xE7DF, 0x18E3, 0xFFDF,
 0xFFFF, 0xFFFF, 0xFFFF, 0xFFFF, 0xBF9D, 0xAF5D, 0xFFDF, 0xFFFF, 0xFFFF, 0xFFFF, 0xFFFF, 0xFFFF, 0xFFFF, 0xFFFF, 0xF7FF, 0x8EFB,
 0xFFFF, 0xFFFF, 0xFFFF, 0xFFDF, 0xB596, 0x9491, 0xFFDF, 0xFFFF, 0xFFFF, 0xFFFF, 0xFFFF, 0xFFFF, 0xE7DF, 0x7E99, 0xDFBE, 0xEF5D,
 0x41E8, 0xFFFF, 0xFFFF, 0xFFFF, 0xFFFF, 0xFFFF, 0xF7DF, 0x9F3C, 0xBF9D, 0xFFFF, 0xFFFF, 0xFFFF, 0xFFFF, 0xFFFF, 0xFFDF, 0xDFBE,
 0x8F1B, 0xF7FF, 0xFFFF, 0xFFFF, 0xFFFF, 0xFFFF, 0xFFFF, 0xFFFF, 0xFFFF, 0xFFDF, 0x39C7, 0xE77D, 0xFFFF, 0xFFFF, 0xFFFF, 0xFFFF,
 0xE73C, 0x528A, 0xBF7D, 0x4BEF, 0x83EF, 0xFFFF, 0xFFFF, 0xFFFF, 0xFFFF, 0xFFFF, 0xFFFF, 0xFFFF, 0xF7DF, 0x41E7, 0xF79E, 0xFFFF,
 0xFFFF, 0xFFFF, 0xFFFF, 0xFFFF, 0xF7DF, 0xAF3C, 0x54D2, 0x9492, 0xF7DF, 0xFFFF, 0xFFFF, 0xFFFF, 0x5AEB, 0xDEDB, 0xFFDF, 0x0020,
 0x2945, 0xE73C, 0x4228, 0xFFFF, 0xFFFF, 0xFFFF, 0xFFFF, 0xF7FF, 0xA75C, 0x430B, 0xAD96, 0xFFDF, 0xFFFF, 0xFFFF, 0xFFFF, 0xFFFF,
 0xFFFF, 0xFFDF, 0xDEFB, 0x52CB, 0xF7DF, 0xFFFF, 0xFFFF, 0xFFFF, 0xFFFF, 0xFFFF, 0xEFDF, 0x8EFA, 0xD79D, 0xFFDF, 0x18E3, 0xFFDF,
 0xFFFF, 0xFFFF, 0xFFFF, 0xFFFF, 0xFFFF, 0xB77D, 0xAF5C, 0xF7FF, 0xFFFF, 0xFFFF, 0xFFFF, 0xFFFF, 0xFFFF, 0xE7DF, 0x76FA, 0xD7DE,
 0xFFDF, 0xFFDF, 0xFFFF, 0xFFFF, 0xF79E, 0x94B2, 0xA595, 0xDFDE, 0xDFDE, 0xE7DE, 0xE7DE, 0xD7BF, 0x7617, 0x0861, 0x39E7, 0xCE79,
 0x39E7, 0xFFDF, 0xFFFF, 0xFFFF, 0xFFFF, 0xFFFF, 0xFFFF, 0xFFFF, 0xAF3C, 0xC7BE, 0xE7DF, 0xDFDF, 0xDFDF, 0xDFDE, 0xCFBE, 0x8F1B,
 0xF7FF, 0xFFFF, 0xFFFF, 0xFFFF, 0xFFFF, 0xFFFF, 0xFFFF, 0xFFFF, 0xFFDF, 0xFFDF, 0x39C7, 0x8EDA, 0xCEFC, 0xE79E, 0xE7BF, 0xE7BE,
 0xD6FB, 0x3A49, 0xAF5C, 0x9492, 0x83EF, 0xFFFF, 0xFFFF, 0xFFFF, 0xFFFF, 0xFFDF, 0xFFFF, 0xFFDF, 0xFFDF, 0xD69A, 0x4A69, 0xE7BE,
 0xDFDE, 0xDFBE, 0xE7DF, 0xDFDF, 0xA73C, 0xB79D, 0xF77E, 0x94B2, 0xB5B6, 0xFFFF, 0xFFFF, 0xFFFF, 0xE73C, 0x52AA, 0xF7BE, 0x18C3,
 0xFFBE, 0x3986, 0x4208, 0xE7DF, 0xE7BE, 0xE7DE, 0xE7DF, 0xAF7D, 0xBF7E, 0xE73C, 0x7BAE, 0xD69A, 0xFFFF, 0xFFFF, 0xFFFF, 0xFFFF,
 0xFFFF, 0xFFFF, 0xDEFB, 0x3A49, 0x96FB, 0xE73C, 0xDFDE, 0xE7DF, 0xE7DF, 0xDFDF, 0x7E79, 0x2208, 0x3186, 0xDEDB, 0x18E3, 0xFFDF,
 0xFFFF, 0xFFFF, 0xFFFF, 0xFFFF, 0xFFFF, 0xFFFF, 0xBF7D, 0xAF7D, 0xE7BE, 0xE7DE, 0xE7DE, 0xE7BF, 0xD7DF, 0x8EFB, 0xEFDF, 0xFFFF,
 0xE73C, 0xDEFB, 0xFFDF, 0xFFDF, 0xAD55, 0x73EF, 0xA75C, 0x7F1C, 0x5DF7, 0x76DB, 0x7F3C, 0x8F3C, 0x328A, 0x10A2, 0xC618, 0x1082,
 0x738E, 0xD69A, 0xFFFF, 0xFFFF, 0xFFFF, 0xFFFF, 0xFFFF, 0xFFFF, 0xD7BE, 0x973D, 0x7F1C, 0x7F1C, 0x7F1C, 0x7F1B, 0x8F3C, 0xCFBE,
 0xFFFF, 0xFFFF, 0xFFFF, 0xFFFF, 0xFFFF, 0xFFFF, 0xFFFF, 0xFFDF, 0xD69A, 0xF7BE, 0x39A7, 0xD75D, 0x10C3, 0x8EFB, 0x7F1C, 0x7F1C,
 0x8659, 0x4A8A, 0xDFBE, 0x9492, 0x7BEF, 0xFFFF, 0xFFFF, 0xFFFF, 0xFFDF, 0xCE79, 0xFFDF, 0xFFFF, 0xFFBE, 0x2124, 0xC79D, 0x7EFB,
 0x6E9A, 0x5E18, 0x6E99, 0x6638, 0xAF7D, 0xEFBE, 0xAD35, 0x8C51, 0xFFFF, 0xFFFF, 0xDEDB, 0xF79E, 0x4A69, 0xDEFB, 0xCE59, 0x18E3,
 0xF7DF, 0xCF3C, 0x2165, 0x5DB6, 0x7F3C, 0x6699, 0x5E17, 0xA75D, 0xE7DF, 0x62EB, 0xB575, 0xFFFF, 0xFFFF, 0xD69A, 0xFFDF, 0xFFFF,
 0xFFDF, 0xCE79, 0xDEFB, 0x528A, 0xAE18, 0x42CB, 0x7F3B, 0x7F1C, 0x7F1C, 0x871B, 0x438D, 0x10C3, 0xB596, 0x18E3, 0x5AEB, 0xC638,
 0xFFFF, 0xFFFF, 0xFFFF, 0xFFFF, 0xFFFF, 0xFFFF, 0xEFBF, 0xA75D, 0x7F1C, 0x7F1C, 0x7F1C, 0x7F3C, 0x871B, 0xC79E, 0xF7FF, 0xFFFF,
 0xB596, 0x8410, 0xDF1B, 0xE73C, 0xAD75, 0x53CE, 0xAEBA, 0xE73C, 0x630C, 0xD69A, 0xDEDB, 0xF79E, 0x75B6, 0x0882, 0x4A49, 0x2945,
 0xD6BA, 0x31A6, 0xFFDF, 0xFFFF, 0xFFFF, 0xFFFF, 0xFFFF, 0xDFBE, 0x9F3C, 0xD7BE, 0xFFDF, 0xFFFF, 0xFFFF, 0xFFFF, 0xE7DF, 0x971B,
 0xDFBE, 0xFFDF, 0xFFDF, 0xFFDF, 0xFFFF, 0xFFFF, 0xFFFF, 0xFFDF, 0x4A69, 0xE73C, 0x31A7, 0x9EDA, 0x18C3, 0xFFDF, 0xFFFF, 0xFFFF,
 0xE73C, 0x3249, 0xA75C, 0x8471, 0x7BEF, 0xFFFF, 0xFFFF, 0xFFFF, 0xFFFF, 0x31A6, 0xF7BE, 0xCE9A, 0xFFBF, 0x1924, 0x9F1B, 0xD6BA,
 0xC618, 0x6B4D, 0xAD55, 0x7C10, 0x9699, 0x9EBA, 0x9514, 0x8C51, 0xE71C, 0xE75D, 0x630C, 0xCE9A, 0x4A69, 0xE71C, 0x10A2, 0x18A3,
 0xB679, 0x9699, 0x0000, 0x39C7, 0xFFFF, 0xAD55, 0x632C, 0xAEDB, 0x9EDA, 0x52CB, 0xB596, 0xDEDB, 0xF7BE, 0x39C7, 0xF79E, 0xFFFF,
 0xEF5D, 0x2124, 0xDEFB, 0x3A69, 0x7D95, 0x634C, 0xFFFF, 0xFFFF, 0xE73C, 0xEF7D, 0x8E38, 0x29E7, 0x4208, 0x0861, 0xF7BE, 0x18C3,
 0xFFFF, 0xFFFF, 0xFFFF, 0xFFFF, 0xFFFF, 0xE7DE, 0xAF5D, 0xC79D, 0xFFFF, 0xFFFF, 0xFFFF, 0xFFFF, 0xF7FF, 0x971B, 0xD79E, 0xF7FF,
 0xB596, 0x8410, 0x7BEF, 0x6B4D, 0x7BEF, 0x5B0C, 0x52AA, 0x94B2, 0x62EB, 0xD69A, 0x4A69, 0xE71C, 0x20E4, 0x6B6D, 0xB596, 0x18E3,
 0x9CD3, 0x2965, 0xCE59, 0xFFDF, 0xDEDB, 0xDEBA, 0xDFBE, 0x75D6, 0x8575, 0xEF7D, 0xC618, 0xFFDF, 0xFFFF, 0xFFDF, 0xBDF7, 0xE7DF,
 0xA6FB, 0xB5B6, 0xD6BA, 0xE71C, 0xDEDB, 0xFFFF, 0xFFFF, 0xCE79, 0x39C7, 0xA534, 0x2945, 0xAD55, 0x18A3, 0xB5B6, 0xFFFF, 0xFFFF,
 0xE73C, 0x52AA, 0xCF9E, 0x6430, 0x7BEF, 0xFFDF, 0xFFFF, 0xFFFF, 0xFFFF, 0x31A6, 0xF79E, 0x2124, 0xAD96, 0x1904, 0xAD75, 0x39E7,
 0xC618, 0x6B4D, 0xAD75, 0x8410, 0x7BCF, 0x32EB, 0x3B4C, 0x632C, 0x5AAA, 0xA4F3, 0x632C, 0xD69A, 0x4A69, 0x9CF3, 0x1082, 0x0000,
 0x1062, 0xAD55, 0x0000, 0x2965, 0xCE79, 0xA555, 0x632C, 0x94B2, 0x3B0B, 0x21E7, 0x83EF, 0x31A6, 0xE73C, 0x39C7, 0xF79E, 0xFFFF,
 0xAD55, 0x18E3, 0x9CF3, 0x3A07, 0x8C71, 0x4A49, 0xDEDB, 0xFFFF, 0x8410, 0xB5B6, 0x4A69, 0x528A, 0xB596, 0x18E3, 0xB596, 0x10A2,
 0xBDF7, 0xFFFF, 0xFFFF, 0xFFFF, 0xEFBE, 0xA77D, 0xC79D, 0xFFFF, 0xFFFF, 0xFFFF, 0xFFFF, 0xFFFF, 0xFFFF, 0xF7FF, 0x9F3C, 0xBF7D,
 0x738E, 0x528A, 0x4A69, 0x0000, 0x0000, 0x0000, 0x0000, 0x5AEB, 0x39E7, 0x8410, 0x3186, 0x8C71, 0x18C3, 0x9CD3, 0x0841, 0x0000,
 0x0000, 0x0000, 0x3186, 0x9CD3, 0x5AAA, 0x528A, 0x6C71, 0x2186, 0x0000, 0x83EF, 0x2104, 0x94B2, 0x9CD3, 0x9CD3, 0x18C3, 0x9CF3,
 0x8430, 0x0020, 0x4A49, 0x6B6D, 0x52AA, 0x9CF3, 0x9CF3, 0x39E7, 0x0000, 0x0000, 0x0000, 0x0000, 0x0000, 0x0861, 0xAD55, 0xFFDF,
 0x73CF, 0x0862, 0xBDD7, 0x94B2, 0x63AE, 0xDFBE, 0xFFFF, 0xFFFF, 0xB5B6, 0x2124, 0x94B2, 0x18C3, 0x0000, 0x0000, 0x0000, 0x2104,
 0x7BCF, 0x4208, 0x6B6D, 0x528A, 0x4A69, 0x0000, 0x0000, 0x0000, 0x0000, 0x630C, 0x4208, 0x8410, 0x3186, 0x0000, 0x0000, 0x0000,
 0x0000, 0x0000, 0x0000, 0x0000, 0x39C7, 0x6B4D, 0x4208, 0x5AEB, 0x0000, 0x0000, 0x0000, 0x0000, 0x8C71, 0x2945, 0x94B2, 0x9CD3,
 0x0000, 0x0000, 0x0000, 0x0000, 0x0000, 0x0000, 0x52AA, 0x9CF3, 0x528A, 0x738E, 0x3186, 0x7BEF, 0x2124, 0x0000, 0x0000, 0x0000,
 0x18E3, 0xFFFF, 0xFFFF, 0xE7DF, 0xAF7C, 0xCF9E, 0xFFFF, 0xFFFF, 0xFFFF, 0xFFFF, 0xFFFF, 0xFFFF, 0xFFFF, 0xFFFF, 0xFFFF, 0xB77C,
 0x0000, 0x0000, 0x0000, 0x0000, 0x0000, 0x0000, 0x0000, 0x0000, 0x0020, 0x0000, 0x0020, 0x0000, 0x0020, 0x0020, 0x0000, 0x0000,
 0x0000, 0x0000, 0x0000, 0x0000, 0x0000, 0x0000, 0x0000, 0x0000, 0x0020, 0x0000, 0x0000, 0x0000, 0x0000, 0x0000, 0x0000, 0x0000,
 0x0000, 0x0000, 0x0000, 0x0000, 0x0000, 0x0000, 0x0000, 0x0000, 0x0000, 0x0000, 0x0000, 0x0000, 0x0000, 0x0000, 0x18E3, 0xA514,
 0x2925, 0x43B2, 0x10C3, 0x5ACB, 0x2A28, 0x74D2, 0xA514, 0xA534, 0x31A6, 0x0000, 0x0000, 0x0000, 0x0000, 0x0000, 0x0000, 0x0020,
 0x0020, 0x0000, 0x0020, 0x0000, 0x0000, 0x0000, 0x0000, 0x0000, 0x0000, 0x0000, 0x0000, 0x0000, 0x0000, 0x0000, 0x0000, 0x0000,
 0x0000, 0x0000, 0x0000, 0x0000, 0x0000, 0x0000, 0x0000, 0x0000, 0x0000, 0x0000, 0x0000, 0x0000, 0x0000, 0x0000, 0x0000, 0x0000,
 0x0000, 0x0000, 0x0000, 0x0000, 0x0000, 0x0000, 0x0000, 0x0000, 0x0000, 0x0000, 0x0000, 0x0000, 0x0000, 0x0000, 0x0000, 0x0000,
 0x18C3, 0xBF7D, 0xB77D, 0xAF7D, 0xC77D, 0xFFDF, 0xFFFF, 0xFFFF, 0xFFFF, 0xFFFF, 0xFFFF, 0xFFFF, 0xFFFF, 0xFFFF, 0xFFFF, 0xFFDF,
 0x0000, 0x0000, 0x0000, 0x0000, 0x0000, 0x0000, 0x0000, 0x0000, 0x0000, 0x0000, 0x0000, 0x0000, 0x0000, 0x0000, 0x0000, 0x0000,
 0x0000, 0x0000, 0x0000, 0x0000, 0x0000, 0x0000, 0x0000, 0x0000, 0x0000, 0x0000, 0x0000, 0x0000, 0x0000, 0x0000, 0x0000, 0x0000,
 0x0000, 0x1987, 0x0041, 0x0000, 0x0000, 0x0000, 0x0000, 0x0000, 0x0000, 0x0000, 0x0000, 0x0000, 0x0000, 0x0000, 0x0000, 0x0000,
 0x0000, 0x4DBC, 0x3414, 0x0041, 0x0000, 0x0000, 0x0000, 0x0000, 0x0000, 0x0000, 0x0000, 0x0000, 0x0000, 0x0000, 0x0000, 0x0000,
 0x0000, 0x0000, 0x0000, 0x0000, 0x0000, 0x0000, 0x0000, 0x0000, 0x0000, 0x0000, 0x0000, 0x0000, 0x0000, 0x0000, 0x0000, 0x0000,
 0x0000, 0x0000, 0x0000, 0x0000, 0x0000, 0x0000, 0x0000, 0x0000, 0x0000, 0x0000, 0x0000, 0x0000, 0x0000, 0x0000, 0x0000, 0x0000,
 0x0000, 0x0000, 0x0000, 0x0000, 0x0000, 0x0000, 0x0000, 0x0000, 0x0000, 0x0000, 0x0000, 0x0000, 0x0000, 0x0000, 0x0000, 0x0000,
 0x18E3, 0xAF7D, 0xA77D, 0xAF5D, 0xC79D, 0xFFDF, 0xFFFF, 0xFFFF, 0xFFFF, 0xFFFF, 0xFFFF, 0xFFFF, 0xFFFF, 0xFFFF, 0xFFFF, 0xFFFF,
 0x0000, 0x0000, 0x0000, 0x0000, 0x0000, 0x0000, 0x0000, 0x0000, 0x0000, 0x0000, 0x0000, 0x0000, 0x0000, 0x0000, 0x0000, 0x0000,
 0x0000, 0x0000, 0x0000, 0x0000, 0x0000, 0x0000, 0x0000, 0x0000, 0x0000, 0x0000, 0x0000, 0x0000, 0x0000, 0x0042, 0x0001, 0x0021,
 0x0021, 0x2AEE, 0x4475, 0x0000, 0x0001, 0x0021, 0x0021, 0x0021, 0x0001, 0x0000, 0x0021, 0x0001, 0x0021, 0x0021, 0x0021, 0x0021,
 0x0001, 0x4DDD, 0x45FE, 0x3C14, 0x0021, 0x0000, 0x0000, 0x0000, 0x0000, 0x0000, 0x0000, 0x0000, 0x0000, 0x0021, 0x0000, 0x0000,
 0x0000, 0x0021, 0x0021, 0x0021, 0x0021, 0x0021, 0x0041, 0x0000, 0x0021, 0x0021, 0x0000, 0x0000, 0x0021, 0x0041, 0x0001, 0x0021,
 0x0000, 0x0000, 0x0000, 0x0041, 0x0000, 0x0000, 0x0000, 0x0000, 0x0000, 0x0000, 0x0000, 0x0000, 0x0000, 0x0000, 0x0000, 0x0000,
 0x0000, 0x0000, 0x0000, 0x0000, 0x0000, 0x0000, 0x0000, 0x0000, 0x0000, 0x0000, 0x0000, 0x0000, 0x0000, 0x0000, 0x0000, 0x0000,
 0x20E4, 0xFFFF, 0xFFFF, 0xE7DF, 0xAF7D, 0xC79D, 0xFFFF, 0xFFFF, 0xFFFF, 0xFFFF, 0xFFFF, 0xFFFF, 0xFFFF, 0xFFFF, 0xF7FF, 0xB75C,
 0x0000, 0x0000, 0x0000, 0x0000, 0x0000, 0x0000, 0x0000, 0x0000, 0x0000, 0x0000, 0x0000, 0x0000, 0x0000, 0x0000, 0x0000, 0x0000,
 0x0000, 0x0000, 0x0000, 0x0000, 0x0000, 0x0000, 0x0000, 0x0000, 0x0000, 0x0000, 0x0000, 0x0000, 0x0000, 0x44D8, 0x459C, 0x459C,
 0x3D9C, 0x45DD, 0x4D5A, 0x08E5, 0x45BC, 0x459C, 0x3D9C, 0x3DBC, 0x45BC, 0x2A8D, 0x3371, 0x3D9C, 0x3D9C, 0x3D9C, 0x3D9C, 0x459B,
 0x08C4, 0x4DBC, 0x34D8, 0x459C, 0x33B2, 0x0041, 0x0000, 0x0000, 0x0000, 0x0000, 0x0000, 0x0000, 0x08E5, 0x55BC, 0x1926, 0x0000,
 0x0000, 0x44F8, 0x3D9C, 0x3D9C, 0x459C, 0x459C, 0x455A, 0x08A4, 0x3C97, 0x557B, 0x0863, 0x0000, 0x3BF3, 0x33B2, 0x2ACE, 0x4434,
 0x0000, 0x0000, 0x0883, 0x4D5B, 0x1966, 0x0000, 0x0000, 0x0000, 0x0000, 0x0000, 0x0000, 0x0000, 0x0000, 0x0000, 0x0000, 0x0000,
 0x0000, 0x0000, 0x0000, 0x0000, 0x0000, 0x0000, 0x0000, 0x0000, 0x0000, 0x0000, 0x0000, 0x0000, 0x0000, 0x0000, 0x0000, 0x0000,
 0x18E3, 0xFFFF, 0xFFFF, 0xFFFF, 0xDFBE, 0xA75C, 0xCF7D, 0xFFFF, 0xFFFF, 0xFFFF, 0xFFFF, 0xFFFF, 0xFFFF, 0xF7FF, 0xA75C, 0xB77D,
 0x0000, 0x0000, 0x0000, 0x0000, 0x0000, 0x0000, 0x0000, 0x0000, 0x0000, 0x0000, 0x0000, 0x0000, 0x0000, 0x0000, 0x0000, 0x0000,
 0x0000, 0x0000, 0x0000, 0x0000, 0x0000, 0x0000, 0x0000, 0x0000, 0x0000, 0x0000, 0x0000, 0x0000, 0x0000, 0x455A, 0x3393, 0x1A4B,
 0x1A4B, 0x33F4, 0x557B, 0x0905, 0x4E1E, 0x1A4C, 0x1A2B, 0x1A2B, 0x457B, 0x2AAD, 0x3BB2, 0x3CD8, 0x1A4B, 0x1A2B, 0x1A2B, 0x1A2B,
 0x0042, 0x55BC, 0x220A, 0x19C9, 0x5DFD, 0x33B2, 0x0001, 0x0000, 0x0000, 0x0000, 0x0000, 0x0000, 0x0905, 0x561E, 0x1146, 0x0000,
 0x0000, 0x455A, 0x3C97, 0x1A4B, 0x1A2B, 0x1A2B, 0x1A0A, 0x0021, 0x10E5, 0x4496, 0x3CF8, 0x10E5, 0x3C35, 0x3BF4, 0x2B10, 0x44B6,
 0x10E5, 0x2ACE, 0x08A4, 0x55DD, 0x1987, 0x0000, 0x0000, 0x0000, 0x0000, 0x0000, 0x0000, 0x0000, 0x0000, 0x0000, 0x0000, 0x0000,
 0x0000, 0x0000, 0x0000, 0x0000, 0x0000, 0x0000, 0x0000, 0x0000, 0x0000, 0x0000, 0x0000, 0x0000, 0x0000, 0x0000, 0x0000, 0x0000,
 0x18E3, 0xFFFF, 0xFFFF, 0xFFFF, 0xFFFF, 0xE7BF, 0xAF7D, 0xD79E, 0xFFFF, 0xFFFF, 0xFFFF, 0xFFFF, 0xF7FF, 0xA73C, 0xC7BE, 0xF7FF,
 0x0000, 0x0000, 0x0000, 0x0000, 0x0000, 0x0000, 0x0000, 0x0000, 0x0000, 0x0000, 0x0000, 0x0000, 0x0000, 0x0000, 0x0000, 0x0000,
 0x0000, 0x0000, 0x0000, 0x0000, 0x0000, 0x0000, 0x0000, 0x0000, 0x0000, 0x0000, 0x0000, 0x0000, 0x0000, 0x455A, 0x2A6C, 0x0000,
 0x0000, 0x224B, 0x4D19, 0x0905, 0x561E, 0x0001, 0x0000, 0x0000, 0x4519, 0x2AAE, 0x3BB3, 0x3435, 0x0000, 0x0000, 0x0000, 0x0000,
 0x0000, 0x4DBC, 0x1A0A, 0x0001, 0x1946, 0x457B, 0x33D3, 0x0000, 0x0000, 0x0000, 0x0000, 0x0000, 0x0905, 0x561E, 0x1146, 0x0000,
 0x0000, 0x453A, 0x3D9C, 0x351A, 0x3D19, 0x3D19, 0x3CD8, 0x0021, 0x0000, 0x0021, 0x44B8, 0x3D5A, 0x45BC, 0x3C14, 0x2B10, 0x45BD,
 0x3D7B, 0x3DFE, 0x3D1A, 0x461E, 0x1987, 0x0000, 0x0000, 0x0000, 0x0000, 0x0000, 0x0000, 0x0000, 0x0000, 0x0000, 0x0000, 0x0000,
 0x0000, 0x0000, 0x0000, 0x0000, 0x0000, 0x0000, 0x0000, 0x0000, 0x0000, 0x0000, 0x0000, 0x0000, 0x0000, 0x0000, 0x0000, 0x0000,
 0x2104, 0xFFFF, 0xFFFF, 0xFFFF, 0xFFFF, 0xFFFF, 0xEFBF, 0x9F3C, 0x771B, 0x771B, 0x771B, 0x771B, 0x7EFB, 0xCF9E, 0xF7FF, 0xFFFF,
 0x0000, 0x0000, 0x0000, 0x0000, 0x0000, 0x0000, 0x0000, 0x0000, 0x0000, 0x0000, 0x0000, 0x0000, 0x0000, 0x0000, 0x0000, 0x0000,
 0x0000, 0x0000, 0x0000, 0x0000, 0x0000, 0x0000, 0x0000, 0x0000, 0x0000, 0x0000, 0x0000, 0x0000, 0x0000, 0x455A, 0x2A8D, 0x0000,
 0x0000, 0x0000, 0x29C9, 0x1105, 0x561E, 0x0021, 0x0000, 0x0000, 0x4519, 0x2AAE, 0x3BB3, 0x3435, 0x0000, 0x0000, 0x0000, 0x0000,
 0x0000, 0x4DDC, 0x222A, 0x0020, 0x0020, 0x3BB1, 0x3C97, 0x0000, 0x0000, 0x0000, 0x0000, 0x0000, 0x0905, 0x4E1E, 0x1946, 0x0020,
 0x0000, 0x455A, 0x3CB8, 0x1ACE, 0x1ACE, 0x1ACE, 0x22AD, 0x0020, 0x0000, 0x0000, 0x0882, 0x3C76, 0x3DFE, 0x33F4, 0x2B30, 0x463E,
 0x3497, 0x1ACE, 0x45BD, 0x463E, 0x1987, 0x0000, 0x0000, 0x0000, 0x0000, 0x0000, 0x0000, 0x0000, 0x0000, 0x0000, 0x0000, 0x0000,
 0x0000, 0x0000, 0x0000, 0x0000, 0x0000, 0x0000, 0x0000, 0x0000, 0x0000, 0x0000, 0x0000, 0x0000, 0x0000, 0x0000, 0x0000, 0x0841,
 0xF79E, 0xFFFF, 0xFFFF, 0xFFFF, 0xFFFF, 0xFFFF, 0xBF7D, 0xB77D, 0xEFDF, 0xEFDF, 0xEFDF, 0xEFDF, 0xE7DF, 0x86FB, 0xEFFF, 0xFFFF,
 0x0000, 0x0000, 0x0000, 0x0000, 0x0000, 0x0000, 0x0000, 0x0000, 0x0000, 0x0000, 0x0000, 0x0000, 0x0000, 0x0000, 0x0000, 0x0000,
 0x0000, 0x0000, 0x0000, 0x0000, 0x0000, 0x0000, 0x0000, 0x0000, 0x0000, 0x0000, 0x0000, 0x0000, 0x0000, 0x455A, 0x3456, 0x2351,
 0x2351, 0x2371, 0x22EE, 0x1105, 0x4E1E, 0x2351, 0x2351, 0x2331, 0x459C, 0x2AAE, 0x3BB3, 0x3435, 0x0000, 0x0000, 0x0000, 0x0000,
 0x0000, 0x4DDC, 0x3435, 0x2351, 0x2351, 0x3CD8, 0x3C77, 0x0000, 0x0000, 0x0000, 0x1988, 0x2351, 0x23B3, 0x4E1E, 0x2BB3, 0x2351,
 0x08E4, 0x4D5A, 0x3CF9, 0x2351, 0x2351, 0x2351, 0x2B30, 0x0021, 0x0000, 0x0000, 0x0000, 0x10E4, 0x4497, 0x3BF4, 0x2B10, 0x44F9,
 0x08E5, 0x0000, 0x11EA, 0x4DFD, 0x1987, 0x0000, 0x0000, 0x0000, 0x0000, 0x0000, 0x0000, 0x0000, 0x0000, 0x0000, 0x0000, 0x0000,
 0x0000, 0x0000, 0x0000, 0x0000, 0x0000, 0x0000, 0x0000, 0x0000, 0x0000, 0x0000, 0x0000, 0x0000, 0x0000, 0x0000, 0x0000, 0x0861,
 0xFFFF, 0xFFFF, 0xFFFF, 0xFFFF, 0xFFFF, 0xAF7D, 0xAF5C, 0xEFFF, 0xFFFF, 0xFFFF, 0xFFFF, 0xFFFF, 0xFFFF, 0xDFDF, 0x86FA, 0xDFDF,
 0x0000, 0x0000, 0x0000, 0x0000, 0x0000, 0x0000, 0x0000, 0x0000, 0x0000, 0x0000, 0x0000, 0x0000, 0x0000, 0x0000, 0x0000, 0x0000,
 0x0000, 0x0000, 0x0000, 0x0000, 0x0000, 0x0000, 0x0000, 0x0000, 0x0000, 0x0000, 0x0000, 0x0000, 0x0000, 0x3C55, 0x3CD9, 0x3CF9,
 0x3CF9, 0x34F8, 0x4455, 0x08C4, 0x3CF8, 0x3CF9, 0x3CF9, 0x3CF9, 0x3CD9, 0x220B, 0x32EE, 0x2B71, 0x0000, 0x0000, 0x0000, 0x0000,
 0x0020, 0x4496, 0x34F9, 0x34F9, 0x3CD9, 0x3CF9, 0x3392, 0x0000, 0x0000, 0x0000, 0x2A6B, 0x3CF8, 0x3CF9, 0x3CF9, 0x3CF9, 0x3CF8,
 0x1167, 0x4434, 0x3CD9, 0x3CD9, 0x3CD9, 0x3CD9, 0x44D7, 0x0020, 0x0000, 0x0000, 0x0000, 0x0000, 0x0822, 0x3ACD, 0x328B, 0x0021,
 0x0000, 0x0000, 0x0000, 0x1967, 0x1945, 0x0020, 0x0000, 0x0000, 0x0000, 0x0000, 0x0000, 0x0000, 0x0000, 0x0000, 0x0000, 0x0000,
 0x0000, 0x0000, 0x0000, 0x0000, 0x0000, 0x0000, 0x0000, 0x0000, 0x0000, 0x0000, 0x0000, 0x0000, 0x0000, 0x0000, 0x18E3, 0xF79E,
 0xFFFF, 0xFFFF, 0xFFFF, 0xFFFF, 0xC77D, 0xA77C, 0xF7FF, 0xFFFF, 0xFFFF, 0xFFFF, 0xFFFF, 0xFFFF, 0xFFFF, 0xFFFF, 0xEFFF, 0x8EFA,
 0x0000, 0x0000, 0x0000, 0x0000, 0x0000, 0x0000, 0x0000, 0x0000, 0x0000, 0x0000, 0x0000, 0x0000, 0x0000, 0x0000, 0x0000, 0x0000,
 0x0000, 0x0000, 0x0000, 0x0000, 0x0000, 0x0000, 0x0000, 0x0000, 0x0000, 0x0000, 0x0000, 0x0000, 0x0000, 0x0000, 0x0000, 0x0000,
 0x0000, 0x0000, 0x0000, 0x0000, 0x0000, 0x0000, 0x0000, 0x0000, 0x0000, 0x0000, 0x0020, 0x0000, 0x0000, 0x0000, 0x0000, 0x0000,
 0x0000, 0x0000, 0x0000, 0x0000, 0x0000, 0x0000, 0x0000, 0x0000, 0x0000, 0x0000, 0x0000, 0x0000, 0x0000, 0x0000, 0x0000, 0x0000,
 0x0020, 0x0000, 0x0000, 0x0000, 0x0000, 0x0000, 0x0000, 0x0000, 0x0000, 0x0000, 0x0000, 0x0000, 0x0000, 0x0020, 0x0020, 0x0000,
 0x0000, 0x0000, 0x0000, 0x0000, 0x0861, 0x10A3, 0x0000, 0x0000, 0x0000, 0x10C3, 0x1082, 0x08A2, 0x0041, 0x10C2, 0x0040, 0x0000,
 0x0000, 0x0000, 0x0000, 0x0000, 0x0000, 0x0000, 0x0000, 0x0000, 0x10A2, 0x1082, 0x0000, 0x0000, 0x0000, 0x0000, 0xEF7D, 0x2165,
 0xEF9E, 0xEFDF, 0xEFDF, 0xC79E, 0xA73C, 0xFFDF, 0xFFFF, 0xFFFF, 0xFFFF, 0xFFFF, 0xFFFF, 0xFFFF, 0xFFFF, 0xFFFF, 0xFFFF, 0xF7FF,
 0x1082, 0x0861, 0x10A2, 0x0061, 0x0841, 0x10A2, 0x0841, 0x1082, 0x10A2, 0x0841, 0x0000, 0x0000, 0x0020, 0x10A2, 0x0820, 0x0000,
 0x0000, 0x0000, 0x0000, 0x0000, 0x0000, 0x0000, 0x0881, 0x10A2, 0x0841, 0x0020, 0x0000, 0x0000, 0x0000, 0x0000, 0x0000, 0x0020,
 0x10A2, 0x0800, 0x0000, 0x0000, 0x0000, 0x0000, 0x0000, 0x0000, 0x0882, 0x10A3, 0x0820, 0x0000, 0x0021, 0x0000, 0x0020, 0x0000,
 0x0000, 0x0000, 0x0861, 0x10A2, 0x1062, 0x0000, 0x0020, 0x0000, 0x0000, 0x0000, 0x0000, 0x0020, 0x10A2, 0x0000, 0x0000, 0x0000,
 0x0000, 0x0000, 0x0000, 0x0000, 0x0000, 0x0000, 0x0001, 0x0000, 0x0000, 0x0000, 0x0000, 0x0000, 0x0000, 0x0000, 0x0000, 0x0020,
 0x10A2, 0x0040, 0x10A2, 0x0841, 0x632C, 0xAD75, 0x1082, 0x0000, 0x0000, 0xB596, 0x630C, 0x6D94, 0x21A6, 0x7E17, 0x2145, 0x1082,
 0x0000, 0x0020, 0x10A2, 0x1082, 0x0841, 0x1082, 0x0861, 0x10A2, 0x9CF3, 0x630C, 0x1082, 0x10A2, 0x0020, 0x0020, 0x2145, 0x8E99,
 0x2186, 0x6EDA, 0x5EDA, 0x8F1B, 0xEFFF, 0xFFDF, 0xFFFF, 0xFFFF, 0xFFFF, 0xFFFF, 0xFFFF, 0xFFFF, 0xFFFF, 0xFFFF, 0xFFFF, 0xFFDF,
 0xB596, 0x9492, 0xA71B, 0x436D, 0x632D, 0xEF5D, 0x8410, 0xA514, 0xF7BE, 0x4228, 0x2945, 0x3186, 0x0861, 0xE73C, 0x2186, 0x2966,
 0x0000, 0x0000, 0x0000, 0x0000, 0x18E3, 0x18E3, 0x9492, 0xF7BE, 0x6B4D, 0x0000, 0x0842, 0x0000, 0x0020, 0x3166, 0x2965, 0x2104,
 0xCE9A, 0x1945, 0x1904, 0x0000, 0x0000, 0x00A6, 0x0085, 0x2104, 0x75B6, 0xCFBE, 0x39A7, 0x0000, 0x08C9, 0x090A, 0x0000, 0x1062,
 0x2986, 0x2124, 0x632C, 0xEF9E, 0x94B2, 0x0000, 0x2104, 0x3165, 0x1082, 0x2945, 0x3186, 0x0841, 0xE73C, 0x3186, 0x2965, 0x0000,
 0x0000, 0x0000, 0x0000, 0x0001, 0x0000, 0x0085, 0x00C9, 0x0043, 0x0000, 0x0000, 0x0021, 0x0000, 0x0000, 0x0863, 0x0843, 0x18C3,
 0xFFBE, 0x5269, 0xDEDB, 0x5ACB, 0xFFFF, 0xFFFF, 0xB5B6, 0x18C3, 0x18C3, 0xAD96, 0x5B0C, 0xCE79, 0xFFFF, 0xFFFF, 0xFFFF, 0xF7DF,
 0x3165, 0x4248, 0xEFDF, 0xC659, 0x6B4D, 0xB5B6, 0x9CD3, 0xFFFF, 0xF79E, 0x7BCF, 0xD6BA, 0xFFFF, 0x39C7, 0x2965, 0xEF7D, 0xF7FF,
 0xFFFF, 0xFFFF, 0xFFFF, 0xCFBE, 0xA73C, 0xEFDF, 0xFFFF, 0xFFFF, 0xFFFF, 0xFFFF, 0xFFFF, 0xFFFF, 0xFFFF, 0xFFFF, 0xFFFF, 0xEFDF,
 0x9471, 0xEF5D, 0x634D, 0x0000, 0x0000, 0x0020, 0x8430, 0x8430, 0xC638, 0x73AE, 0xD6BA, 0xFFDF, 0x5ACB, 0x10C3, 0x9EFB, 0xE77D,
 0x0000, 0x0021, 0x0883, 0x0000, 0x7BAF, 0x9CD3, 0x2125, 0x9CF3, 0x5AAA, 0x0884, 0x19EE, 0x0042, 0x4208, 0xFFFF, 0xEF5D, 0x4228,
 0x29C7, 0xAF5C, 0xA534, 0x0000, 0x0842, 0x094B, 0x08E8, 0xB596, 0xF7DF, 0x7617, 0x3AAA, 0x0841, 0x0885, 0x19AC, 0x0000, 0x39A6,
 0xD69A, 0xB5D7, 0x31A6, 0x42EB, 0x436D, 0x2945, 0xC618, 0xFFDF, 0x7BEF, 0xE73C, 0xFFDF, 0x62EC, 0x10A3, 0xE7BE, 0xF79E, 0x10A2,
 0x2124, 0x0842, 0x0042, 0x0064, 0x0000, 0x0000, 0x10C5, 0x0884, 0x0000, 0x08A8, 0x090B, 0x0001, 0x0001, 0x11F1, 0x19D1, 0x18C4,
 0xDF9E, 0xFFDF, 0xFFFF, 0xFFFF, 0xFFFF, 0xFFFF, 0xB596, 0x8410, 0x84B2, 0x54B2, 0x5B8E, 0xD6BA, 0xFFFF, 0xFFFF, 0xFFFF, 0xFFFF,
 0xFFFF, 0xE7DF, 0x973B, 0xE7BF, 0xFFFF, 0xFFFF, 0xFFFF, 0xFFFF, 0xA514, 0xC638, 0xFFDF, 0xDEFB, 0x6B4D, 0xF7BE, 0x5ACB, 0xD69A,
 0xFFFF, 0xFFFF, 0xFFFF, 0xFFFF, 0xC79E, 0xAF5C, 0xEFBF, 0xFFFF, 0xFFFF, 0xFFFF, 0xFFFF, 0xFFFF, 0xFFFF, 0xF7FF, 0xDFBE, 0x9F3B,
 0xF77D, 0x8C31, 0x0841, 0x0000, 0x0000, 0x0000, 0x0020, 0x8430, 0xF79E, 0xFFFF, 0xFFDF, 0xFFDF, 0xE79E, 0x20E4, 0xFFDE, 0xCE7A,
 0x0000, 0x08A4, 0x2250, 0x1905, 0x0820, 0x73AE, 0x8C51, 0x18C3, 0x0001, 0x21EF, 0x2254, 0x0862, 0xF79E, 0xFFFF, 0xF7DF, 0xDF7D,
 0x39E7, 0xF79E, 0x9492, 0x0000, 0x08E8, 0x11D2, 0x08E8, 0x94D3, 0xDEFB, 0x5ACB, 0x7574, 0x10A3, 0x19F0, 0x0885, 0x0861, 0x4208,
 0x39E7, 0x73AE, 0xAD55, 0x39E7, 0x2124, 0x9CB2, 0xFFFF, 0xFFDF, 0xFFFF, 0xFFFF, 0xFFFF, 0xFFDF, 0x18E4, 0x96FA, 0xC6BA, 0x39C7,
 0x9CF3, 0x2966, 0x0022, 0x0884, 0x0022, 0x10E4, 0x1967, 0x0882, 0x0001, 0x11AE, 0x11D2, 0x0021, 0x0001, 0x2273, 0x2273, 0x08A3,
 0x96FB, 0xDFBE, 0xFFFF, 0xFFFF, 0xFFFF, 0xFFFF, 0xB596, 0x738E, 0xAEFB, 0x3A8A, 0xB596, 0xFFFF, 0xFFFF, 0xFFFF, 0xFFFF, 0xFFFF,
 0xFFFF, 0xF7FF, 0xDFDF, 0x9F3C, 0xDFDF, 0xFFFF, 0xFFFF, 0xFFFF, 0xFFFF, 0xFFFF, 0xE73C, 0x738E, 0xE73C, 0xFFFF, 0xFFDF, 0x4A69,
 0xFFFF, 0xFFFF, 0xFFFF, 0xFFFF, 0xFFFF, 0xBF7D, 0xA75C, 0xEFDF, 0xFFFF, 0xFFFF, 0xFFFF, 0xFFFF, 0xFFFF, 0xDFBE, 0x7F1B, 0xE7DF,
 0xB596, 0x0000, 0x0000, 0x0000, 0x0000, 0x0000, 0x0000, 0x0000, 0x9575, 0xC79E, 0xC79E, 0xBF9D, 0x9F3B, 0x634D, 0xF7BE, 0x1082,
 0x4A69, 0x1967, 0x45FE, 0x44B7, 0x1945, 0x0800, 0x7BCF, 0x4A49, 0x1987, 0x453A, 0x4E1E, 0x08A3, 0xCF5D, 0xC79E, 0xBF7D, 0x9EFB,
 0x7BF0, 0xBDF8, 0x2965, 0x39E7, 0x0929, 0x11B2, 0x092B, 0x0842, 0x0000, 0xAD76, 0x2946, 0x08A6, 0x11D1, 0x19D1, 0x2125, 0xC79E,
 0xC79E, 0xB679, 0x94F3, 0xFFDF, 0xBDB7, 0xBDB7, 0xFFFF, 0xFFFF, 0xFFFF, 0xFFFF, 0xFFFF, 0xFFFF, 0x6B4D, 0xEF7D, 0x0862, 0x4B6D,
 0xC79D, 0x530C, 0x08A6, 0x1170, 0x08C7, 0x32CD, 0x3CB7, 0x1967, 0x0000, 0x116C, 0x118F, 0x0042, 0x224B, 0x4E3E, 0x55FE, 0x18C3,
 0xEFDF, 0x973C, 0xC79E, 0xCF9E, 0xC79E, 0xC79E, 0x9617, 0x428A, 0xBDD7, 0x5ACB, 0xB596, 0xFFFF, 0xFFFF, 0xFFFF, 0xFFFF, 0xFFFF,
 0xFFFF, 0xFFFF, 0xFFFF, 0xD7BE, 0x9F3C, 0xC79E, 0xCF9E, 0xC79E, 0xC79E, 0xCF9E, 0x7C30, 0xAD75, 0xF7BE, 0xFFFF, 0xFFFF, 0xFFFF,
 0xFFFF, 0xFFFF, 0xFFFF, 0xFFFF, 0xFFFF, 0xFFFF, 0xC79E, 0xAF5D, 0xC79E, 0xCF9E, 0xC79E, 0xCF9E, 0xBF9E, 0x9F3C, 0xEFFF, 0xFFFF,
 0xB596, 0x0000, 0x0000, 0x0000, 0x0000, 0x0000, 0x0000, 0x0000, 0x7534, 0x8F3C, 0x8F5C, 0x973C, 0xB77D, 0xF7DF, 0xFFDF, 0x8430,
 0xDEBA, 0x1946, 0x45DE, 0x45FE, 0x3C96, 0x22AE, 0x22AE, 0x22CE, 0x44F9, 0x3DFE, 0x4DFE, 0x08A3, 0xA6FB, 0x973C, 0x9F5C, 0xBF7D,
 0xF7DF, 0xDEDB, 0xAD75, 0xAD75, 0x08E8, 0x11B2, 0x11B3, 0x092B, 0x08C8, 0x08C8, 0x08C8, 0x11D1, 0x11B3, 0x11D1, 0x1925, 0x9F3C,
 0x8F3C, 0xA75C, 0xD7BE, 0xFFFF, 0xFFFF, 0xFFFF, 0xFFFF, 0xFFFF, 0xFFFF, 0xFFFF, 0xFFFF, 0xFFFF, 0xFFDF, 0xEF9E, 0x438D, 0x975C,
 0x973C, 0x4AEB, 0x0064, 0x00CA, 0x0086, 0x0064, 0x0064, 0x0865, 0x0044, 0x00C9, 0x0087, 0x2AEE, 0x561E, 0x3E1E, 0x4E1E, 0x18C3,
 0xF7DF, 0xB77D, 0x975C, 0x8F5C, 0x8F5C, 0x975C, 0x8F5C, 0xAF5D, 0xE7BE, 0x5AEB, 0x73AE, 0xEF5D, 0xFFFF, 0xFFFF, 0xFFFF, 0xFFFF,
 0xFFFF, 0xFFFF, 0xFFFF, 0xE7DF, 0xB77D, 0x975C, 0x8F5C, 0x8F5C, 0x8F5C, 0x975D, 0xB75D, 0x8CD3, 0xEF7D, 0xFFFF, 0xFFFF, 0xFFFF,
 0xFFFF, 0xFFFF, 0xFFFF, 0xFFFF, 0xFFFF, 0xFFFF, 0xDFBE, 0xA75D, 0x8F5C, 0x8F5C, 0x8F5C, 0x8F3C, 0x973C, 0xB77D, 0xF7FF, 0xFFFF,
 0xD6BA, 0x52AA, 0x0020, 0x0000, 0x0000, 0x0000, 0x0000, 0x0000, 0xB5B6, 0xFFFF, 0xFFFF, 0xF7FF, 0xB77D, 0xAF5C, 0xF7DF, 0xFFDF,
 0xDEBA, 0x1966, 0x461E, 0x3D1B, 0x44DB, 0x461E, 0x45FE, 0x45FE, 0x3C9A, 0x455C, 0x561E, 0x10C3, 0xF79E, 0xFFFF, 0xEFDF, 0xB75C,
 0xB77D, 0xF7DF, 0xFFFF, 0xB575, 0x0909, 0x11D2, 0x11B2, 0x11B3, 0x11B2, 0x11D2, 0x11D2, 0x11D2, 0x11B3, 0x19D1, 0x2925, 0xFFDF,
 0xFFFF, 0xE7DF, 0xAF5C, 0xCF9E, 0xFFFF, 0xFFFF, 0xFFFF, 0xFFFF, 0xFFFF, 0xFFFF, 0xFFFF, 0xFFFF, 0xF7DF, 0xAF5C, 0xB77D, 0xF7DF,
 0xC618, 0x39E9, 0x0087, 0x00CA, 0x00CA, 0x00CA, 0x00CA, 0x00CA, 0x00CA, 0x00C9, 0x0021, 0x5DFD, 0x2BB8, 0x461E, 0x4E1E, 0x10C3,
 0xB73C, 0xBF5D, 0xF7FF, 0xFFFF, 0xFFFF, 0xFFFF, 0xFFFF, 0xD79E, 0x9DB6, 0x8C92, 0x8451, 0xE73C, 0xFFFF, 0xFFFF, 0xFFFF, 0xFFFF,
 0xFFFF, 0xFFFF, 0xE7DF, 0xAF7C, 0xC79D, 0xFFFF, 0xFFFF, 0xFFFF, 0xFFFF, 0xFFFF, 0xBF7D, 0xAF5D, 0xE7DF, 0xFFDF, 0xFFFF, 0xFFFF,
 0xFFFF, 0xFFFF, 0xFFFF, 0xFFFF, 0xFFFF, 0xCFBE, 0xAF5D, 0xD7BE, 0xFFFF, 0xFFFF, 0xFFFF, 0xFFFF, 0xF7FF, 0xB77D, 0xAF5D, 0xE7DF,
 0xFFDF, 0xCE59, 0x4208, 0x0000, 0x0000, 0x0000, 0x0000, 0x0000, 0xB5B6, 0xFFFF, 0xFFFF, 0xFFFF, 0xF7FF, 0xA75C, 0xB75C, 0xEF9E,
 0x7BCF, 0x1966, 0x461E, 0x453B, 0x3CDB, 0x461E, 0x3DFE, 0x3E1E, 0x349A, 0x455C, 0x4E1E, 0x08A3, 0x8C51, 0xFFFF, 0xFFFF, 0xEFFF,
 0xAF5C, 0xC77D, 0xCEBA, 0x632C, 0x08E9, 0x11D2, 0x11B3, 0x11B3, 0x11B3, 0x11B2, 0x11D2, 0x11B3, 0x11D3, 0x11D1, 0x18A3, 0xAD55,
 0xFFFF, 0xFFFF, 0xD7BE, 0xAF5C, 0xD7BE, 0xFFFF, 0xFFFF, 0xFFFF, 0xFFFF, 0xFFFF, 0xFFFF, 0xFFFF, 0xB75C, 0xB77D, 0xF7FF, 0xFFDF,
 0x8410, 0x00A6, 0x08EC, 0x090C, 0x00CA, 0x00CA, 0x00CA, 0x092D, 0x08CB, 0x00C9, 0x0022, 0x3B91, 0x33B7, 0x45FE, 0x4E1E, 0x0862,
 0x4C10, 0xF7DF, 0xFFFF, 0xFFFF, 0xFFFF, 0xFFFF, 0xFFFF, 0xFFFF, 0xBDF7, 0xA679, 0xE7BE, 0xFFFF, 0xFFFF, 0xFFFF, 0xFFFF, 0xFFFF,
 0xFFFF, 0xF7DF, 0xA77C, 0xC79D, 0xFFFF, 0xFFFF, 0xFFFF, 0xFFFF, 0xFFFF, 0xFFFF, 0xFFFF, 0xBF9D, 0xB75D, 0xEFDF, 0xFFFF, 0xFFFF,
 0xFFFF, 0xFFFF, 0xFFFF, 0xFFFF, 0xDFBE, 0xA75C, 0xCF9D, 0xFFFF, 0xFFFF, 0xFFFF, 0xFFFF, 0xFFFF, 0xFFFF, 0xF7FF, 0xAF5C, 0xAF5C,
 0xF7FF, 0xFFDF, 0x95F7, 0x6C91, 0x6B4D, 0x0000, 0x0000, 0x0020, 0x52AA, 0xE71C, 0xFFFF, 0xFFFF, 0xFFDF, 0xD6FB, 0x432C, 0x6B6D,
 0x0020, 0x08A4, 0x22F2, 0x22F2, 0x22F2, 0x22F2, 0x22F3, 0x22F3, 0x22F3, 0x22F2, 0x2312, 0x0842, 0x0020, 0x738E, 0x8430, 0xF7DF,
 0xD71C, 0x432C, 0x4A69, 0x0000, 0x220D, 0x3419, 0x3419, 0x3439, 0x3419, 0x19F3, 0x3398, 0x2C19, 0x33F9, 0x3C18, 0x0001, 0x1904,
 0x73AE, 0x9CF3, 0xFFDF, 0xDFBE, 0xAF7C, 0xC79D, 0xFFFF, 0xFFFF, 0xFFFF, 0xFFFF, 0xF7FF, 0xA75C, 0xBF7D, 0xF7FF, 0xFFFF, 0xFFFF,
 0x8430, 0x0909, 0x1150, 0x1191, 0x08ED, 0x00CA, 0x00CA, 0x092D, 0x00AB, 0x00CB, 0x090B, 0x114B, 0x32AF, 0x2B57, 0x2B76, 0x0000,
 0x0841, 0x738E, 0x9CB3, 0xFFFF, 0xFFFF, 0xFFFF, 0xFFFF, 0xFFFF, 0xFFFF, 0xCF9E, 0xA75C, 0xE7DE, 0xFFFF, 0xFFFF, 0xFFFF, 0xFFFF,
 0xEFDF, 0xA75C, 0xC79D, 0xFFFF, 0xFFFF, 0xFFFF, 0xFFFF, 0xFFFF, 0xFFFF, 0xFFFF, 0xFFFF, 0xFFFF, 0xC77E, 0xA75C, 0xF7DF, 0xF7FF,
 0xFFFF, 0xFFFF, 0xFFFF, 0xE7BE, 0xA75C, 0xDFBE, 0xFFFF, 0xFFFF, 0xFFFF, 0xFFFF, 0xFFFF, 0xFFFF, 0xFFFF, 0xFFFF, 0xFFFF, 0xC79D,
 0x873C, 0x873C, 0xAF5D, 0xE7BE, 0xE71C, 0xBDD7, 0xBDD7, 0xBDD7, 0xBDD7, 0xEF7D, 0xFFFF, 0xFFFF, 0xE73C, 0x4229, 0x0863, 0x094C,
 0x112A, 0x0042, 0x00CA, 0x00CA, 0x00CA, 0x00CA, 0x00CA, 0x00CA, 0x00CA, 0x00CA, 0x00CA, 0x0022, 0x194B, 0x114B, 0x2125, 0xF7BE,
 0x4A6A, 0x1987, 0x3476, 0x2B0E, 0x3B2F, 0x461E, 0x45FE, 0x2BF9, 0x22F6, 0x11F2, 0x22B6, 0x22F6, 0x45FE, 0x5DFD, 0x10A4, 0x3C96,
 0x43F3, 0x2104, 0x9CF3, 0xFFDF, 0xE7BE, 0xAF5C, 0x8F3C, 0x875C, 0x873C, 0x7F3C, 0x973C, 0xBF7E, 0xF7DF, 0xFFDF, 0xFFFF, 0xBDF7,
 0x3A0C, 0x11B0, 0x11D2, 0x11B3, 0x11B1, 0x090D, 0x092E, 0x08EC, 0x116F, 0x08CC, 0x11D1, 0x11D1, 0x0023, 0x19D1, 0x11D1, 0x0863,
 0x4476, 0x4434, 0x4228, 0xFFDF, 0xFFFF, 0xFFFF, 0xFFFF, 0xFFFF, 0xFFFF, 0xFFFF, 0xDFBE, 0x9F5C, 0x873C, 0x7F3C, 0x873C, 0x873C,
 0x8F5C, 0xD79E, 0xF7DF, 0xFFFF, 0xFFFF, 0xFFFF, 0xFFFF, 0xFFFF, 0xFFFF, 0xFFFF, 0xFFFF, 0xFFFF, 0xFFFF, 0xCF9E, 0x8F3C, 0x873C,
 0x873C, 0x873C, 0x7F3C, 0x975D, 0xDFBE, 0xFFFF, 0xFFFF, 0xFFFF, 0xFFFF, 0xFFFF, 0xFFFF, 0xFFFF, 0xFFFF, 0xFFFF, 0xFFFF, 0xF7DF,
 0xBF9D, 0xC77D, 0xA77D, 0xCF9E, 0xFFFF, 0xFFFF, 0xFFFF, 0xFFFF, 0xFFFF, 0xFFFF, 0xFFFF, 0xFFFF, 0xE6FC, 0x0864, 0x116D, 0x11D2,
 0x118E, 0x0043, 0x096F, 0x0950, 0x1150, 0x0950, 0x0950, 0x0970, 0x0950, 0x0950, 0x116F, 0x0022, 0x11CF, 0x11B2, 0x196C, 0x62EC,
 0x1905, 0x3CD7, 0x4E1E, 0x4414, 0x3350, 0x461E, 0x45FE, 0x3CFB, 0x347A, 0x1A13, 0x3BD9, 0x347A, 0x4DFE, 0x5E1E, 0x10E4, 0x4E1E,
 0x45DD, 0x3B90, 0x6B4D, 0xF7FF, 0xCF9D, 0xA77D, 0xC79D, 0xC79E, 0xC79E, 0xC79D, 0xBF9D, 0x9F5C, 0xEFDF, 0xFFDF, 0xD69A, 0x424C,
 0x1190, 0x11B2, 0x1190, 0x1150, 0x1150, 0x094E, 0x112F, 0x096E, 0x090E, 0x116F, 0x08C8, 0x08A6, 0x0088, 0x092D, 0x11F1, 0x0084,
 0x55FD, 0x4DFD, 0x4C54, 0x8430, 0xFFFF, 0xFFFF, 0xFFFF, 0xFFFF, 0xFFFF, 0xFFDF, 0xB77D, 0xB77D, 0xBF9E, 0xC79D, 0xC79D, 0xC79D,
 0xB79D, 0xA73C, 0xF7DF, 0xFFFF, 0xFFFF, 0xFFFF, 0xFFFF, 0xFFFF, 0xFFFF, 0xFFFF, 0xFFFF, 0xFFFF, 0xF7FF, 0x9F5C, 0xBF7D, 0xBF9E,
 0xC79E, 0xC79D, 0xC79D, 0xB77D, 0xBF7D, 0xFFFF, 0xF7FF, 0xFFFF, 0xFFFF, 0xFFFF, 0xFFFF, 0xFFFF, 0xFFFF, 0xFFFF, 0xFFFF, 0xFFFF,
 0xFFFF, 0xFFFF, 0xEFBF, 0xAF5D, 0xAF5C, 0xF7FF, 0xFFFF, 0xFFFF, 0xFFFF, 0xFFFF, 0xFFFF, 0xFFFF, 0xDEFC, 0x08C5, 0x1192, 0x11D1,
 0x0864, 0x0043, 0x090C, 0x090C, 0x090C, 0x090C, 0x090C, 0x090C, 0x090C, 0x090D, 0x090C, 0x0002, 0x0085, 0x11D1, 0x11AF, 0x0001,
 0x1987, 0x4E1E, 0x4496, 0x1946, 0x3B50, 0x45FE, 0x3419, 0x2295, 0x2296, 0x11D3, 0x2275, 0x22B6, 0x22B5, 0x5DDD, 0x0841, 0x2ACE,
 0x4E1E, 0x4CB7, 0x6B4D, 0xBF7D, 0xA75D, 0xEFDF, 0xFFFF, 0xFFFF, 0xFFFF, 0xFFFF, 0xFFFF, 0xD7BE, 0x971B, 0xF7DF, 0xB5D7, 0x1108,
 0x1192, 0x11B3, 0x11B2, 0x112F, 0x114E, 0x112E, 0x114F, 0x090E, 0x1190, 0x090C, 0x0022, 0x116D, 0x08CB, 0x08AB, 0x11D1, 0x0041,
 0x220A, 0x4E1E, 0x4D19, 0x39C7, 0xFFFF, 0xFFFF, 0xFFFF, 0xFFFF, 0xFFFF, 0xA77D, 0xBF7D, 0xEFDF, 0xFFFF, 0xFFFF, 0xFFFF, 0xFFFF,
 0xF7FF, 0xCFBE, 0x975C, 0xFFDF, 0xFFFF, 0xFFFF, 0xFFFF, 0xFFFF, 0xFFFF, 0xFFFF, 0xFFFF, 0xFFFF, 0x9F3C, 0xD79E, 0xF7FF, 0xFFFF,
 0xFFFF, 0xFFFF, 0xFFFF, 0xEFFF, 0xB79D, 0xB79D, 0xFFDF, 0xFFFF, 0xFFFF, 0xFFFF, 0xFFFF, 0xFFFF, 0xFFFF, 0xFFFF, 0xF7FF, 0xA73B,
 0xFFFF, 0xFFFF, 0xFFFF, 0xEFDF, 0xB79D, 0xB77D, 0xFFFF, 0xFFFF, 0xFFFF, 0xFFFF, 0xFFDF, 0xFFFF, 0xDEFB, 0x08A5, 0x11D2, 0x11B2,
 0x114D, 0x0022, 0x00CA, 0x00CA, 0x00CA, 0x00CA, 0x00CA, 0x00CA, 0x00CA, 0x00CA, 0x00AA, 0x0002, 0x19AE, 0x11D2, 0x19CF, 0x0001,
 0x1967, 0x461E, 0x4DBD, 0x3BD2, 0x3B2F, 0x461E, 0x45BD, 0x3D7D, 0x3D7D, 0x1A33, 0x3CDB, 0x3D7D, 0x3D7D, 0x561D, 0x08C4, 0x4D9C,
 0x461E, 0x4CD7, 0x42EB, 0xAF3C, 0xEFDF, 0xFFFF, 0xFFFF, 0xFFFF, 0xFFFF, 0xFFFF, 0xFFFF, 0xF7DF, 0xDFDE, 0x871B, 0xADF7, 0x08E7,
 0x11D2, 0x11D3, 0x0970, 0x092E, 0x092E, 0x114F, 0x090E, 0x1190, 0x08ED, 0x118F, 0x0042, 0x090B, 0x00AB, 0x1191, 0x19D1, 0x0883,
 0x559A, 0x461E, 0x4D18, 0x39E7, 0xFFFF, 0xFFFF, 0xFFFF, 0xF7DF, 0xAF7D, 0xBF7D, 0xF7DF, 0xFFFF, 0xFFFF, 0xFFFF, 0xFFFF, 0xFFFF,
 0xFFFF, 0xF7FF, 0xC79E, 0xA73C, 0xF7FF, 0xFFFF, 0xFFFF, 0xFFFF, 0xFFFF, 0xFFFF, 0xF7FF, 0x9F3C, 0xCFBE, 0xF7DF, 0xFFFF, 0xFFFF,
 0xFFFF, 0xFFFF, 0xFFFF, 0xFFFF, 0xEFDF, 0xAF7D, 0xB75D, 0xF7FF, 0xFFFF, 0xFFFF, 0xFFFF, 0xFFFF, 0xFFFF, 0xEFFF, 0x871A, 0xCFBE,
 0xFFFF, 0xFFFF, 0xFFFF, 0xFFFF, 0xF7DF, 0xB77D, 0xBF9D, 0xFFFF, 0xFFFF, 0xFFFF, 0xFFFF, 0xF7FF, 0x8EFA, 0x9D76, 0x08C7, 0x11D2,
 0x11B1, 0x1190, 0x1191, 0x1191, 0x1191, 0x1191, 0x1191, 0x1191, 0x1191, 0x11B1, 0x1192, 0x1190, 0x11B2, 0x11B1, 0x1126, 0x7618,
 0xBE38, 0x2AEE, 0x461E, 0x45DD, 0x459C, 0x461E, 0x3BD8, 0x3CBB, 0x4DFE, 0x1A13, 0x455C, 0x2253, 0x461E, 0x461E, 0x3D7B, 0x461E,
 0x4D7B, 0x32CB, 0x96BA, 0xEFDF, 0xFFFF, 0xFFFF, 0xFFFF, 0xFFFF, 0xFFFF, 0xFFFF, 0xFFFF, 0xFFFF, 0xF7FF, 0xCFBE, 0x8699, 0x8472,
 0x112B, 0x11B3, 0x11B2, 0x092F, 0x116F, 0x112E, 0x116F, 0x090D, 0x118F, 0x08ED, 0x0001, 0x08CA, 0x1190, 0x11D3, 0x1172, 0x455B,
 0x461E, 0x55BC, 0x4AEC, 0xE73C, 0xFFFF, 0xFFFF, 0xFFFF, 0xBF9D, 0xB77D, 0xF7DF, 0xFFFF, 0xFFFF, 0xFFFF, 0xFFFF, 0xFFFF, 0xFFFF,
 0xFFFF, 0xFFFF, 0xF7DF, 0xBF9D, 0xA75C, 0xFFFF, 0xFFFF, 0xFFFF, 0xFFFF, 0xF7FF, 0x9F3C, 0xC79E, 0xF7FF, 0xFFFF, 0xFFFF, 0xFFFF,
 0xFFFF, 0xFFFF, 0xFFFF, 0xFFFF, 0xFFFF, 0xEFDF, 0xAF7D, 0xC79D, 0xFFFF, 0xFFFF, 0xFFFF, 0xFFFF, 0xEFFF, 0x971B, 0xDFBF, 0xF7FF,
 0xFFFF, 0xFFFF, 0xFFFF, 0xFFFF, 0xFFFF, 0xEFDF, 0x975C, 0x5EDB, 0x5EDB, 0x5EDB, 0x5EFB, 0x66DA, 0xD7DF, 0xF7BE, 0xC618, 0x0084,
 0x11D2, 0x11D2, 0x11B2, 0x11D2, 0x11B2, 0x11D3, 0x11D3, 0x11B2, 0x11B3, 0x11D2, 0x11D2, 0x11D2, 0x19F1, 0x08A4, 0x7EB9, 0xE7DF,
 0xF7DF, 0xB5F7, 0x332F, 0x4E1E, 0x461E, 0x461E, 0x45DE, 0x45FE, 0x45FE, 0x19D2, 0x453C, 0x45BE, 0x45FE, 0x45FE, 0x461E, 0x551A,
 0x21E8, 0x8EFB, 0xE7FF, 0xFFFF, 0xFFFF, 0xFFFF, 0xFFFF, 0xFFFF, 0xFFFF, 0xFFFF, 0xFFFF, 0xFFFF, 0xFFFF, 0xF7DF, 0xD7DF, 0x5EB9,
 0x3B6D, 0x096C, 0x11B2, 0x11D2, 0x090E, 0x114F, 0x08EE, 0x1190, 0x08ED, 0x118F, 0x0043, 0x11D0, 0x11B3, 0x19F3, 0x45DE, 0x45FE,
 0x563D, 0x11A8, 0x5E9A, 0x5EDB, 0x5EDB, 0x5EDB, 0x5EFB, 0xA75D, 0xEFDF, 0xFFFF, 0xFFFF, 0xFFFF, 0xFFFF, 0xFFFF, 0xFFFF, 0xFFFF,
 0xFFFF, 0xFFFF, 0xFFFF, 0xF7DF, 0xC77E, 0x5EDB, 0x56FB, 0x5EDB, 0x5EDB, 0x66DB, 0xC79E, 0xF7FF, 0xFFFF, 0xFFFF, 0xFFFF, 0xFFFF,
 0xFFFF, 0xFFFF, 0xFFFF, 0xFFFF, 0xFFFF, 0xFFFF, 0xF7DF, 0x9F3D, 0x5EFB, 0x5EFB, 0x5EFB, 0x5EFB, 0x6EDB, 0xD7BF, 0xFFFF, 0xFFFF,
 0xFFFF, 0xFFFF, 0xFFFF, 0xFFFF, 0xF7FF, 0xAF5C, 0xBF9D, 0xF7FF, 0xF7FF, 0xF7FF, 0xF7FF, 0xEFDF, 0x86FA, 0xEFDF, 0xFFDF, 0xEF5D,
 0x10A3, 0x18E6, 0x11D1, 0x11B2, 0x11B2, 0x1193, 0x11B3, 0x1192, 0x11D3, 0x11B2, 0x19D1, 0x10C4, 0x10A3, 0xFFDF, 0xDFDF, 0x7EFA,
 0xEFDF, 0xF7DF, 0xAD75, 0x18E4, 0x3B91, 0x4E1E, 0x461E, 0x45FE, 0x45FE, 0x45FE, 0x45FE, 0x45FE, 0x45FD, 0x5DFC, 0x10E4, 0x4AAA,
 0xFFDF, 0xCFBE, 0x9F3C, 0xF7DF, 0xFFFF, 0xFFFF, 0xFFFF, 0xFFFF, 0xFFFF, 0xFFFF, 0xFFFF, 0xFFFF, 0xFFFF, 0xDFDF, 0x7EDA, 0xEFFF,
 0x8C51, 0x08A6, 0x092D, 0x114F, 0x114F, 0x092E, 0x116F, 0x08ED, 0x1190, 0x0085, 0x19D0, 0x11D3, 0x19B2, 0x1A33, 0x5E1D, 0x10E4,
 0x1125, 0x8EFA, 0xEFFF, 0xF7FF, 0xF7FF, 0xFFFF, 0xFFFF, 0xAF7D, 0xBF7D, 0xF7FF, 0xFFFF, 0xFFFF, 0xFFFF, 0xFFFF, 0xFFFF, 0xFFFF,
 0xFFFF, 0xFFFF, 0xFFFF, 0xC79E, 0x971B, 0xF7FF, 0xFFFF, 0xF7FF, 0xF7FF, 0xF7FF, 0x8F3B, 0xCF9E, 0xF7FF, 0xFFFF, 0xFFFF, 0xFFFF,
 0xFFFF, 0xFFFF, 0xFFFF, 0xFFFF, 0xFFFF, 0xF7FF, 0xB77D, 0xB77D, 0xF7FF, 0xFFFF, 0xF7FF, 0xFFFF, 0xEFFF, 0x86DB, 0xE7FF, 0xFFFF,
 0xFFFF, 0xFFFF, 0xFFFF, 0xEFDF, 0xB77D, 0xAF7D, 0xFFDF, 0xFFFF, 0xFFFF, 0xFFFF, 0xFFFF, 0xFFFF, 0xF7FF, 0x86FA, 0xDFDF, 0xF7DF,
 0xFFDF, 0xDEFB, 0x0862, 0x332F, 0x461E, 0x461E, 0x461E, 0x461E, 0x4DFE, 0x2A8D, 0x0841, 0xF7BE, 0xFFDF, 0xFFFF, 0xFFDF, 0xE7DF,
 0x8F1B, 0xE7DF, 0xFFDF, 0xFFFF, 0x9492, 0x10C4, 0x3BF4, 0x3DFE, 0x3DFE, 0x45FE, 0x461E, 0x55FE, 0x1105, 0x1083, 0xFFFF, 0xFFFF,
 0xFFFF, 0xFFDF, 0xC79D, 0xA75C, 0xEFDF, 0xFFFF, 0xFFFF, 0xFFFF, 0xFFFF, 0xFFFF, 0xFFFF, 0xF7FF, 0xDFBE, 0x8F1B, 0xEFFF, 0xFFFF,
 0xFFFF, 0x6B4D, 0x0862, 0x3392, 0x3DFE, 0x45FE, 0x3DFE, 0x461E, 0x4E1E, 0x1A0A, 0x559B, 0x45FE, 0x561D, 0x10E6, 0x0841, 0xDFBF,
 0x86FB, 0xF7FF, 0xFFFF, 0xFFFF, 0xFFFF, 0xFFFF, 0xFFFF, 0xFFFF, 0xAF5C, 0xBF7D, 0xF7FF, 0xFFFF, 0xFFFF, 0xFFFF, 0xFFFF, 0xFFFF,
 0xFFFF, 0xFFFF, 0xC7BE, 0x9F3B, 0xF7FF, 0xFFFF, 0xFFFF, 0xFFFF, 0xFFFF, 0xFFFF, 0xF7FF, 0x973C, 0xCFBE, 0xFFFF, 0xFFFF, 0xFFFF,
 0xFFFF, 0xFFFF, 0xFFFF, 0xFFFF, 0xF7DF, 0xA77C, 0xAF5C, 0xFFFF, 0xFFFF, 0xFFFF, 0xFFFF, 0xFFFF, 0xFFFF, 0xF7FF, 0x7EFA, 0xD7BE,
 0xFFFF, 0xFFFF, 0xF7DF, 0xA75C, 0xA75C, 0xFFFF, 0xFFFF, 0xFFFF, 0xFFFF, 0xFFFF, 0xFFFF, 0xFFFF, 0xFFFF, 0xE7FF, 0x8EFA, 0xE7DF,
 0xFFDF, 0xDEFB, 0x21E9, 0x45DD, 0x45DD, 0x45BD, 0x45DD, 0x45DD, 0x45DD, 0x4DDD, 0x1125, 0xF7BE, 0xFFFF, 0xFFFF, 0xFFFF, 0xFFFF,
 0xD7BE, 0x971B, 0xEFDF, 0xFFFF, 0x94B2, 0x43D2, 0x45DD, 0x45BD, 0x45BD, 0x45DD, 0x45BD, 0x45BD, 0x5DBC, 0x10A3, 0xFFFF, 0xFFFF,
 0xFFFF, 0xFFFF, 0xFFFF, 0xB77D, 0xAF5C, 0xF7DF, 0xF7FF, 0xFFFF, 0xFFFF, 0xFFFF, 0xFFFF, 0xE7DF, 0x86DA, 0xF7FF, 0xFFFF, 0xFFFF,
 0xFFFF, 0x6B4D, 0x2A4B, 0x45DD, 0x45DD, 0x45DD, 0x45BD, 0x45DD, 0x45DD, 0x4DDD, 0x08C5, 0x55DC, 0x3DBD, 0x5D9B, 0x0041, 0x8EFA,
 0xF7DF, 0xFFFF, 0xFFFF, 0xFFFF, 0xFFFF, 0xFFFF, 0xFFFF, 0xFFFF, 0xFFFF, 0x9F3C, 0xC77D, 0xF7FF, 0xFFFF, 0xFFFF, 0xFFFF, 0xFFFF,
 0xFFFF, 0xDFDF, 0x871B, 0xF7FF, 0xFFFF, 0xFFFF, 0xFFFF, 0xFFFF, 0xFFFF, 0xFFFF, 0xFFFF, 0xFFFF, 0x96FB, 0xDFBF, 0xFFFF, 0xFFFF,
 0xFFFF, 0xFFFF, 0xFFFF, 0xF7FF, 0xBF7D, 0xAF7D, 0xFFFF, 0xFFFF, 0xFFFF, 0xFFFF, 0xFFFF, 0xFFFF, 0xFFFF, 0xFFFF, 0xF7FF, 0x8EFA,
 0xDFBE, 0xDFBE, 0xAF5C, 0xBF7D, 0xFFDF, 0xFFFF, 0xFFFF, 0xFFFF, 0xFFFF, 0xFFFF, 0xFFFF, 0xFFFF, 0xFFFF, 0xFFFF, 0xE7DF, 0x8F1B,
 0xD7BE, 0xBEDA, 0x0023, 0x00AA, 0x00AA, 0x00AA, 0x196C, 0x090A, 0x08AA, 0x19CC, 0x0862, 0xF7BE, 0xFFFF, 0xFFFF, 0xFFFF, 0xFFFF,
 0xFFFF, 0xCFBE, 0x9F5C, 0xDFBE, 0x8492, 0x0065, 0x00AA, 0x00AA, 0x00AA, 0x19CD, 0x08EA, 0x00A9, 0x220C, 0x10A3, 0xFFFF, 0xFFFF,
 0xFFFF, 0xFFFF, 0xFFFF, 0xF7FF, 0xBF7D, 0xA77D, 0xE7BE, 0xDFDE, 0xDFDE, 0xDFBE, 0xD7BE, 0x8F1B, 0xEFFF, 0xFFFF, 0xFFFF, 0xFFFF,
 0xFFFF, 0x6B4D, 0x0044, 0x00A9, 0x00AA, 0x00AA, 0x08AA, 0x19AC, 0x08CA, 0x00A9, 0x0022, 0x08A9, 0x08A9, 0x1A0C, 0x0841, 0xFFFF,
 0xFFFF, 0xFFFF, 0xFFFF, 0xFFFF, 0xFFFF, 0xFFFF, 0xFFFF, 0xFFFF, 0xFFFF, 0xFFFF, 0xA75C, 0xBF9E, 0xDFBF, 0xE7BF, 0xE7BE, 0xDFDE,
 0xCFBE, 0x971B, 0xFFDF, 0xFFFF, 0xFFFF, 0xFFFF, 0xFFFF, 0xFFFF, 0xFFFF, 0xFFFF, 0xFFFF, 0xFFFF, 0xF7FF, 0x8F1B, 0xD7BE, 0xDFBE,
 0xDFDE, 0xDFDE, 0xDFDE, 0xBF9D, 0xAF5C, 0xFFFF, 0xFFFF, 0xFFFF, 0xFFFF, 0xFFFF, 0xFFFF, 0xFFFF, 0xFFFF, 0xFFFF, 0xFFFF, 0xF7FF,
 0x7F3C, 0x871C, 0xAF7D, 0xE7BE, 0xFFDF, 0xFFFF, 0xFFFF, 0xFFFF, 0xFFFF, 0xFFFF, 0xFFFF, 0xFFFF, 0xFFFF, 0xFFFF, 0xF7FF, 0xC79E,
 0x7F3B, 0x8658, 0x0043, 0x00CA, 0x00CA, 0x00CA, 0x44F5, 0x3330, 0x08CA, 0x5E5A, 0x1986, 0xF7BE, 0xFFFF, 0xFFFF, 0xFFFF, 0xFFFF,
 0xFFFF, 0xEFDF, 0xAF5D, 0x7F3B, 0x6430, 0x0086, 0x00CA, 0x00CA, 0x00AA, 0x5F1D, 0x224D, 0x00C9, 0x77BE, 0x18E3, 0xFFFF, 0xFFFF,
 0xFFFF, 0xFFFF, 0xFFFF, 0xFFDF, 0xE7BE, 0xA75C, 0x873B, 0x7F3C, 0x7F3C, 0x7F3C, 0x8F3C, 0xC7BE, 0xF7DF, 0xFFFF, 0xFFFF, 0xFFFF,
 0xFFFF, 0x6B4D, 0x0044, 0x00CA, 0x00CA, 0x00CA, 0x00AA, 0x565A, 0x19EC, 0x00C9, 0x0022, 0x08C9, 0x08C9, 0x6F9E, 0x0841, 0xFFFF,
 0xFFFF, 0xFFFF, 0xFFFF, 0xFFFF, 0xFFFF, 0xFFFF, 0xFFFF, 0xFFFF, 0xFFFF, 0xFFFF, 0xDFBE, 0x9F3C, 0x7F3C, 0x7F3C, 0x7F3C, 0x7F3C,
 0x8F3C, 0xCFBE, 0xFFDF, 0xFFFF, 0xFFFF, 0xFFFF, 0xFFFF, 0xFFFF, 0xFFFF, 0xFFFF, 0xFFFF, 0xFFFF, 0xFFFF, 0xCF9E, 0x8F1C, 0x7F3C,
 0x7F3C, 0x7F3C, 0x7F1C, 0x973C, 0xDFBE, 0xFFFF, 0xFFFF, 0xFFFF, 0xFFFF, 0xFFFF, 0xFFFF, 0xFFFF, 0xFFFF, 0xFFFF, 0xFFFF, 0xFFDF,
 0xFFFF, 0xFFFF, 0xBF5D, 0xB77D, 0xE7BE, 0xFFFF, 0xFFFF, 0xFFFF, 0xFFFF, 0xFFFF, 0xFFFF, 0xFFFF, 0xFFDF, 0xF7DF, 0xCF9E, 0x9F1B,
 0xF7DF, 0xDEFB, 0x0043, 0x08EA, 0x08EA, 0x08CB, 0x08EA, 0x08CA, 0x08EB, 0x0909, 0x0042, 0xF7BE, 0xFFFF, 0xFFFF, 0xFFFF, 0xFFFF,
 0xF7DF, 0xB77D, 0xB75D, 0xFFDF, 0x94B2, 0x0886, 0x08CA, 0x00EA, 0x08CA, 0x08EA, 0x08CA, 0x08CA, 0x0909, 0x1083, 0xFFFF, 0xFFFF,
 0xFFFF, 0xFFFF, 0xFFFF, 0xE7BE, 0xB75D, 0xC79E, 0xFFFF, 0xFFFF, 0xFFFF, 0xFFFF, 0xEFFF, 0x9F3B, 0xCF9E, 0xFFFF, 0xFFFF, 0xFFFF,
 0xFFFF, 0x6B4D, 0x0064, 0x08CB, 0x08EA, 0x08EA, 0x08CB, 0x08EA, 0x08CB, 0x00C9, 0x0063, 0x0909, 0x08EA, 0x0909, 0x0041, 0xDF9E,
 0xFFFF, 0xFFFF, 0xFFFF, 0xFFFF, 0xFFFF, 0xFFFF, 0xFFFF, 0xFFFF, 0xFFFF, 0xDFBE, 0x9F5C, 0xD7BE, 0xFFFF, 0xFFFF, 0xFFFF, 0xFFFF,
 0xEFDF, 0x9F1B, 0xD7BE, 0xFFFF, 0xFFFF, 0xFFFF, 0xFFFF, 0xFFFF, 0xFFFF, 0xFFFF, 0xFFFF, 0xFFFF, 0xD7BE, 0x9F1B, 0xEFFF, 0xFFFF,
 0xFFFF, 0xFFFF, 0xFFFF, 0xD7BE, 0xA75C, 0xE7DF, 0xFFFF, 0xFFFF, 0xFFFF, 0xFFFF, 0xFFFF, 0xFFFF, 0xFFFF, 0xFFFF, 0xFFFF, 0xDFBE,
 0xFFFF, 0xFFFF, 0xFFFF, 0xC79D, 0xA75D, 0xDFBE, 0xF7FF, 0xFFFF, 0xFFFF, 0xFFFF, 0xFFFF, 0xFFFF, 0xF7DF, 0xBF7D, 0x9F1C, 0xF7DF,
 0xFFDF, 0xDEFB, 0x42AB, 0x4DDD, 0x461E, 0x45FE, 0x461E, 0x461E, 0x45FE, 0x55DD, 0x3209, 0xF7BE, 0xFFFF, 0xFFFF, 0xFFFF, 0xF7DF,
 0xB77D, 0xB77D, 0xFFDF, 0xFFDF, 0xA514, 0x4C13, 0x4DDD, 0x45FE, 0x45FE, 0x461E, 0x461E, 0x461E, 0x5DBB, 0x31C7, 0xFFFF, 0xFFFF,
 0xFFFF, 0xFFFF, 0xE7BE, 0xAF5C, 0xBF9D, 0xFFDF, 0xFFFF, 0xFFFF, 0xFFFF, 0xFFFF, 0xFFFF, 0xF7FF, 0xA73C, 0xCF9E, 0xF7DF, 0xFFFF,
 0xFFFF, 0x7BEF, 0x432E, 0x4DDD, 0x461E, 0x461E, 0x461E, 0x461E, 0x55DC, 0x220A, 0x55DD, 0x461E, 0x461E, 0x559B, 0x2965, 0xA73C,
 0xC79D, 0xF7FF, 0xFFFF, 0xFFFF, 0xFFFF, 0xFFFF, 0xFFFF, 0xFFFF, 0xDFBE, 0xA75C, 0xD79E, 0xFFFF, 0xFFFF, 0xFFFF, 0xFFFF, 0xFFFF,
 0xFFFF, 0xE7DF, 0x9F3C, 0xD79E, 0xFFFF, 0xFFFF, 0xFFFF, 0xFFFF, 0xFFFF, 0xFFFF, 0xFFDF, 0xD7BE, 0x9F3C, 0xEFDF, 0xFFFF, 0xFFFF,
 0xFFFF, 0xFFFF, 0xFFFF, 0xFFFF, 0xD7BE, 0xAF5C, 0xDFBE, 0xFFFF, 0xFFFF, 0xFFFF, 0xFFFF, 0xFFFF, 0xFFFF, 0xF7FF, 0xC79D, 0x9F5C,
 0xFFFF, 0xFFFF, 0xFFFF, 0xFFFF, 0xDFBE, 0xAF5D, 0xDFBE, 0xFFFF, 0xFFFF, 0xFFFF, 0xFFFF, 0xFFDF, 0xB77D, 0xB75C, 0xF7FF, 0xFFFF,
 0xFFFF, 0xF79E, 0xAD76, 0x3B0F, 0x3D19, 0x3D19, 0x3D19, 0x3D19, 0x4519, 0x32CD, 0xC619, 0xFFFF, 0xFFFF, 0xFFFF, 0xEFDF, 0xAF7D,
 0xBF7D, 0xF7FF, 0xFFFF, 0xFFFF, 0xE75D, 0x7411, 0x43D2, 0x3CF9, 0x3D19, 0x3D19, 0x3CF9, 0x4D19, 0x2A09, 0xCE9A, 0xFFFF, 0xFFFF,
 0xFFDF, 0xE7BF, 0xAF7D, 0xCF9E, 0xF7FF, 0xFFFF, 0xFFFF, 0xFFFF, 0xFFFF, 0xFFFF, 0xFFFF, 0xFFFF, 0xF7FF, 0xAF5D, 0xB77D, 0xFFFF,
 0xFFFF, 0xE71C, 0x9D14, 0x3B70, 0x45BC, 0x459B, 0x45BC, 0x455B, 0x1125, 0x4C96, 0x3CF9, 0x3CF9, 0x4D19, 0x322A, 0xCE9A, 0xEFDF,
 0xAF5C, 0xBF7D, 0xFFFF, 0xFFFF, 0xFFFF, 0xFFFF, 0xFFFF, 0xD7BE, 0xAF7C, 0xDFBE, 0xFFFF, 0xFFFF, 0xFFFF, 0xFFFF, 0xFFFF, 0xFFFF,
 0xFFFF, 0xFFFF, 0xEFDF, 0xA77C, 0xCF9D, 0xFFFF, 0xFFFF, 0xFFFF, 0xFFFF, 0xFFFF, 0xBF9D, 0xAF5D, 0xEFDF, 0xFFFF, 0xFFFF, 0xFFFF,
 0xFFFF, 0xFFFF, 0xFFFF, 0xFFFF, 0xFFFF, 0xD7BE, 0xA77D, 0xDFBE, 0xFFFF, 0xFFFF, 0xFFFF, 0xFFFF, 0xF7FF, 0xBF7D, 0xAF5C, 0xEFDF,
 0xFFFF, 0xFFFF, 0xFFFF, 0xFFFF, 0xFFFF, 0xD79E, 0xA77D, 0xAF9D, 0xAF7D, 0xAF7D, 0xAF9D, 0xA77D, 0xA75C, 0xF7FF, 0xFFFF, 0xFFFF,
 0xFFFF, 0xDEFB, 0x4B0D, 0x5C33, 0x39C7, 0x39C7, 0x39C7, 0x39E7, 0x39C7, 0x5CB6, 0x2249, 0xB75C, 0xAF9D, 0xAF9D, 0xA77D, 0xAF5C,
 0xF7FF, 0xFFFF, 0xFFFF, 0xFFFF, 0xAD35, 0x5432, 0x53D0, 0x39C7, 0x39C7, 0x39C7, 0x39C7, 0x39C8, 0x6578, 0x2208, 0xBF7D, 0xAF9D,
 0xAF9D, 0xA77D, 0xC79D, 0xFFFF, 0xFFFF, 0xFFFF, 0xFFFF, 0xFFFF, 0xFFFF, 0xFFFF, 0xFFFF, 0xFFFF, 0xFFFF, 0xEFDF, 0xAF3C, 0xAF7D,
 0xB77D, 0x53EF, 0x3B0E, 0x43D1, 0x6CF3, 0x7C72, 0x5454, 0x4AED, 0x39C7, 0x39C7, 0x39C7, 0x39C7, 0x39E8, 0x6558, 0x39E7, 0xFFDF,
 0xF7FF, 0xA75C, 0xAF7D, 0xAF7D, 0xAF7D, 0xAF7D, 0xB77D, 0xA77D, 0xD79E, 0xFFFF, 0xFFFF, 0xFFFF, 0xFFFF, 0xFFFF, 0xFFFF, 0xFFFF,
 0xFFFF, 0xFFFF, 0xFFFF, 0xDFBE, 0xA75C, 0xAF7D, 0xAF7D, 0xAF7D, 0xAF7D, 0xAF7D, 0xA75C, 0xDFDE, 0xFFFF, 0xFFFF, 0xFFFF, 0xFFFF,
 0xFFFF, 0xFFFF, 0xFFFF, 0xFFFF, 0xFFFF, 0xFFFF, 0xD7BE, 0xA77D, 0xAF7D, 0xAF7D, 0xAF7D, 0xAF7D, 0xAF7D, 0xA73C, 0xF7FF, 0xFFFF,
 0xFFFF, 0xFFFF, 0xFFFF, 0xFFFF, 0xFFFF, 0xCF9E, 0xA75D, 0xAF7D, 0xAF7D, 0xAF7D, 0xAF7D, 0xAF5D, 0xAF5C, 0xF7FF, 0xFFFF, 0xFFFF,
 0xFFDF, 0xFFFF, 0xD69A, 0x9CF3, 0xFFFF, 0xFFFF, 0xFFFF, 0xFFFF, 0xC77D, 0x7410, 0xB6FB, 0xAF5D, 0xAF5D, 0xAF5D, 0xAF7D, 0xAF5C,
 0xFFFF, 0xFFFF, 0xFFFF, 0xFFFF, 0xFFFF, 0xA514, 0xBDB7, 0xFFFF, 0xFFFF, 0xFFFF, 0xFFDF, 0xB75C, 0x5B0C, 0xBF5C, 0xAF5D, 0xAF5D,
 0xAF5D, 0xAF5D, 0xC79D, 0xFFDF, 0xFFFF, 0xFFFF, 0xFFFF, 0xFFFF, 0xFFFF, 0xFFFF, 0xFFFF, 0xFFFF, 0xFFFF, 0xEFDF, 0xA75C, 0xAF7D,
 0xAF7D, 0xAF5D, 0x9DD7, 0x8CF4, 0xAF5D, 0xCF9E, 0x9CD3, 0xDEDB, 0xFFFF, 0xFFFF, 0xFFFF, 0xFFFF, 0xFFFF, 0x6B4D, 0xFFFF, 0xFFFF,
 0xF7FF, 0xAF5C, 0xAF5D, 0xAF5D, 0xAF5D, 0xAF5D, 0xAF5D, 0xA75D, 0xD79E, 0xFFFF, 0xFFFF, 0xFFFF, 0xFFFF, 0xFFFF, 0xFFFF, 0xFFFF,
 0xFFFF, 0xFFFF, 0xFFFF, 0xDFBE, 0xAF5D, 0xAF7D, 0xAF7D, 0xAF7D, 0xAF7D, 0xAF7D, 0xA75D, 0xDFBE, 0xFFFF, 0xFFFF, 0xFFFF, 0xFFFF,
 0xFFFF, 0xFFFF, 0xFFFF, 0xFFFF, 0xFFFF, 0xFFFF, 0xD79E, 0xAF5D, 0xAF7D, 0xAF7D, 0xAF7D, 0xAF7D, 0xAF7D, 0xA75C, 0xF7FF, 0xFFFF,
 0xFFFF, 0xFFFF, 0xFFFF, 0xFFFF, 0xCF9E, 0xA75C, 0xE7DF, 0xFFFF, 0xFFFF, 0xFFFF, 0xFFFF, 0xF7FF, 0xCF9D, 0xA73B, 0xF7DF, 0xFFFF,
 0xFFFF, 0xFFFF, 0xFFFF, 0xFFFF, 0xFFFF, 0xFFFF, 0xFFFF, 0xB77D, 0xB77D, 0xEFDF, 0xFFFF, 0xFFFF, 0xFFFF, 0xFFFF, 0xEFFF, 0xC77D,
 0xAF5C, 0xF7FF, 0xFFFF, 0xFFFF, 0xFFFF, 0xFFFF, 0xFFFF, 0xFFFF, 0xFFFF, 0xF7DF, 0xA75C, 0xBF7D, 0xFFFF, 0xFFFF, 0xFFFF, 0xFFFF,
 0xFFFF, 0xE7DF, 0xAF7D, 0xC77D, 0xF7FF, 0xFFFF, 0xFFFF, 0xFFFF, 0xFFFF, 0xFFFF, 0xFFFF, 0xFFFF, 0xEFFF, 0x9F3C, 0xC79D, 0xFFFF,
 0xFFFF, 0xFFFF, 0xFFFF, 0xFFFF, 0xD7BE, 0xAF5C, 0xB77D, 0xF7FF, 0xFFFF, 0xFFFF, 0xFFFF, 0xFFFF, 0xFFFF, 0xFFFF, 0xFFFF, 0xEFFF,
 0xA73B, 0xC79E, 0xFFFF, 0xFFFF, 0xFFFF, 0xFFFF, 0xFFFF, 0xDFDF, 0xAF5D, 0xD7BE, 0xF7FF, 0xFFFF, 0xFFFF, 0xFFFF, 0xFFFF, 0xFFFF,
 0xFFFF, 0xFFDF, 0xDFDF, 0xA75C, 0xD7BE, 0xFFFF, 0xFFFF, 0xFFFF, 0xFFFF, 0xFFFF, 0xCFBE, 0xA75C, 0xE7DE, 0xFFFF, 0xFFFF, 0xFFFF,
 0xFFFF, 0xFFFF, 0xFFFF, 0xFFFF, 0xFFDF, 0xC79D, 0xAF5C, 0xDFDE, 0xFFFF, 0xFFFF, 0xFFFF, 0xFFFF, 0xF7FF, 0xC79E, 0x9F3C, 0xE7DF,
 0xFFFF, 0xFFFF, 0xFFFF, 0xB77D, 0xA73C, 0xE7DF, 0xFFFF, 0xFFFF, 0xFFFF, 0xFFFF, 0xFFFF, 0xFFFF, 0xFFFF, 0xCF9E, 0x973B, 0xF7DF,
 0xFFFF, 0xFFFF, 0xFFFF, 0xFFFF, 0xFFFF, 0xFFFF, 0xBF7D, 0xAF7D, 0xEFDF, 0xFFFF, 0xFFFF, 0xFFFF, 0xFFFF, 0xFFFF, 0xFFFF, 0xF7DF,
 0xC77D, 0xAF5C, 0xFFDF, 0xFFFF, 0xFFFF, 0xFFFF, 0xFFFF, 0xFFFF, 0xF7FF, 0x9F1B, 0xBF9E, 0xF7FF, 0xFFFF, 0xFFFF, 0xFFFF, 0xFFFF,
 0xFFFF, 0xFFFF, 0xEFBF, 0xAF5C, 0xBF7D, 0xFFDF, 0xFFFF, 0xFFFF, 0xFFFF, 0xFFFF, 0xFFFF, 0xF7FF, 0x971B, 0xD7BE, 0xFFFF, 0xFFFF,
 0xFFFF, 0xFFFF, 0xFFFF, 0xFFFF, 0xFFFF, 0xE7DF, 0xAF7D, 0xC77D, 0xFFDF, 0xFFFF, 0xFFFF, 0xFFFF, 0xFFFF, 0xFFFF, 0xF7FF, 0x8F1B,
 0xCFBE, 0xFFFF, 0xFFFF, 0xFFFF, 0xFFFF, 0xFFFF, 0xFFFF, 0xFFFF, 0xE7DF, 0x9F5C, 0xCF9E, 0xFFFF, 0xFFFF, 0xFFFF, 0xFFFF, 0xFFFF,
 0xFFFF, 0xEFDF, 0x8F3B, 0xDFDE, 0xFFFF, 0xFFFF, 0xFFFF, 0xFFFF, 0xFFFF, 0xFFFF, 0xFFFF, 0xDFDE, 0x971B, 0xEFDF, 0xFFFF, 0xFFFF,
 0xFFFF, 0xFFFF, 0xFFFF, 0xFFFF, 0xCF9E, 0xA75D, 0xE7DF, 0xFFFF, 0xFFFF, 0xFFFF, 0xFFFF, 0xFFFF, 0xFFFF, 0xFFFF, 0xD7BE, 0x971B,
 0xF7FF, 0xFFDF, 0xB79D, 0xAF7D, 0xDFBE, 0xFFFF, 0xFFFF, 0xFFFF, 0xFFFF, 0xFFFF, 0xFFFF, 0xFFFF, 0xFFFF, 0xF7FF, 0xC79E, 0x9F3B,
 0xF7FF, 0xFFDF, 0xFFFF, 0xFFFF, 0xF7FF, 0xC77D, 0xAF7C, 0xEFDF, 0xFFFF, 0xFFFF, 0xFFFF, 0xFFFF, 0xFFFF, 0xFFFF, 0xFFFF, 0xFFFF,
 0xEFFF, 0xBF7D, 0xAF7D, 0xF7FF, 0xFFFF, 0xFFFF, 0xFFFF, 0xF7FF, 0xA73C, 0xBF9D, 0xF7DF, 0xFFFF, 0xFFFF, 0xFFFF, 0xFFFF, 0xFFFF,
 0xFFFF, 0xFFFF, 0xFFFF, 0xE7DF, 0xAF7D, 0xBF9D, 0xFFDF, 0xFFFF, 0xFFFF, 0xFFFF, 0xEFFF, 0x973B, 0xC79E, 0xFFFF, 0xFFFF, 0xFFFF,
 0xFFFF, 0xFFFF, 0xFFFF, 0xFFFF, 0xFFFF, 0xFFFF, 0xEFDF, 0xA77D, 0xCF9E, 0xF7FF, 0xFFFF, 0xFFFF, 0xFFFF, 0xFFFF, 0x9F1B, 0xD79E,
 0xF7FF, 0xFFFF, 0xFFFF, 0xFFFF, 0xFFFF, 0xFFFF, 0xFFFF, 0xFFFF, 0xFFFF, 0xDFBE, 0x9F5C, 0xDFBE, 0xFFFF, 0xFFFF, 0xFFFF, 0xFFFF,
 0xEFDF, 0x9F3B, 0xDFBE, 0xFFFF, 0xFFFF, 0xFFFF, 0xFFFF, 0xFFFF, 0xFFFF, 0xFFFF, 0xFFFF, 0xFFFF, 0xD7BE, 0x973B, 0xF7DF, 0xF7FF,
 0xFFFF, 0xFFFF, 0xFFFF, 0xDFBE, 0xA75C, 0xE7BF, 0xFFFF, 0xFFFF, 0xFFFF, 0xFFFF, 0xFFFF, 0xFFFF, 0xFFFF, 0xFFFF, 0xFFFF, 0xD7BE,
 0x76FB, 0x6F3B, 0xB75D, 0xEFBF, 0xFFDF, 0xFFFF, 0xFFFF, 0xFFFF, 0xFFFF, 0xFFFF, 0xFFFF, 0xFFFF, 0xFFFF, 0xFFFF, 0xFFDF, 0xD79E,
 0x6F1B, 0x6F1B, 0x6F1B, 0x671B, 0x771C, 0xA75D, 0xEFDF, 0xFFDF, 0xFFFF, 0xFFFF, 0xFFFF, 0xFFFF, 0xFFFF, 0xFFFF, 0xFFFF, 0xFFFF,
 0xFFFF, 0xEFDF, 0xB75D, 0x771B, 0x671B, 0x6EFC, 0x6EFB, 0x7EFC, 0xBF9E, 0xF7DF, 0xFFFF, 0xFFFF, 0xFFFF, 0xFFFF, 0xFFFF, 0xFFFF,
 0xFFFF, 0xFFFF, 0xFFFF, 0xFFDF, 0xEFDF, 0xA75C, 0x771B, 0x6F1B, 0x6EFC, 0x6EFB, 0x86FB, 0xCFBE, 0xFFDF, 0xFFFF, 0xFFFF, 0xFFFF,
 0xFFFF, 0xFFFF, 0xFFFF, 0xFFFF, 0xFFFF, 0xFFFF, 0xFFFF, 0xEFDF, 0x9F3D, 0x76FB, 0x6EFB, 0x6F1B, 0x6EFB, 0x6EFB, 0xD7BE, 0xF7DF,
 0xFFFF, 0xFFFF, 0xFFFF, 0xFFFF, 0xFFFF, 0xFFFF, 0xFFFF, 0xFFFF, 0xFFFF, 0xF7FF, 0xEFBF, 0x8F3C, 0x6F1B, 0x6F1B, 0x6F1B, 0x6F1B,
 0x7F3B, 0xDFBF, 0xFFFF, 0xFFFF, 0xFFFF, 0xFFFF, 0xFFFF, 0xFFFF, 0xFFFF, 0xFFFF, 0xFFFF, 0xFFFF, 0xFFFF, 0xDFDE, 0x7EFB, 0x6F1B,
 0x6F1B, 0x6F1B, 0x6EFB, 0x8F3C, 0xE7DF, 0xFFDF, 0xFFFF, 0xFFFF, 0xFFFF, 0xFFFF, 0xFFFF, 0xFFFF, 0xFFFF, 0xFFFF, 0xFFFF, 0xFFFF,
 0xEFFF, 0xEFDF, 0xA75C, 0xB77D, 0xFFDF, 0xFFFF, 0xFFFF, 0xFFFF, 0xFFFF, 0xFFFF, 0xFFFF, 0xFFFF, 0xFFFF, 0xFFFF, 0xE7DF, 0x86FA,
 0xE7DF, 0xEFDF, 0xEFFF, 0xEFDF, 0xE7FF, 0xAF7C, 0xB77D, 0xFFFF, 0xFFFF, 0xFFFF, 0xFFFF, 0xFFFF, 0xFFFF, 0xFFFF, 0xFFFF, 0xFFFF,
 0xFFFF, 0xCF9E, 0x9F5C, 0xEFDF, 0xEFDF, 0xEFFF, 0xEFDF, 0xE7FF, 0x971B, 0xDFDE, 0xFFFF, 0xFFFF, 0xFFFF, 0xFFFF, 0xFFFF, 0xFFFF,
 0xFFFF, 0xFFFF, 0xFFFF, 0xF7FF, 0xB75D, 0xAF7D, 0xEFDF, 0xEFDF, 0xEFFF, 0xEFFF, 0xDFDF, 0x8EFA, 0xE7DF, 0xFFFF, 0xFFFF, 0xFFFF,
 0xFFFF, 0xFFFF, 0xFFFF, 0xFFFF, 0xFFFF, 0xFFFF, 0xFFFF, 0xB77D, 0xB77D, 0xE7DF, 0xEFDF, 0xEFFF, 0xEFFF, 0xE7FF, 0x86FA, 0xEFFF,
 0xFFFF, 0xFFFF, 0xFFFF, 0xFFFF, 0xFFFF, 0xFFFF, 0xFFFF, 0xFFFF, 0xFFFF, 0xF7FF, 0x9F5C, 0xC79E, 0xEFDF, 0xEFFF, 0xEFFF, 0xEFFF,
 0xD7DE, 0x8EFA, 0xF7DF, 0xFFFF, 0xFFFF, 0xFFFF, 0xFFFF, 0xFFFF, 0xFFFF, 0xFFFF, 0xFFFF, 0xFFFF, 0xF7FF, 0x8EFA, 0xDFDF, 0xEFDF,
 0xEFDF, 0xEFDF, 0xEFFF, 0xC79E, 0xA75C, 0xFFDF, 0xFFFF, 0xFFFF, 0xFFFF, 0xFFFF, 0xFFFF, 0xFFFF, 0xFFFF, 0xFFFF, 0xFFFF, 0xF7FF,
 0xFFFF, 0xFFFF, 0xF7DF, 0xA75C, 0xA73C, 0xFFFF, 0xFFFF, 0xFFFF, 0xFFFF, 0xFFFF, 0xFFFF, 0xFFFF, 0xFFFF, 0xEFDF, 0x8EFA, 0xDFDF,
 0xFFFF, 0xFFFF, 0xFFFF, 0xFFFF, 0xFFFF, 0xF7FF, 0xA75C, 0xC79E, 0xFFFF, 0xFFFF, 0xFFFF, 0xFFFF, 0xFFFF, 0xFFFF, 0xFFFF, 0xFFFF,
 0xDFBE, 0x973C, 0xEFDF, 0xFFFF, 0xFFFF, 0xFFFF, 0xFFFF, 0xFFFF, 0xEFDF, 0x8F1B, 0xDFBE, 0xFFDF, 0xFFFF, 0xFFFF, 0xFFFF, 0xFFFF,
 0xFFFF, 0xFFFF, 0xFFFF, 0xBF5D, 0xA75C, 0xF7DF, 0xFFFF, 0xFFFF, 0xFFFF, 0xFFFF, 0xFFFF, 0xE7DF, 0x8EFB, 0xF7FF, 0xF7FF, 0xFFFF,
 0xFFFF, 0xFFFF, 0xFFFF, 0xFFFF, 0xFFFF, 0xFFFF, 0xC79D, 0xAF5D, 0xF7DF, 0xFFFF, 0xFFFF, 0xFFFF, 0xFFFF, 0xFFFF, 0xE7DF, 0x871B,
 0xEFDF, 0xFFDF, 0xFFFF, 0xFFFF, 0xFFFF, 0xFFFF, 0xFFFF, 0xFFFF, 0xFFFF, 0x9F3C, 0xBF7D, 0xF7FF, 0xFFFF, 0xFFFF, 0xFFFF, 0xFFFF,
 0xFFFF, 0xD7DE, 0x8F1B, 0xF7DF, 0xFFFF, 0xFFFF, 0xFFFF, 0xFFFF, 0xFFFF, 0xFFFF, 0xFFFF, 0xF7FF, 0x8F1B, 0xDFBF, 0xFFFF, 0xFFFF,
 0xFFFF, 0xFFFF, 0xFFFF, 0xF7FF, 0xB77D, 0xAF7D, 0xFFFF, 0xFFFF, 0xFFFF, 0xFFFF, 0xFFFF, 0xFFFF, 0xFFFF, 0xF7FF, 0xF7FF, 0x971B,
 0xFFFF, 0xFFFF, 0xFFFF, 0xF7FF, 0xBF9D, 0xAF7D, 0xF7FF, 0xFFFF, 0xFFFF, 0xFFFF, 0xFFFF, 0xFFFF, 0xEFDF, 0x86DA, 0xE7DF, 0xFFFF,
 0xFFFF, 0xFFFF, 0xFFFF, 0xFFFF, 0xFFFF, 0xFFFF, 0xF7DF, 0x9F3C, 0xC79D, 0xFFFF, 0xFFFF, 0xFFFF, 0xFFFF, 0xFFFF, 0xFFDF, 0xE7DF,
 0x86FA, 0xEFFF, 0xFFFF, 0xFFFF, 0xFFFF, 0xFFFF, 0xFFFF, 0xFFFF, 0xFFFF, 0xEFDF, 0x8F1B, 0xE7DF, 0xFFFF, 0xFFFF, 0xFFFF, 0xFFFF,
 0xFFFF, 0xFFFF, 0xBF7D, 0xA75C, 0xF7DF, 0xFFFF, 0xFFFF, 0xFFFF, 0xFFFF, 0xFFFF, 0xFFFF, 0xFFDF, 0xE7DF, 0x86FA, 0xEFFF, 0xFFFF,
 0xFFFF, 0xFFFF, 0xFFFF, 0xFFFF, 0xF7DF, 0xAF3C, 0x9F5C, 0xF7FF, 0xFFFF, 0xFFFF, 0xFFFF, 0xFFFF, 0xFFFF, 0xFFFF, 0xFFFF, 0xE7DF,
 0x86DA, 0xE7FF, 0xFFFF, 0xFFFF, 0xFFFF, 0xFFFF, 0xFFFF, 0xF7DF, 0xA75C, 0xC79D, 0xF7FF, 0xFFFF, 0xFFFF, 0xFFFF, 0xFFFF, 0xFFFF,
 0xFFFF, 0xF7FF, 0xD7BE, 0x9F3B, 0xF7FF, 0xFFFF, 0xFFFF, 0xFFFF, 0xFFFF, 0xFFFF, 0xF7DF, 0x973B, 0xD7BE, 0xFFFF, 0xFFFF, 0xFFFF,
 0xFFFF, 0xFFFF, 0xFFFF, 0xFFFF, 0xF7FF, 0xAF5D, 0xAF5C, 0xF7FF, 0xFFFF, 0xFFFF, 0xFFFF, 0xFFFF, 0xFFFF, 0xEFDF, 0x7EFA, 0xD7DE,
 0xFFFF, 0xFFFF, 0xFFFF, 0xFFFF, 0xFFFF, 0xB75D, 0xB79D, 0xFFFF, 0xFFFF, 0xFFFF, 0xFFFF, 0xF7FF, 0x76DA, 0xE7FF, 0xFFFF, 0xFFFF,
 0xFFFF, 0xFFFF, 0xFFFF, 0xFFFF, 0xFFFF, 0xFFFF, 0xFFFF, 0xF7FF, 0x9F1C, 0xCFBE, 0xFFFF, 0xFFFF, 0xFFFF, 0xFFFF, 0xDFDF, 0x76DA,
 0xF7FF, 0xFFFF, 0xFFFF, 0xFFFF, 0xFFFF, 0xFFFF, 0xFFFF, 0xFFFF, 0xFFFF, 0xFFFF, 0xF7FF, 0x7EDA, 0xEFFF, 0xFFFF, 0xFFFF, 0xFFFF,
 0xFFFF, 0xC79E, 0x973C, 0xFFFF, 0xFFFF, 0xFFFF, 0xFFFF, 0xFFFF, 0xFFFF, 0xFFFF, 0xFFFF, 0xFFFF, 0xFFFF, 0xDFDF, 0x7EDA, 0xF7FF,
 0xFFFF, 0xFFFF, 0xFFFF, 0xFFFF, 0xA75C, 0xAF7D, 0xFFFF, 0xFFFF, 0xFFFF, 0xFFFF, 0xFFFF, 0xFFFF, 0xFFFF, 0xFFFF, 0xFFFF, 0xFFFF,
 0xE7FF, 0x7EDA, 0xF7FF, 0xFFFF, 0xFFFF, 0xFFFF, 0xFFFF, 0xAF5D, 0xB77D, 0xFFFF, 0xFFFF, 0xFFFF, 0xFFFF, 0xFFFF, 0xFFFF, 0xFFFF,
 0xFFFF, 0xFFFF, 0xFFFF, 0xC79E, 0x8F1B, 0xF7FF, 0xFFFF, 0xFFFF, 0xFFFF, 0xFFFF, 0x871B, 0xC7BE, 0xFFFF, 0xFFFF, 0xFFFF, 0xFFFF,
 0xFFFF, 0xFFFF, 0xFFFF, 0xFFFF, 0xFFFF, 0xFFDF, 0xAF7D, 0xB77D, 0xFFFF, 0xFFFF, 0xFFFF, 0xFFFF, 0xEFFF, 0x7EDA, 0xE7DF, 0xFFFF,
 0xFFFF, 0xFFFF, 0xFFFF, 0xFFFF, 0xFFFF, 0xEFDF, 0x9F5D, 0x6F1B, 0x6F1C, 0x6F1C, 0x6F1B, 0x771B, 0xD7BE, 0xFFFF, 0xFFFF, 0xFFFF,
 0xFFFF, 0xFFFF, 0xFFFF, 0xFFFF, 0xFFFF, 0xFFFF, 0xFFFF, 0xFFFF, 0xE7DF, 0x8F3C, 0x6F1B, 0x6F1B, 0x6F1B, 0x6F1B, 0x871B, 0xDFBE,
 0xFFFF, 0xFFFF, 0xFFFF, 0xFFFF, 0xFFFF, 0xFFFF, 0xFFFF, 0xFFFF, 0xFFFF, 0xFFFF, 0xFFFF, 0xD7BE, 0x771B, 0x6F1C, 0x6F1C, 0x6F1C,
 0x6F1C, 0x8F3C, 0xEFDF, 0xFFFF, 0xFFFF, 0xFFFF, 0xFFFF, 0xFFFF, 0xFFFF, 0xFFFF, 0xFFFF, 0xFFFF, 0xFFFF, 0xF7FF, 0xCFBE, 0x6F1B,
 0x6F1B, 0x6F1B, 0x6F1B, 0x6F1B, 0xAF7D, 0xEFDF, 0xFFFF, 0xFFFF, 0xFFFF, 0xFFFF, 0xFFFF, 0xFFFF, 0xFFFF, 0xFFFF, 0xFFFF, 0xFFFF,
 0xFFFF, 0xCFBE, 0x76FC, 0x6F1B, 0x6F1B, 0x6F1B, 0x6F1B, 0x9F5D, 0xEFDF, 0xFFFF, 0xFFFF, 0xFFFF, 0xFFFF, 0xFFFF, 0xFFFF, 0xFFFF,
 0xFFFF, 0xFFFF, 0xFFFF, 0xF7DF, 0xBF7E, 0x76FB, 0x6F1B, 0x6F1C, 0x6F1B, 0x6F1B, 0xBF9E, 0xEFDF, 0xFFFF, 0xFFFF, 0xFFFF, 0xFFFF,
 0xFFFF, 0xFFFF, 0xFFFF, 0xFFFF, 0xFFFF, 0xFFFF, 0xEFDF, 0x9F5D, 0x6F1B, 0x6F1B, 0x6F1B, 0x6F1C, 0x76FB, 0xCFBE, 0xF7FF, 0xFFFF,
 0xFFFF, 0xFFFF, 0xFFFF, 0xFFFF, 0xF7FF, 0xB77D, 0xBF7D, 0xEFDF, 0xEFFF, 0xEFFF, 0xEFDF, 0xE7DF, 0x86FA, 0xEFFF, 0xFFFF, 0xFFFF,
 0xFFFF, 0xFFFF, 0xFFFF, 0xFFFF, 0xFFFF, 0xFFFF, 0xFFFF, 0xF7FF, 0x9F3C, 0xCFBE, 0xEFFF, 0xEFFF, 0xEFFF, 0xEFDF, 0xD7DE, 0x8EFA,
 0xF7FF, 0xFFFF, 0xFFFF, 0xFFFF, 0xFFFF, 0xFFFF, 0xFFFF, 0xFFFF, 0xFFFF, 0xFFFF, 0xEFFF, 0x86FA, 0xE7DF, 0xEFFF, 0xEFFF, 0xEFFF,
 0xEFDF, 0xC79E, 0xA75C, 0xFFFF, 0xFFFF, 0xFFFF, 0xFFFF, 0xFFFF, 0xFFFF, 0xFFFF, 0xFFFF, 0xFFFF, 0xFFFF, 0xDFDE, 0x8EFA, 0xEFFF,
 0xEFDF, 0xEFFF, 0xEFFF, 0xEFDF, 0x9F5C, 0xAF7D, 0xFFFF, 0xFFFF, 0xFFFF, 0xFFFF, 0xFFFF, 0xFFFF, 0xFFFF, 0xFFFF, 0xFFFF, 0xFFFF,
 0xEFFF, 0x86DB, 0xE7FF, 0xEFDF, 0xEFFF, 0xEFDF, 0xEFDF, 0xAF5D, 0xBF7D, 0xFFFF, 0xFFFF, 0xFFFF, 0xFFFF, 0xFFFF, 0xFFFF, 0xFFFF,
 0xFFFF, 0xFFFF, 0xFFFF, 0xCF9E, 0x971B, 0xEFDF, 0xEFDF, 0xEFFF, 0xEFFF, 0xEFFF, 0x8F1B, 0xCF9E, 0xFFFF, 0xFFFF, 0xFFFF, 0xFFFF,
 0xFFFF, 0xFFFF, 0xFFFF, 0xFFFF, 0xFFFF, 0xF7FF, 0xB77D, 0xB75D, 0xEFDF, 0xEFDF, 0xEFDF, 0xEFDF, 0xE7DF, 0x86FA, 0xE7FF, 0xFFFF,
 0xFFFF, 0xFFFF, 0xFFFF, 0xF7DF, 0xBF7D, 0xAF5C, 0xFFFF, 0xFFFF, 0xFFFF, 0xFFFF, 0xFFFF, 0xFFFF, 0xE7DF, 0x86DA, 0xEFFF, 0xFFFF,
 0xFFFF, 0xFFFF, 0xFFFF, 0xFFFF, 0xFFFF, 0xFFFF, 0xF7FF, 0x973B, 0xC79D, 0xFFFF, 0xFFFF, 0xFFFF, 0xFFFF, 0xFFFF, 0xF7FF, 0xDFDF,
 0x8EFB, 0xF7FF, 0xFFFF, 0xFFFF, 0xFFFF, 0xFFFF, 0xFFFF, 0xFFFF, 0xFFFF, 0xEFDF, 0x8EFA, 0xE7DF, 0xFFFF, 0xFFFF, 0xFFFF, 0xFFFF,
 0xFFFF, 0xF7FF, 0xB79D, 0xAF5C, 0xF7FF, 0xFFFF, 0xFFFF, 0xFFFF, 0xFFFF, 0xFFFF, 0xFFFF, 0xF7FF, 0xE7DF, 0x86FA, 0xEFFF, 0xFFFF,
 0xFFFF, 0xFFFF, 0xFFFF, 0xFFFF, 0xF7FF, 0xAF5D, 0x9F3C, 0xF7FF, 0xFFFF, 0xFFFF, 0xFFFF, 0xFFFF, 0xFFFF, 0xFFFF, 0xFFFF, 0xE7FF,
 0x7EDA, 0xEFDF, 0xFFFF, 0xFFFF, 0xFFFF, 0xFFFF, 0xFFFF, 0xF7FF, 0xA73C, 0xC79E, 0xFFFF, 0xFFFF, 0xFFFF, 0xFFFF, 0xFFFF, 0xFFFF,
 0xFFFF, 0xFFFF, 0xD7DE, 0x971B, 0xF7FF, 0xFFFF, 0xFFFF, 0xFFFF, 0xFFFF, 0xFFFF, 0xF7FF, 0x8F1B, 0xD7DF, 0xFFFF, 0xFFFF, 0xFFFF,
 0xFFFF, 0xFFFF, 0xFFFF, 0xFFFF, 0xFFFF, 0xAF5D, 0xA75C, 0xFFFF, 0xFFFF, 0xFFFF, 0xFFFF, 0xFFFF, 0xFFFF, 0xEFFF, 0x6EDA, 0xD7DE,
 0xFFFF, 0xFFFF, 0xEFDF, 0xA75D, 0x9F5C, 0xFFFF, 0xFFFF, 0xFFFF, 0xFFFF, 0xFFFF, 0xFFFF, 0xFFFF, 0xFFFF, 0xE7FF, 0x7EFA, 0xE7DF,
 0xFFFF, 0xFFFF, 0xFFFF, 0xFFFF, 0xFFFF, 0xF7DF, 0xA75C, 0xCF9E, 0xFFFF, 0xFFFF, 0xFFFF, 0xFFFF, 0xFFFF, 0xFFFF, 0xFFFF, 0xFFFF,
 0xD7BE, 0x973C, 0xEFDF, 0xFFFF, 0xFFFF, 0xFFFF, 0xFFFF, 0xFFFF, 0xEFDF, 0x86FB, 0xDFDF, 0xFFFF, 0xFFFF, 0xFFFF, 0xFFFF, 0xFFFF,
 0xFFFF, 0xFFFF, 0xFFFF, 0xB75D, 0xA73D, 0xEFFF, 0xFFFF, 0xFFFF, 0xFFFF, 0xFFFF, 0xFFFF, 0xE7DF, 0x86FB, 0xF7FF, 0xFFFF, 0xFFFF,
 0xFFFF, 0xFFFF, 0xFFFF, 0xFFFF, 0xFFFF, 0xFFFF, 0xC79D, 0xAF5D, 0xEFFF, 0xFFFF, 0xFFFF, 0xFFFF, 0xFFFF, 0xFFFF, 0xE7DF, 0x86FA,
 0xEFFF, 0xFFFF, 0xFFFF, 0xFFFF, 0xFFFF, 0xFFFF, 0xFFFF, 0xFFFF, 0xFFFF, 0x9F3C, 0xB77D, 0xF7FF, 0xFFFF, 0xFFFF, 0xFFFF, 0xFFFF,
 0xFFFF, 0xD7DE, 0x971B, 0xFFFF, 0xFFFF, 0xFFFF, 0xFFFF, 0xFFFF, 0xFFFF, 0xFFFF, 0xFFFF, 0xFFFF, 0x96FB, 0xD7DE, 0xF7FF, 0xFFFF,
 0xFFFF, 0xFFFF, 0xFFFF, 0xF7FF, 0xB77D, 0xB77D, 0xFFFF, 0xFFFF, 0xFFFF, 0xFFFF, 0xFFFF, 0xFFFF, 0xFFFF, 0xFFFF, 0xFFFF, 0x871B,
 0xEFFF, 0xEFDF, 0xA75C, 0xAF7D, 0xFFFF, 0xFFFF, 0xFFFF, 0xFFFF, 0xFFFF, 0xFFFF, 0xFFFF, 0xFFFF, 0xFFFF, 0xFFFF, 0xEFDF, 0x86FB,
 0xEFFF, 0xF7FF, 0xF7FF, 0xF7FF, 0xEFDF, 0xB75D, 0xBF7D, 0xF7FF, 0xFFFF, 0xFFFF, 0xFFFF, 0xFFFF, 0xFFFF, 0xFFFF, 0xFFFF, 0xFFFF,
 0xFFFF, 0xCF9E, 0x9F3C, 0xEFFF, 0xF7FF, 0xEFFF, 0xF7FF, 0xEFFF, 0x971B, 0xDFBF, 0xFFFF, 0xFFFF, 0xFFFF, 0xFFFF, 0xFFFF, 0xFFFF,
 0xFFFF, 0xFFFF, 0xFFFF, 0xFFDF, 0xB77D, 0xB77D, 0xEFDF, 0xF7DF, 0xEFFF, 0xF7DF, 0xE7DF, 0x86DA, 0xEFFF, 0xF7FF, 0xFFFF, 0xFFFF,
 0xFFFF, 0xFFFF, 0xFFFF, 0xFFFF, 0xFFFF, 0xFFFF, 0xFFFF, 0xB77C, 0xB77D, 0xF7DF, 0xF7DF, 0xF7DF, 0xF7DF, 0xEFDF, 0x86FA, 0xE7FF,
 0xFFFF, 0xFFFF, 0xFFFF, 0xFFFF, 0xFFFF, 0xFFFF, 0xFFFF, 0xFFFF, 0xFFFF, 0xF7FF, 0x9F3C, 0xCF9E, 0xEFDF, 0xEFDF, 0xEFDF, 0xEFDF,
 0xDFDF, 0x86DA, 0xEFFF, 0xFFFF, 0xFFFF, 0xFFFF, 0xFFFF, 0xFFFF, 0xFFFF, 0xFFFF, 0xFFFF, 0xFFFF, 0xF7FF, 0x86FA, 0xE7DF, 0xEFDF,
 0xEFFF, 0xEFFF, 0xEFFF, 0xCF9E, 0x9F3C, 0xF7FF, 0xFFFF, 0xFFFF, 0xFFFF, 0xFFFF, 0xFFFF, 0xFFFF, 0xFFFF, 0xFFFF, 0xFFFF, 0xF7FF,
 0x6EFB, 0x6EFB, 0xAF7D, 0xEFDF, 0xFFFF, 0xFFFF, 0xFFFF, 0xFFFF, 0xFFFF, 0xFFFF, 0xFFFF, 0xFFFF, 0xFFFF, 0xFFFF, 0xFFFF, 0xCFBE,
 0x6EFB, 0x6F1B, 0x671B, 0x66FB, 0x6F1B, 0xA73D, 0xEFDF, 0xFFFF, 0xFFFF, 0xFFFF, 0xFFFF, 0xFFFF, 0xFFFF, 0xFFFF, 0xFFFF, 0xFFFF,
 0xFFFF, 0xF7DF, 0xB77D, 0x66FB, 0x66FB, 0x66FB, 0x66FB, 0x66FB, 0xBF9E, 0xF7DF, 0xFFFF, 0xFFFF, 0xFFFF, 0xFFFF, 0xFFFF, 0xFFFF,
 0xFFFF, 0xFFFF, 0xFFFF, 0xFFFF, 0xF7DF, 0xA75D, 0x6F1B, 0x671B, 0x671B, 0x66FB, 0x76FB, 0xCFBE, 0xFFDF, 0xFFFF, 0xFFFF, 0xFFFF,
 0xFFFF, 0xFFFF, 0xFFFF, 0xFFFF, 0xFFFF, 0xFFFF, 0xFFFF, 0xF7DF, 0x9F5C, 0x671B, 0x671B, 0x671B, 0x671B, 0x6EFB, 0xCFBE, 0xF7FF,
 0xFFFF, 0xFFFF, 0xFFFF, 0xFFFF, 0xFFFF, 0xFFFF, 0xFFFF, 0xFFFF, 0xFFFF, 0xFFFF, 0xEFDF, 0x8F3C, 0x6F1B, 0x6F1B, 0x6F1B, 0x6EFB,
 0x7F1B, 0xDFBF, 0xFFFF, 0xFFFF, 0xFFFF, 0xFFFF, 0xFFFF, 0xFFFF, 0xFFFF, 0xFFFF, 0xFFFF, 0xFFFF, 0xFFFF, 0xDFBE, 0x76FB, 0x6EFB,
 0x66FB, 0x66FB, 0x66FB, 0x873C, 0xEFDF, 0xFFFF, 0xFFFF, 0xFFFF, 0xFFFF, 0xFFFF, 0xFFFF, 0xFFFF, 0xFFFF, 0xFFFF, 0xFFFF, 0xFFFF,
 0xFFFF, 0xFFFF, 0xB77D, 0xAF5D, 0xDFBE, 0xFFFF, 0xFFFF, 0xFFFF, 0xFFFF, 0xFFFF, 0xFFFF, 0xFFFF, 0xFFFF, 0xF7FF, 0xCF9E, 0x9F3C,
 0xF7FF, 0xFFFF, 0xFFFF, 0xFFFF, 0xFFFF, 0xC79D, 0xAF5D, 0xEFDF, 0xFFFF, 0xFFFF, 0xFFFF, 0xFFFF, 0xFFFF, 0xFFFF, 0xFFFF, 0xFFFF,
 0xF7FF, 0xBF7D, 0xB77D, 0xFFFF, 0xFFFF, 0xFFFF, 0xFFFF, 0xFFDF, 0xA73C, 0xC77E, 0xF7DF, 0xFFFF, 0xFFFF, 0xFFFF, 0xFFFF, 0xFFFF,
 0xFFFF, 0xFFFF, 0xFFFF, 0xE7DE, 0xAF5D, 0xC79E, 0xFFFF, 0xFFFF, 0xFFFF, 0xFFFF, 0xF7FF, 0x9F1C, 0xCF9E, 0xF7FF, 0xFFFF, 0xFFFF,
 0xFFFF, 0xFFFF, 0xFFFF, 0xFFFF, 0xFFFF, 0xFFFF, 0xEFDF, 0xA75D, 0xC79E, 0xFFFF, 0xFFFF, 0xFFFF, 0xFFFF, 0xFFFF, 0x971C, 0xCF9E,
 0xF7FF, 0xFFFF, 0xFFFF, 0xFFFF, 0xFFFF, 0xFFFF, 0xFFFF, 0xFFFF, 0xFFFF, 0xDFBE, 0x9F5C, 0xDFBE, 0xFFFF, 0xFFFF, 0xFFFF, 0xFFFF,
 0xE7DF, 0x971C, 0xD79E, 0xFFFF, 0xFFFF, 0xFFFF, 0xFFFF, 0xFFFF, 0xFFFF, 0xFFFF, 0xFFFF, 0xFFFF, 0xD79E, 0x971B, 0xEFFF, 0xFFFF,
 0xFFFF, 0xFFFF, 0xFFFF, 0xD7BE, 0xA75C, 0xE7BF, 0xFFFF, 0xFFFF, 0xFFFF, 0xFFFF, 0xFFFF, 0xFFFF, 0xFFFF, 0xFFFF, 0xFFFF, 0xD79E,


};

const unsigned short gold_win[] = {
 0x0000, 0x0000, 0x0000, 0x0000, 0x0000, 0x0000, 0x0000, 0x0000, 0x0000, 0x0000, 0x0000, 0x0000, 0x0000, 0x0000, 0x0000, 0x0000,
 0x0000, 0x0000, 0x0000, 0x0000, 0x0000, 0x0000, 0x0000, 0x0000, 0x0000, 0x0000, 0x0000, 0x0000, 0x0000, 0x0000, 0x0000, 0x0000,
 0x0000, 0x0000, 0x0000, 0x0000, 0x0000, 0x0000, 0x0000, 0x0000, 0x0000, 0x0000, 0x0000, 0x0000, 0x0000, 0x0000, 0x0000, 0x0000,
 0x0000, 0x0000, 0x0000, 0x0000, 0x0000, 0x0000, 0x0000, 0x0000, 0x0000, 0x0000, 0x0000, 0x0000, 0x0000, 0x0000, 0x0000, 0x0000,
 0x0000, 0x0000, 0x0000, 0x0000, 0x0000, 0x0000, 0x0000, 0x0000, 0x0000, 0x0000, 0x0000, 0x0000, 0x0000, 0x0000, 0x0000, 0x0000,
 0x0000, 0x0000, 0x0000, 0x0000, 0x0000, 0x0000, 0x0000, 0x0000, 0x0020, 0x0020, 0x0000, 0x0000, 0x0000, 0x0000, 0x0000, 0x0000,
 0x0000, 0x0000, 0x0000, 0x0000, 0x0000, 0x0000, 0x0000, 0x0000, 0x0000, 0x0000, 0x0000, 0x0000, 0x0000, 0x0000, 0x0000, 0x0000,
 0x0000, 0x0000, 0x0000, 0x0000, 0x0000, 0x0000, 0x0000, 0x0000, 0x0000, 0x0000, 0x0000, 0x0000, 0x0000, 0x0000, 0x0000, 0x0000,
 0x0000, 0x0000, 0x0000, 0x0000, 0x0000, 0x0000, 0x0000, 0x0000, 0x0000, 0x0000, 0x0000, 0x0000, 0x0000, 0x0000, 0x0000, 0x0000,
 0x0000, 0x0000, 0x0000, 0x0000, 0x0000, 0x0000, 0x0000, 0x0000, 0x0000, 0x0000, 0x0000, 0x0000, 0x0000, 0x0000, 0x0000, 0x0000,
 0x0000, 0x0000, 0x0000, 0x0000, 0x0000, 0x0000, 0x0000, 0x0000, 0x0000, 0x0000, 0x0000, 0x0000, 0x0000, 0x0000, 0x0000, 0x0000,
 0x0000, 0x0000, 0x0000, 0x0000, 0x0000, 0x0000, 0x0000, 0x0000, 0x0000, 0x0000, 0x0000, 0x0000, 0x0000, 0x0000, 0x0000, 0x0000,
 0x0000, 0x0000, 0x0000, 0x0000, 0x0000, 0x0000, 0x0000, 0x0000, 0x0000, 0x0000, 0x0000, 0x0000, 0x0000, 0x0000, 0x0000, 0x0000,
 0x0000, 0x0000, 0x0000, 0x0000, 0x0000, 0x0000, 0x0000, 0x0000, 0x0000, 0x0000, 0x0000, 0x0000, 0x0000, 0x0000, 0x0000, 0x0000,
 0x0000, 0x0000, 0x0000, 0x0000, 0x0000, 0x0000, 0x0000, 0x0000, 0x0000, 0x0000, 0x0000, 0x0000, 0x0000, 0x0000, 0x0000, 0x0000,
 0x0000, 0x0000, 0x0000, 0x0000, 0x0000, 0x0000, 0x0000, 0x0000, 0x0000, 0x0000, 0x0000, 0x0000, 0x0000, 0x0000, 0x0000, 0x0000,
 0x0000, 0x0000, 0x0000, 0x0000, 0x0000, 0x0000, 0x0000, 0x0000, 0x0000, 0x0000, 0x0000, 0x0000, 0x0000, 0x0000, 0x0000, 0x0000,
 0x0000, 0x0000, 0x0000, 0x0000, 0x0000, 0x0000, 0x0000, 0x0000, 0x0000, 0x0000, 0x0000, 0x0000, 0x0000, 0x0000, 0x0000, 0x0000,
 0x0000, 0x0000, 0x0000, 0x0000, 0x0000, 0x0000, 0x0000, 0x0000, 0x0000, 0x0000, 0x0000, 0x0000, 0x0000, 0x0000, 0x0000, 0x0000,
 0x0000, 0x0000, 0x0000, 0x0000, 0x0000, 0x0000, 0x0000, 0x0000, 0x0000, 0x0000, 0x0000, 0x0000, 0x0000, 0x0000, 0x0000, 0x0000,
 0x0000, 0x0000, 0x0000, 0x0000, 0x0000, 0x0000, 0x0000, 0x0000, 0x0000, 0x0000, 0x0000, 0x0000, 0x0000, 0x0000, 0x0000, 0x0000,
 0x0000, 0x0000, 0x0000, 0x0000, 0x0000, 0x0000, 0x0000, 0x0000, 0x0000, 0x0000, 0x0000, 0x0000, 0x0000, 0x0000, 0x0000, 0x0000,
 0x0000, 0x0000, 0x0000, 0x0000, 0x0000, 0x0000, 0x0000, 0x0000, 0x0000, 0x0000, 0x0000, 0x0000, 0x0000, 0x0000, 0x0000, 0x0000,
 0x0000, 0x0000, 0x0000, 0x0000, 0x0000, 0x0000, 0x0000, 0x0000, 0x0000, 0x0000, 0x0000, 0x0000, 0x0000, 0x0000, 0x0000, 0x0000,
 0x0000, 0x0000, 0x0000, 0x0000, 0x0000, 0x0021, 0x0021, 0x0021, 0x0021, 0x0021, 0x0021, 0x0021, 0x0021, 0x0021, 0x0000, 0x0000,
 0x0000, 0x0000, 0x0000, 0x0001, 0x0021, 0x0021, 0x0021, 0x0021, 0x0021, 0x0021, 0x0021, 0x0021, 0x0021, 0x0021, 0x0000, 0x0000,
 0x0000, 0x0021, 0x0021, 0x0021, 0x0021, 0x0021, 0x0021, 0x0021, 0x0021, 0x0021, 0x0021, 0x0021, 0x0021, 0x0001, 0x0021, 0x0021,
 0x0021, 0x0021, 0x0021, 0x0021, 0x0021, 0x0021, 0x0021, 0x0021, 0x0021, 0x0021, 0x0000, 0x0000, 0x0000, 0x0000, 0x0000, 0x0000,
 0x0000, 0x0000, 0x0000, 0x0000, 0x0000, 0x0000, 0x0000, 0x0000, 0x0000, 0x0001, 0x0021, 0x0021, 0x0000, 0x0000, 0x0000, 0x0000,
 0x0000, 0x0000, 0x0020, 0x0021, 0x0021, 0x0000, 0x0000, 0x0000, 0x0000, 0x0000, 0x0021, 0x0021, 0x0021, 0x0000, 0x0000, 0x0021,
 0x0021, 0x0000, 0x0000, 0x0000, 0x0000, 0x0000, 0x0000, 0x0000, 0x0000, 0x0000, 0x0000, 0x0000, 0x0021, 0x0021, 0x0000, 0x0021,
 0x0021, 0x0021, 0x0021, 0x0021, 0x0021, 0x0021, 0x0021, 0x0021, 0x0021, 0x0021, 0x0021, 0x0000, 0x0000, 0x0000, 0x0000, 0x0000,
 0x0000, 0x0000, 0x0000, 0x0042, 0x0884, 0x08A5, 0x08A6, 0x08A6, 0x08A6, 0x08A6, 0x08A6, 0x08A6, 0x08A6, 0x08A5, 0x0064, 0x0021,
 0x0000, 0x0021, 0x0063, 0x08A5, 0x08A5, 0x08A6, 0x08A6, 0x08A6, 0x08A6, 0x08A6, 0x08A6, 0x08A6, 0x08A6, 0x08A5, 0x0064, 0x0021,
 0x0000, 0x0864, 0x08A6, 0x08A6, 0x08A6, 0x08A6, 0x08A6, 0x08A6, 0x08A6, 0x08A6, 0x08A6, 0x08A6, 0x0864, 0x0043, 0x0885, 0x08A6,
 0x08A6, 0x08A6, 0x08A6, 0x08A6, 0x08A6, 0x08A6, 0x08A6, 0x08A6, 0x08A6, 0x08A5, 0x0884, 0x0022, 0x0000, 0x0000, 0x0000, 0x0000,
 0x0000, 0x0000, 0x0000, 0x0000, 0x0000, 0x0000, 0x0000, 0x0000, 0x0000, 0x0863, 0x08A6, 0x0884, 0x0001, 0x0000, 0x0000, 0x0000,
 0x0000, 0x0000, 0x0842, 0x0885, 0x0885, 0x0021, 0x0000, 0x0000, 0x0000, 0x0000, 0x0863, 0x08A5, 0x0885, 0x0021, 0x0042, 0x08A5,
 0x0884, 0x0021, 0x0000, 0x0000, 0x0000, 0x0000, 0x0000, 0x0000, 0x0000, 0x0000, 0x0001, 0x0043, 0x08A5, 0x0884, 0x0021, 0x0863,
 0x08A5, 0x08A6, 0x08A6, 0x08A6, 0x08A6, 0x08A6, 0x08A6, 0x08A6, 0x08A6, 0x08A6, 0x08A5, 0x0064, 0x0021, 0x0000, 0x0000, 0x0000,
 0x0000, 0x0000, 0x0021, 0x08C6, 0x228E, 0x3BB3, 0x4455, 0x4455, 0x4455, 0x4455, 0x4455, 0x4455, 0x4435, 0x3372, 0x222C, 0x08A5,
 0x0001, 0x0863, 0x19CA, 0x3371, 0x4455, 0x4455, 0x4455, 0x4455, 0x4455, 0x4455, 0x4455, 0x4455, 0x4455, 0x3372, 0x19CB, 0x0863,
 0x0020, 0x19EA, 0x4455, 0x4455, 0x4455, 0x4455, 0x4455, 0x4455, 0x4455, 0x4455, 0x4455, 0x4455, 0x22CE, 0x08A4, 0x33D2, 0x3C55,
 0x4455, 0x4455, 0x4455, 0x4455, 0x4455, 0x4455, 0x4455, 0x4455, 0x4455, 0x33B2, 0x226D, 0x08C6, 0x0021, 0x0000, 0x0000, 0x0000,
 0x0000, 0x0000, 0x0000, 0x0000, 0x0000, 0x0000, 0x0000, 0x0000, 0x0021, 0x19A9, 0x3C55, 0x2ACE, 0x0042, 0x0000, 0x0000, 0x0000,
 0x0000, 0x0001, 0x1127, 0x3C14, 0x3351, 0x0884, 0x0000, 0x0000, 0x0000, 0x0000, 0x1126, 0x3C34, 0x3370, 0x0041, 0x08C4, 0x3BF3,
 0x3371, 0x0021, 0x0000, 0x0000, 0x0000, 0x0000, 0x0000, 0x0000, 0x0000, 0x0021, 0x0864, 0x1169, 0x33D3, 0x226C, 0x0821, 0x19C9,
 0x3C34, 0x4455, 0x4455, 0x4455, 0x4455, 0x4455, 0x4455, 0x4455, 0x4455, 0x4455, 0x3372, 0x19EB, 0x0864, 0x0000, 0x0000, 0x0000,
 0x0000, 0x0000, 0x0842, 0x3B71, 0x4D9A, 0x5599, 0x4D17, 0x44D6, 0x44D6, 0x44D6, 0x44D6, 0x44D6, 0x4D37, 0x55BA, 0x4D79, 0x228D,
 0x0042, 0x1167, 0x4D17, 0x55BA, 0x4D37, 0x44D6, 0x44D6, 0x44D6, 0x44D6, 0x44D6, 0x44D6, 0x44D6, 0x4D17, 0x55BA, 0x4D38, 0x1988,
 0x0021, 0x228C, 0x4DBB, 0x4D99, 0x44F6, 0x44D6, 0x44D6, 0x44D6, 0x44D6, 0x44D6, 0x44D6, 0x44D6, 0x2B0E, 0x08C4, 0x4518, 0x4DBA,
 0x44F7, 0x44D6, 0x44D6, 0x44D6, 0x44D6, 0x44D6, 0x44D6, 0x44D6, 0x4D17, 0x5599, 0x4D9A, 0x3330, 0x0862, 0x0000, 0x0000, 0x0000,
 0x0000, 0x0000, 0x0000, 0x0000, 0x0000, 0x0000, 0x0000, 0x0000, 0x0884, 0x3BF3, 0x4DDB, 0x4D38, 0x08C5, 0x0000, 0x0000, 0x0000,
 0x0000, 0x0042, 0x2B30, 0x4DBA, 0x4D79, 0x19A9, 0x0021, 0x0000, 0x0000, 0x0000, 0x1187, 0x4D9A, 0x3C95, 0x0041, 0x08E5, 0x4538,
 0x3CB6, 0x0022, 0x0000, 0x0000, 0x0000, 0x0000, 0x0000, 0x0000, 0x0042, 0x08A5, 0x224D, 0x44F7, 0x4DDA, 0x2B4F, 0x0021, 0x19E9,
 0x44D6, 0x4CF6, 0x4CF6, 0x4CF6, 0x4CF6, 0x4CF6, 0x4CF6, 0x4CF6, 0x4CF6, 0x4D17, 0x55BA, 0x4D38, 0x19A9, 0x0020, 0x0000, 0x0000,
 0x0000, 0x0000, 0x0863, 0x4D59, 0x4DBA, 0x228C, 0x08E4, 0x08C3, 0x08C3, 0x08C3, 0x08C3, 0x08C3, 0x1105, 0x2AEE, 0x4DDB, 0x3C74,
 0x08A3, 0x22AD, 0x4DDA, 0x3C95, 0x1125, 0x08C3, 0x08C3, 0x08C3, 0x08C3, 0x08C3, 0x08C3, 0x08C3, 0x1105, 0x3C33, 0x4DDB, 0x3370,
 0x0041, 0x228D, 0x4DDB, 0x3C95, 0x0925, 0x08C3, 0x08C3, 0x08C3, 0x08C3, 0x08C3, 0x08C3, 0x08C3, 0x0862, 0x08C4, 0x4538, 0x4D9A,
 0x19E9, 0x08C3, 0x08C3, 0x08C3, 0x08C3, 0x08C3, 0x08C3, 0x08C3, 0x0904, 0x228C, 0x4D9A, 0x44D6, 0x08C4, 0x0000, 0x0000, 0x0000,
 0x0000, 0x0000, 0x0000, 0x0000, 0x0000, 0x0000, 0x0000, 0x0021, 0x1988, 0x4D79, 0x559A, 0x4DBB, 0x2ACE, 0x0042, 0x0000, 0x0000,
 0x0000, 0x10E6, 0x4517, 0x4DBA, 0x4DBA, 0x33B2, 0x0884, 0x0000, 0x0000, 0x0000, 0x1187, 0x4D9A, 0x3C95, 0x0041, 0x08E5, 0x4558,
 0x3CB6, 0x0022, 0x0000, 0x0000, 0x0000, 0x0000, 0x0001, 0x0063, 0x1107, 0x3351, 0x4D79, 0x4DDA, 0x4DDB, 0x2B50, 0x0021, 0x0041,
 0x08C4, 0x08C4, 0x08C4, 0x08C4, 0x08C4, 0x08C4, 0x08C4, 0x08C4, 0x08C4, 0x1105, 0x3BF3, 0x4DDB, 0x2B2F, 0x0020, 0x0000, 0x0000,
 0x0000, 0x0000, 0x0063, 0x4D79, 0x4DBA, 0x1187, 0x0000, 0x0000, 0x0000, 0x0000, 0x0000, 0x0000, 0x0020, 0x19E9, 0x4DDB, 0x3C95,
 0x08A3, 0x22CD, 0x4DDB, 0x2BD2, 0x0021, 0x0000, 0x0000, 0x0000, 0x0000, 0x0000, 0x0000, 0x0000, 0x0000, 0x2B2F, 0x4DDB, 0x2B91,
 0x0021, 0x228D, 0x4DDB, 0x3C75, 0x0882, 0x0000, 0x0000, 0x0000, 0x0000, 0x0000, 0x0000, 0x0000, 0x0000, 0x08C4, 0x4538, 0x4599,
 0x1166, 0x0000, 0x0000, 0x0000, 0x0000, 0x0000, 0x0000, 0x0000, 0x0000, 0x0905, 0x4538, 0x4579, 0x0905, 0x0000, 0x0000, 0x0000,
 0x0000, 0x0000, 0x0000, 0x0000, 0x0000, 0x0000, 0x0000, 0x0863, 0x3371, 0x4DBA, 0x334F, 0x4D79, 0x44F7, 0x10A5, 0x0020, 0x0000,
 0x0842, 0x2ACE, 0x4DBA, 0x33D1, 0x44F6, 0x4D58, 0x1988, 0x0021, 0x0000, 0x0000, 0x1187, 0x4D9A, 0x3C95, 0x0061, 0x08E5, 0x4558,
 0x3CB6, 0x0022, 0x0000, 0x0000, 0x0000, 0x0022, 0x0885, 0x19AA, 0x3C75, 0x4DBA, 0x4D17, 0x3412, 0x4DBA, 0x2B70, 0x0021, 0x0000,
 0x0000, 0x0021, 0x0021, 0x0022, 0x0022, 0x0022, 0x0022, 0x0022, 0x0022, 0x0042, 0x2B4F, 0x4DDB, 0x2B70, 0x0000, 0x0000, 0x0000,
 0x0000, 0x0000, 0x0063, 0x4579, 0x4DBA, 0x1187, 0x0000, 0x0000, 0x0000, 0x0000, 0x0000, 0x0000, 0x0020, 0x19E9, 0x4DDB, 0x3C95,
 0x08A3, 0x22CD, 0x4DDB, 0x2BD2, 0x0020, 0x0000, 0x0000, 0x0000, 0x0000, 0x0000, 0x0000, 0x0000, 0x0000, 0x2B2F, 0x4DDB, 0x2B91,
 0x0041, 0x228D, 0x4DDB, 0x3C75, 0x0882, 0x0000, 0x0000, 0x0000, 0x0000, 0x0000, 0x0000, 0x0000, 0x0000, 0x08C4, 0x4538, 0x4599,
 0x1166, 0x0000, 0x0000, 0x0000, 0x0000, 0x0000, 0x0000, 0x0000, 0x0000, 0x08E4, 0x4538, 0x4579, 0x0925, 0x0000, 0x0000, 0x0000,
 0x0000, 0x0000, 0x0000, 0x0000, 0x0000, 0x0000, 0x0021, 0x1147, 0x4D58, 0x44F7, 0x08C3, 0x3390, 0x4DDA, 0x226C, 0x0042, 0x0000,
 0x08C5, 0x44D6, 0x4D79, 0x1146, 0x2AED, 0x4DBA, 0x3371, 0x0863, 0x0000, 0x0000, 0x1187, 0x4D9A, 0x3C95, 0x0061, 0x08E5, 0x4558,
 0x3CB6, 0x0022, 0x0000, 0x0000, 0x0043, 0x08C6, 0x2A8E, 0x4D38, 0x4DBA, 0x4453, 0x1146, 0x1A6B, 0x4DBA, 0x2B70, 0x0021, 0x0021,
 0x0064, 0x08A5, 0x08A5, 0x08A5, 0x08A5, 0x08A5, 0x08A5, 0x08A5, 0x08A5, 0x08C6, 0x33B2, 0x4DDA, 0x2B4F, 0x0000, 0x0000, 0x0000,
 0x0000, 0x0000, 0x0063, 0x4579, 0x4DBA, 0x1187, 0x0000, 0x0000, 0x0000, 0x0000, 0x0000, 0x0000, 0x0000, 0x19C8, 0x4DDA, 0x3C74,
 0x08A3, 0x22CD, 0x4DDA, 0x33D2, 0x0020, 0x0000, 0x0000, 0x0000, 0x0000, 0x0000, 0x0000, 0x0000, 0x0000, 0x2B2F, 0x4DDA, 0x2B91,
 0x0041, 0x228D, 0x4DDB, 0x3C75, 0x0062, 0x0000, 0x0000, 0x0000, 0x0000, 0x0000, 0x0000, 0x0000, 0x0000, 0x08C4, 0x4538, 0x4599,
 0x1146, 0x0000, 0x0000, 0x0000, 0x0000, 0x0000, 0x0000, 0x0000, 0x0000, 0x08E4, 0x4538, 0x4579, 0x0905, 0x0000, 0x0000, 0x0000,
 0x0000, 0x0000, 0x0000, 0x0000, 0x0000, 0x0000, 0x0042, 0x3330, 0x4DBA, 0x2B0E, 0x0020, 0x1146, 0x4DBA, 0x44B6, 0x08A5, 0x0042,
 0x224C, 0x4DBA, 0x33B1, 0x0041, 0x0904, 0x4517, 0x4518, 0x1147, 0x0021, 0x0000, 0x1187, 0x4D9A, 0x3C95, 0x0061, 0x08E5, 0x4558,
 0x3CB6, 0x0042, 0x0021, 0x0063, 0x1128, 0x33B2, 0x4D9A, 0x5599, 0x332E, 0x0883, 0x0020, 0x1A4B, 0x4DBA, 0x2B70, 0x0021, 0x0884,
 0x220C, 0x33B2, 0x4434, 0x4434, 0x4434, 0x4434, 0x4434, 0x4434, 0x4434, 0x4455, 0x4D79, 0x4D99, 0x220A, 0x0000, 0x0000, 0x0000,
 0x0000, 0x0000, 0x0063, 0x4579, 0x4DBA, 0x1187, 0x0000, 0x0000, 0x0000, 0x0000, 0x0000, 0x0000, 0x0000, 0x08A3, 0x19E8, 0x1166,
 0x0041, 0x22ED, 0x4DDA, 0x2BD2, 0x0020, 0x0000, 0x0000, 0x0000, 0x0000, 0x0000, 0x0000, 0x0000, 0x0000, 0x232F, 0x4DDB, 0x2B91,
 0x0041, 0x228D, 0x4DDB, 0x3C75, 0x0062, 0x0000, 0x0000, 0x0000, 0x0000, 0x0000, 0x0000, 0x0000, 0x0000, 0x08C4, 0x4538, 0x4599,
 0x1146, 0x0000, 0x0000, 0x0000, 0x0000, 0x0000, 0x0000, 0x0000, 0x0000, 0x08E4, 0x4538, 0x4D79, 0x1105, 0x0000, 0x0000, 0x0000,
 0x0000, 0x0000, 0x0000, 0x0000, 0x0000, 0x0000, 0x1106, 0x4517, 0x4D38, 0x1105, 0x0000, 0x0021, 0x3C13, 0x4DBB, 0x1A0B, 0x0884,
 0x3C75, 0x4D9A, 0x1187, 0x0000, 0x0021, 0x334F, 0x4DBA, 0x2B0F, 0x0042, 0x0000, 0x1187, 0x4D9A, 0x3C95, 0x0061, 0x08E5, 0x4559,
 0x3CB6, 0x0863, 0x08A5, 0x19EB, 0x44B6, 0x55DA, 0x4D17, 0x220A, 0x0041, 0x0000, 0x0020, 0x1A4B, 0x4DBA, 0x2B70, 0x0042, 0x220B,
 0x4D79, 0x559A, 0x4D17, 0x4CF7, 0x4CF7, 0x4CF7, 0x4CF7, 0x4CF7, 0x4CF7, 0x4CF6, 0x4474, 0x2A8C, 0x0841, 0x0000, 0x0000, 0x0000,
 0x0000, 0x0000, 0x0063, 0x4579, 0x4DBA, 0x1188, 0x0000, 0x0000, 0x0000, 0x0000, 0x0000, 0x0000, 0x0000, 0x0001, 0x0001, 0x0000,
 0x0021, 0x22ED, 0x4DDA, 0x33D2, 0x0041, 0x0000, 0x0000, 0x0000, 0x0000, 0x0000, 0x0000, 0x0000, 0x0021, 0x2B2F, 0x4DDB, 0x2BB1,
 0x0041, 0x228D, 0x4DDB, 0x3C75, 0x0062, 0x0000, 0x0000, 0x0000, 0x0000, 0x0000, 0x0000, 0x0000, 0x0000, 0x08C4, 0x4538, 0x4599,
 0x1167, 0x0001, 0x0000, 0x0000, 0x0000, 0x0000, 0x0000, 0x0000, 0x0000, 0x1105, 0x4558, 0x4579, 0x1105, 0x0000, 0x0000, 0x0000,
 0x0000, 0x0000, 0x0000, 0x0000, 0x0000, 0x0842, 0x2ACE, 0x4DBA, 0x3390, 0x0020, 0x0000, 0x0000, 0x19A7, 0x4DBA, 0x3C34, 0x220B,
 0x4D9A, 0x3C13, 0x0862, 0x0000, 0x0000, 0x1125, 0x4538, 0x44D7, 0x1106, 0x0021, 0x11A7, 0x4D9A, 0x3C95, 0x0061, 0x08E5, 0x4558,
 0x44B6, 0x1107, 0x2B10, 0x4D59, 0x4DBA, 0x4453, 0x1105, 0x0000, 0x0000, 0x0000, 0x0020, 0x1A4B, 0x4DBA, 0x2B6F, 0x0041, 0x33F2,
 0x4DBB, 0x3BD1, 0x1126, 0x08E5, 0x08E5, 0x08E5, 0x08E5, 0x08E5, 0x08E5, 0x08C4, 0x0062, 0x0021, 0x0000, 0x0000, 0x0000, 0x0000,
 0x0000, 0x0000, 0x0062, 0x4579, 0x4DBA, 0x11CA, 0x0085, 0x0084, 0x0084, 0x0084, 0x0084, 0x0084, 0x0084, 0x0085, 0x0085, 0x0063,
 0x0041, 0x22CD, 0x4DDA, 0x33F3, 0x00A5, 0x0084, 0x0084, 0x0084, 0x0084, 0x0084, 0x0084, 0x0084, 0x0085, 0x2B91, 0x4DDA, 0x3390,
 0x0021, 0x228D, 0x4DDB, 0x3C75, 0x0062, 0x0000, 0x0000, 0x0000, 0x0000, 0x0000, 0x0000, 0x0000, 0x0000, 0x08C4, 0x4538, 0x4599,
 0x1188, 0x0885, 0x0084, 0x0084, 0x0084, 0x0084, 0x0084, 0x0084, 0x0085, 0x1189, 0x4558, 0x4538, 0x08E4, 0x0000, 0x0000, 0x0000,
 0x0000, 0x0000, 0x0000, 0x0000, 0x0000, 0x10E6, 0x3CB6, 0x4D58, 0x1166, 0x0000, 0x0000, 0x0000, 0x0841, 0x3C74, 0x4DBA, 0x44F7,
 0x4DBA, 0x19E9, 0x0000, 0x0000, 0x0000, 0x0821, 0x33B1, 0x4DBA, 0x2AAE, 0x0042, 0x1187, 0x4D9A, 0x3C95, 0x0061, 0x08E5, 0x4559,
 0x4D59, 0x3C34, 0x4DBA, 0x4D59, 0x330E, 0x0883, 0x0000, 0x0000, 0x0000, 0x0000, 0x0020, 0x1A4B, 0x4DBA, 0x2B6F, 0x0041, 0x3453,
 0x4DDB, 0x2B0F, 0x0085, 0x0085, 0x0085, 0x0085, 0x0085, 0x0085, 0x0085, 0x0085, 0x0885, 0x0084, 0x0022, 0x0000, 0x0000, 0x0000,
 0x0000, 0x0000, 0x0041, 0x44F6, 0x4DDA, 0x3C14, 0x22EF, 0x22CF, 0x22CF, 0x22CF, 0x22CF, 0x22CF, 0x22CF, 0x22CF, 0x22CF, 0x11A9,
 0x0021, 0x222A, 0x4DBA, 0x4D38, 0x2B10, 0x22CF, 0x22CF, 0x22CF, 0x22CF, 0x22CF, 0x22CF, 0x22CF, 0x2AF0, 0x4518, 0x4DBA, 0x22AC,
 0x0021, 0x228C, 0x4DDB, 0x3C75, 0x0062, 0x0000, 0x0000, 0x0000, 0x0000, 0x0000, 0x0000, 0x0000, 0x0000, 0x08C4, 0x4538, 0x4DBA,
 0x2B51, 0x22CF, 0x22CF, 0x22CF, 0x22CF, 0x22CF, 0x22CF, 0x22CF, 0x22CF, 0x3C55, 0x4DBA, 0x3C33, 0x0862, 0x0000, 0x0000, 0x0000,
 0x0000, 0x0000, 0x0000, 0x0000, 0x0021, 0x226C, 0x4DBA, 0x33F2, 0x0041, 0x0000, 0x0000, 0x0000, 0x0000, 0x222A, 0x4DBA, 0x4DDB,
 0x3C95, 0x0882, 0x0000, 0x0000, 0x0000, 0x0000, 0x19A7, 0x4D79, 0x44B6, 0x08E5, 0x11A8, 0x4D9A, 0x3C95, 0x0061, 0x08E5, 0x4559,
 0x4DDB, 0x55BA, 0x4CD6, 0x1A09, 0x0041, 0x0000, 0x0000, 0x0000, 0x0000, 0x0000, 0x0000, 0x1A4B, 0x4DBA, 0x2B6F, 0x0041, 0x2B4F,
 0x4DDA, 0x44D7, 0x2AEF, 0x22CF, 0x22CF, 0x22CF, 0x22CF, 0x22CF, 0x22CF, 0x22CF, 0x22CF, 0x228D, 0x0862, 0x0000, 0x0000, 0x0000,
 0x0000, 0x0000, 0x0000, 0x19C8, 0x4CB5, 0x4D78, 0x5599, 0x5599, 0x5599, 0x5599, 0x5599, 0x5599, 0x5599, 0x5599, 0x559A, 0x3370,
 0x0020, 0x0882, 0x3BB0, 0x4D58, 0x4D99, 0x55BA, 0x5599, 0x5599, 0x5599, 0x5599, 0x5599, 0x5599, 0x5599, 0x4D58, 0x3BD2, 0x0882,
 0x0000, 0x226C, 0x4D9A, 0x3C34, 0x0062, 0x0000, 0x0000, 0x0000, 0x0000, 0x0000, 0x0000, 0x0000, 0x0000, 0x08A3, 0x44F7, 0x4D9A,
 0x5599, 0x5599, 0x5599, 0x5599, 0x5599, 0x5599, 0x5599, 0x5599, 0x4D99, 0x4D79, 0x4CB5, 0x1987, 0x0000, 0x0000, 0x0000, 0x0000,
 0x0000, 0x0000, 0x0000, 0x0000, 0x0882, 0x4434, 0x4D58, 0x19C8, 0x0000, 0x0000, 0x0000, 0x0000, 0x0000, 0x0862, 0x44B6, 0x4D99,
 0x226B, 0x0000, 0x0000, 0x0000, 0x0000, 0x0000, 0x0041, 0x3BF2, 0x5579, 0x21E9, 0x19A7, 0x4D79, 0x4474, 0x0061, 0x08E4, 0x4517,
 0x4D99, 0x3C13, 0x10E5, 0x0020, 0x0000, 0x0000, 0x0000, 0x0000, 0x0000, 0x0000, 0x0000, 0x1A4A, 0x4D99, 0x2B4F, 0x0021, 0x10E4,
 0x4433, 0x4D79, 0x4D99, 0x5599, 0x5599, 0x5599, 0x5599, 0x5599, 0x5599, 0x5599, 0x55B9, 0x4D17, 0x0882, 0x0000, 0x0000, 0x0000,
 0x0000, 0x0000, 0x0000, 0x0000, 0x0062, 0x1987, 0x19C9, 0x21E9, 0x21E9, 0x21E9, 0x21E9, 0x21E9, 0x21E9, 0x21E9, 0x21E9, 0x1125,
 0x0000, 0x0000, 0x0041, 0x1126, 0x19C9, 0x21E9, 0x21E9, 0x21E9, 0x21E9, 0x21E9, 0x21E9, 0x21E9, 0x21C9, 0x1966, 0x0041, 0x0000,
 0x0000, 0x10C3, 0x19E9, 0x1166, 0x0020, 0x0000, 0x0000, 0x0000, 0x0000, 0x0000, 0x0000, 0x0000, 0x0000, 0x0021, 0x19A8, 0x21E9,
 0x21E9, 0x21E9, 0x21E9, 0x21E9, 0x21E9, 0x21E9, 0x21E9, 0x19E9, 0x19E9, 0x1987, 0x0862, 0x0000, 0x0000, 0x0000, 0x0000, 0x0000,
 0x0000, 0x0000, 0x0000, 0x0000, 0x0861, 0x21C8, 0x19A8, 0x0021, 0x0000, 0x0000, 0x0000, 0x0000, 0x0000, 0x0000, 0x1125, 0x19C8,
 0x0041, 0x0000, 0x0000, 0x0000, 0x0000, 0x0000, 0x0000, 0x10C4, 0x21E9, 0x1925, 0x0882, 0x19E8, 0x1967, 0x0020, 0x0041, 0x19C8,
 0x19C8, 0x0862, 0x0000, 0x0000, 0x0000, 0x0000, 0x0000, 0x0000, 0x0000, 0x0000, 0x0000, 0x08C3, 0x19E8, 0x1125, 0x0000, 0x0020,
 0x0042, 0x1967, 0x19E9, 0x21E9, 0x21E9, 0x21E9, 0x21E9, 0x21E9, 0x21E9, 0x21E9, 0x21E9, 0x19A8, 0x0020, 0x0000, 0x0000, 0x0000,
 0x0000, 0x0000, 0x0000, 0x0000, 0x0000, 0x0000, 0x0000, 0x0000, 0x0000, 0x0000, 0x0000, 0x0000, 0x0000, 0x0000, 0x0000, 0x0000,
 0x0000, 0x0000, 0x0000, 0x0000, 0x0000, 0x0000, 0x0000, 0x0000, 0x0000, 0x0000, 0x0000, 0x0000, 0x0000, 0x0000, 0x0000, 0x0000,
 0x0000, 0x0000, 0x0000, 0x0000, 0x0000, 0x0000, 0x0000, 0x0000, 0x0000, 0x0000, 0x0000, 0x0000, 0x0000, 0x0000, 0x0000, 0x0000,
 0x0000, 0x0000, 0x0000, 0x0000, 0x0000, 0x0000, 0x0000, 0x0000, 0x0000, 0x0000, 0x0000, 0x0000, 0x0000, 0x0000, 0x0000, 0x0000,
 0x0000, 0x0000, 0x0000, 0x0000, 0x0000, 0x0000, 0x0000, 0x0000, 0x0000, 0x0000, 0x0000, 0x0000, 0x0000, 0x0000, 0x0000, 0x0000,
 0x0000, 0x0000, 0x0000, 0x0000, 0x0000, 0x0000, 0x0000, 0x0000, 0x0000, 0x0000, 0x0000, 0x0000, 0x0000, 0x0000, 0x0000, 0x0000,
 0x0000, 0x0000, 0x0000, 0x0000, 0x0000, 0x0000, 0x0000, 0x0000, 0x0000, 0x0000, 0x0000, 0x0000, 0x0000, 0x0000, 0x0000, 0x0000,
 0x0000, 0x0000, 0x0000, 0x0000, 0x0000, 0x0000, 0x0000, 0x0000, 0x0000, 0x0000, 0x0000, 0x0000, 0x0000, 0x0000, 0x0000, 0x0000,
 0x0000, 0x0000, 0x0000, 0x0000, 0x0000, 0x0000, 0x0000, 0x0000, 0x0000, 0x0000, 0x0000, 0x0000, 0x0000, 0x0000, 0x0000, 0x0000,
 0x0000, 0x0000, 0x0000, 0x0000, 0x0000, 0x0000, 0x0000, 0x0000, 0x0000, 0x0000, 0x0000, 0x0000, 0x0000, 0x0000, 0x0000, 0x0000,
 0x0000, 0x0000, 0x0000, 0x0000, 0x0000, 0x0000, 0x0000, 0x0000, 0x0000, 0x0000, 0x0000, 0x0000, 0x0000, 0x0000, 0x0000, 0x0000,
 0x0000, 0x0000, 0x0000, 0x0000, 0x0000, 0x0000, 0x0000, 0x0000, 0x0000, 0x0000, 0x0000, 0x0000, 0x0000, 0x0000, 0x0000, 0x0000,
 0x0000, 0x0000, 0x0000, 0x0000, 0x0000, 0x0000, 0x0000, 0x0000, 0x0000, 0x0000, 0x0000, 0x0000, 0x0000, 0x0000, 0x0000, 0x0000,
 0x0000, 0x0000, 0x0000, 0x0000, 0x0000, 0x0000, 0x0000, 0x0000, 0x0000, 0x0000, 0x0000, 0x0000, 0x0000, 0x0000, 0x0000, 0x0000,
 0x0000, 0x0000, 0x0000, 0x0000, 0x0000, 0x0000, 0x0000, 0x0000, 0x0000, 0x0000, 0x0000, 0x0000, 0x0000, 0x0000, 0x0000, 0x0000,
 0x0000, 0x0000, 0x0000, 0x0000, 0x0000, 0x0000, 0x0000, 0x0000, 0x0000, 0x0000, 0x0000, 0x0000, 0x0000, 0x0000, 0x0000, 0x0000,
 0x0000, 0x0000, 0x0000, 0x0000, 0x0000, 0x0000, 0x0000, 0x0000, 0x0000, 0x0000, 0x0000, 0x0000, 0x0000, 0x0000, 0x0000, 0x0000,
 0x0000, 0x0000, 0x0000, 0x0000, 0x0000, 0x0000, 0x0000, 0x0000, 0x0000, 0x0000, 0x0000, 0x0000, 0x0000, 0x0000, 0x0000, 0x0000,
 0x0000, 0x0000, 0x0000, 0x0000, 0x0000, 0x0000, 0x0000, 0x0000, 0x0000, 0x0000, 0x0000, 0x0000, 0x0000, 0x0000, 0x0000, 0x0000,
 0x0000, 0x0000, 0x0000, 0x0000, 0x0000, 0x0000, 0x0000, 0x0000, 0x0000, 0x0000, 0x0000, 0x0000, 0x0000, 0x0000, 0x0000, 0x0000,
 0x0000, 0x0000, 0x0000, 0x0000, 0x0000, 0x0000, 0x0000, 0x0000, 0x0000, 0x0000, 0x0000, 0x0000, 0x0000, 0x0000, 0x0000, 0x0000,
 0x0000, 0x0000, 0x0000, 0x0000, 0x0000, 0x0000, 0x0000, 0x0000, 0x0000, 0x0000, 0x0000, 0x0000, 0x0000, 0x0000, 0x0000, 0x0000,
 0x0000, 0x0000, 0x0000, 0x0000, 0x0000, 0x0000, 0x0000, 0x0000, 0x0000, 0x0000, 0x0000, 0x0000, 0x0000, 0x0000, 0x0000, 0x0000,
 0x0000, 0x0000, 0x0000, 0x0000, 0x0000, 0x0000, 0x0000, 0x0000, 0x0000, 0x0000, 0x0000, 0x0000, 0x0000, 0x0000, 0x0000, 0x0000,
 0x0000, 0x0000, 0x0000, 0x0000, 0x0000, 0x0000, 0x0000, 0x0000, 0x0000, 0x0000, 0x0000, 0x0000, 0x0000, 0x0000, 0x0000, 0x0000,
 0x0000, 0x0000, 0x0000, 0x0000, 0x0000, 0x0000, 0x0000, 0x0000, 0x0000, 0x0000, 0x0000, 0x0000, 0x0000, 0x0000, 0x0000, 0x0000,
 0x0000, 0x0000, 0x0000, 0x0000, 0x0000, 0x0000, 0x0000, 0x0000, 0x0000, 0x0000, 0x0000, 0x0000, 0x0000, 0x0000, 0x0000, 0x0000,
 0x0000, 0x0000, 0x0000, 0x0000, 0x0000, 0x0000, 0x0000, 0x0000, 0x0000, 0x0000, 0x0000, 0x0000, 0x0000, 0x0000, 0x0000, 0x0000,
 0x0000, 0x0000, 0x0000, 0x0000, 0x0000, 0x0000, 0x0000, 0x0000, 0x0000, 0x0000, 0x0000, 0x0000, 0x0000, 0x0000, 0x0000, 0x0000,
 0x0000, 0x0000, 0x0000, 0x0000, 0x0000, 0x0000, 0x0000, 0x0000, 0x0000, 0x0000, 0x0000, 0x0000, 0x0000, 0x0000, 0x0000, 0x0000,
 0x0000, 0x0000, 0x0000, 0x0000, 0x0000, 0x0000, 0x0000, 0x0000, 0x0000, 0x0000, 0x0000, 0x0000, 0x0000, 0x0000, 0x0000, 0x0000,
 0x0000, 0x0000, 0x0000, 0x0000, 0x0000, 0x0000, 0x0000, 0x0000, 0x0000, 0x0000, 0x0000, 0x0000, 0x0000, 0x0000, 0x0000, 0x0000,
 0x0000, 0x0000, 0x0000, 0x0000, 0x0000, 0x0000, 0x0000, 0x0000, 0x0000, 0x0000, 0x0000, 0x0000, 0x0000, 0x0000, 0x0000, 0x0000,
 0x0000, 0x0000, 0x0000, 0x0000, 0x0000, 0x0000, 0x0000, 0x0000, 0x0000, 0x0000, 0x0000, 0x0000, 0x0000, 0x0000, 0x0000, 0x0000,
 0x0000, 0x0000, 0x0000, 0x0000, 0x0000, 0x0000, 0x0000, 0x0000, 0x0000, 0x0000, 0x0000, 0x0000, 0x0000, 0x0000, 0x0000, 0x0000,
 0x0000, 0x0000, 0x0000, 0x0000, 0x0000, 0x0000, 0x0000, 0x0000, 0x0000, 0x0000, 0x0000, 0x0000, 0x0000, 0x0000, 0x0000, 0x0000,
 0x0000, 0x0000, 0x0000, 0x0000, 0x0000, 0x0000, 0x0000, 0x0000, 0x0000, 0x0000, 0x0000, 0x0000, 0x0000, 0x0000, 0x0000, 0x0000,
 0x0000, 0x0000, 0x0000, 0x0000, 0x0000, 0x0000, 0x0000, 0x0000, 0x0000, 0x0000, 0x0000, 0x0000, 0x0000, 0x0000, 0x0000, 0x0000,
 0x0000, 0x0000, 0x0000, 0x0000, 0x0000, 0x0000, 0x0000, 0x0000, 0x0000, 0x0000, 0x0000, 0x0000, 0x0000, 0x0000, 0x0000, 0x0000,
 0x0000, 0x0000, 0x0000, 0x0000, 0x0000, 0x0000, 0x0000, 0x0000, 0x0000, 0x0000, 0x0000, 0x0000, 0x0000, 0x0000, 0x0000, 0x0000,


};

const unsigned short blue_win[] = {
 0x0000, 0x0000, 0x0000, 0x0000, 0x0000, 0x0000, 0x0000, 0x0000, 0x0000, 0x0000, 0x0000, 0x0000, 0x0000, 0x0000, 0x0000, 0x0000,
 0x0000, 0x0000, 0x0000, 0x0000, 0x0000, 0x0000, 0x0000, 0x0000, 0x0000, 0x0000, 0x0000, 0x0000, 0x0000, 0x0000, 0x0000, 0x0000,
 0x0000, 0x0000, 0x0000, 0x0000, 0x0000, 0x0000, 0x0000, 0x0000, 0x0000, 0x0000, 0x0000, 0x0000, 0x0000, 0x0000, 0x0000, 0x0000,
 0x0000, 0x0000, 0x0000, 0x0000, 0x0000, 0x0000, 0x0000, 0x0000, 0x0000, 0x0000, 0x0000, 0x0000, 0x0000, 0x0000, 0x0000, 0x0000,
 0x0000, 0x0000, 0x0000, 0x0000, 0x0000, 0x0000, 0x0000, 0x0000, 0x0000, 0x0000, 0x0000, 0x0000, 0x0000, 0x0000, 0x0000, 0x0000,
 0x0000, 0x0000, 0x0000, 0x0000, 0x0000, 0x0000, 0x0000, 0x0000, 0x0000, 0x0000, 0x0000, 0x0000, 0x0000, 0x0000, 0x0000, 0x0000,
 0x0000, 0x0000, 0x0000, 0x0000, 0x0000, 0x0000, 0x0000, 0x0000, 0x0000, 0x0000, 0x0000, 0x0000, 0x0000, 0x0000, 0x0000, 0x0000,
 0x0000, 0x0000, 0x0000, 0x0000, 0x0000, 0x0000, 0x0000, 0x0000, 0x0000, 0x0000, 0x0000, 0x0000, 0x0000, 0x0000, 0x0000, 0x0000,
 0x0000, 0x0000, 0x0000, 0x0000, 0x0000, 0x0000, 0x0000, 0x0000, 0x0000, 0x0000, 0x0000, 0x0000, 0x0000, 0x0000, 0x0000, 0x0000,
 0x0000, 0x0000, 0x0000, 0x0000, 0x0000, 0x0000, 0x0000, 0x0000, 0x0000, 0x0000, 0x0000, 0x0000, 0x0000, 0x0000, 0x0000, 0x0000,
 0x0000, 0x0000, 0x0000, 0x0000, 0x0000, 0x0000, 0x0000, 0x0000, 0x0000, 0x0000, 0x0000, 0x0000, 0x0000, 0x0000, 0x0000, 0x0000,
 0x0000, 0x0000, 0x0000, 0x0000, 0x0000, 0x0000, 0x0000, 0x0000, 0x0000, 0x0000, 0x0000, 0x0000, 0x0000, 0x0000, 0x0000, 0x0000,
 0x0000, 0x0000, 0x0000, 0x0000, 0x0000, 0x0000, 0x0000, 0x0000, 0x0000, 0x0000, 0x0000, 0x0000, 0x0000, 0x0000, 0x0000, 0x0000,
 0x0000, 0x0000, 0x0000, 0x0000, 0x0000, 0x0000, 0x0000, 0x0000, 0x0000, 0x0000, 0x0000, 0x0000, 0x0000, 0x0000, 0x0000, 0x0000,
 0x0000, 0x0000, 0x0000, 0x0000, 0x0000, 0x0000, 0x0000, 0x0000, 0x0000, 0x0000, 0x0000, 0x0000, 0x0000, 0x0000, 0x0000, 0x0000,
 0x0000, 0x0000, 0x0000, 0x0000, 0x0000, 0x0000, 0x0000, 0x0000, 0x0000, 0x0000, 0x0000, 0x0000, 0x0000, 0x0000, 0x0000, 0x0000,
 0x0000, 0x0000, 0x0000, 0x0000, 0x0820, 0x2081, 0x28A1, 0x28A1, 0x28A2, 0x28A2, 0x28A2, 0x28A2, 0x28A2, 0x2882, 0x2882, 0x2081,
 0x1040, 0x0000, 0x0000, 0x2061, 0x2882, 0x2882, 0x2882, 0x2882, 0x2882, 0x2882, 0x28A2, 0x2882, 0x2882, 0x2882, 0x2061, 0x0820,
 0x0020, 0x1041, 0x2081, 0x28A1, 0x28A1, 0x28A1, 0x28A1, 0x28A1, 0x28A1, 0x28A2, 0x2882, 0x2061, 0x1020, 0x0000, 0x0820, 0x2081,
 0x2881, 0x2882, 0x28A2, 0x28A1, 0x28A1, 0x28A1, 0x28A1, 0x28A1, 0x28A1, 0x28A2, 0x2082, 0x0820, 0x0000, 0x0000, 0x0000, 0x0000,
 0x0000, 0x0000, 0x0000, 0x0000, 0x0000, 0x0000, 0x0000, 0x1040, 0x2882, 0x2881, 0x0800, 0x0000, 0x0000, 0x0000, 0x0000, 0x0000,
 0x1040, 0x2882, 0x2082, 0x0820, 0x0000, 0x0000, 0x0000, 0x0000, 0x1061, 0x2882, 0x2881, 0x1020, 0x1041, 0x2082, 0x2882, 0x0840,
 0x0000, 0x0000, 0x0000, 0x0000, 0x0000, 0x0000, 0x0000, 0x0000, 0x0000, 0x0820, 0x2081, 0x1861, 0x0820, 0x2081, 0x28A1, 0x28A1,
 0x28A1, 0x28A2, 0x28A2, 0x28A1, 0x28A1, 0x28A1, 0x28A2, 0x2882, 0x1861, 0x0820, 0x0000, 0x0000, 0x0000, 0x0000, 0x0000, 0x0000,
 0x0000, 0x0000, 0x0000, 0x0000, 0x1861, 0x69A5, 0x8A26, 0x8A26, 0x8A26, 0x8A26, 0x8A26, 0x8A26, 0x8A26, 0x8A26, 0x8A26, 0x8206,
 0x6184, 0x30A2, 0x1841, 0x5944, 0x8A26, 0x8A26, 0x8A26, 0x8A26, 0x8A26, 0x8A26, 0x8A26, 0x8A26, 0x8A26, 0x8A26, 0x6164, 0x2061,
 0x40E2, 0x71A5, 0x8206, 0x8A26, 0x8A26, 0x8A26, 0x8A26, 0x8A26, 0x8A26, 0x8A26, 0x8A26, 0x8206, 0x6164, 0x2061, 0x1041, 0x6185,
 0x8A26, 0x8A26, 0x8A26, 0x8A26, 0x8A26, 0x8A26, 0x8A26, 0x8A26, 0x8A26, 0x8A26, 0x69A5, 0x1841, 0x0000, 0x0000, 0x0000, 0x0000,
 0x0000, 0x0000, 0x0000, 0x0000, 0x0000, 0x0000, 0x0020, 0x4103, 0x8206, 0x71C5, 0x2082, 0x0000, 0x0000, 0x0000, 0x0000, 0x0000,
 0x38E2, 0x8205, 0x7A05, 0x30A2, 0x0000, 0x0000, 0x0000, 0x0000, 0x4103, 0x8206, 0x79E5, 0x28C1, 0x38C2, 0x79E6, 0x71E5, 0x20A1,
 0x0000, 0x0000, 0x0000, 0x0000, 0x0000, 0x0000, 0x0000, 0x0000, 0x2040, 0x5103, 0x81E5, 0x6164, 0x2061, 0x5964, 0x8A06, 0x8A26,
 0x8A26, 0x8A26, 0x8A26, 0x8A26, 0x8A26, 0x8A26, 0x8A26, 0x8A06, 0x79C5, 0x5123, 0x1860, 0x0000, 0x0000, 0x0000, 0x0000, 0x0000,
 0x0000, 0x0000, 0x0000, 0x0000, 0x1861, 0xA3A8, 0xDD0B, 0xDCEB, 0xDD0B, 0xDD0B, 0xDD0B, 0xDD0B, 0xDCEB, 0xDCEB, 0xDCEB, 0xD4AB,
 0xBBA9, 0x69C5, 0x28A1, 0x7A65, 0xDD0B, 0xDD0B, 0xDD0B, 0xDCEB, 0xDCEB, 0xDCEB, 0xDCEB, 0xDCEB, 0xDCEB, 0xD4EB, 0x92E7, 0x40E2,
 0x8A46, 0xCC0A, 0xD4CB, 0xDCEB, 0xDCEB, 0xDCEB, 0xDCEB, 0xDCEB, 0xDCEB, 0xDCEB, 0xDCEB, 0xD4CB, 0xB369, 0x5144, 0x2061, 0x9307,
 0xDD0B, 0xDD0B, 0xDCEB, 0xDCEB, 0xDCEB, 0xDCEB, 0xDCEB, 0xDCEB, 0xDCEB, 0xDCEB, 0x9B68, 0x1861, 0x0000, 0x0000, 0x0000, 0x0000,
 0x0000, 0x0000, 0x0000, 0x0000, 0x0000, 0x0000, 0x1861, 0x7205, 0xD4AB, 0xC42A, 0x5143, 0x0820, 0x0000, 0x0000, 0x0000, 0x1040,
 0x61A4, 0xD4AB, 0xCC8A, 0x6184, 0x0840, 0x0000, 0x0000, 0x0000, 0x5183, 0xD4CB, 0xBC2A, 0x30C2, 0x38E2, 0xCC8A, 0xBC29, 0x30C2,
 0x0000, 0x0000, 0x0000, 0x0000, 0x0000, 0x0000, 0x0020, 0x2881, 0x6184, 0xA2E7, 0xD4AB, 0x82A6, 0x2061, 0x7AA6, 0xDCEB, 0xDCEB,
 0xDCEB, 0xDCEB, 0xDCEB, 0xDCEB, 0xDCEB, 0xDCEB, 0xDCEB, 0xD4CB, 0xCC6A, 0xA2E7, 0x4903, 0x0000, 0x0000, 0x0000, 0x0000, 0x0000,
 0x0000, 0x0000, 0x0000, 0x0000, 0x1861, 0xBC8A, 0xEE0D, 0xDD8C, 0xBCEA, 0xBCCA, 0xBCCA, 0xBCCA, 0xBCCA, 0xBCCA, 0xC50B, 0xE5CC,
 0xEDED, 0xA368, 0x38E2, 0x82E6, 0xEE2D, 0xE5CC, 0xC4EA, 0xBCCA, 0xBCCA, 0xBCCA, 0xBCCA, 0xBCCA, 0xBCCA, 0xBCCA, 0x72A6, 0x5143,
 0xCC8A, 0xEE0D, 0xDDAC, 0xBCCA, 0xBCCA, 0xBCCA, 0xBCCA, 0xBCCA, 0xBCCA, 0xBCCA, 0xCD2B, 0xEE0D, 0xEDCD, 0x8246, 0x2061, 0xA3A8,
 0xEE0D, 0xDD8C, 0xBCEA, 0xBCCA, 0xBCCA, 0xBCCA, 0xBCCA, 0xBCCA, 0xBCCA, 0xBCCA, 0x7B07, 0x0820, 0x0000, 0x0000, 0x0000, 0x0000,
 0x0000, 0x0000, 0x0000, 0x0000, 0x0000, 0x0000, 0x38E2, 0xABC8, 0xEE0D, 0xE5CC, 0x8AA6, 0x2081, 0x0000, 0x0000, 0x0000, 0x30A2,
 0xA368, 0xEE0D, 0xEDEC, 0x9B27, 0x28A1, 0x0000, 0x0000, 0x0000, 0x59C4, 0xE5EC, 0xCD2B, 0x38E2, 0x3902, 0xDDAC, 0xCD0B, 0x30E2,
 0x0000, 0x0000, 0x0000, 0x0000, 0x0000, 0x1040, 0x38E2, 0x79E5, 0xB3A9, 0xE56C, 0xEE0C, 0x9327, 0x1861, 0x6245, 0xBCCA, 0xBCEA,
 0xBCEA, 0xBCEA, 0xBCEA, 0xBCEA, 0xBCEA, 0xBCEA, 0xC4EA, 0xCD4B, 0xEDED, 0xDD4C, 0x69E4, 0x0820, 0x0000, 0x0000, 0x0000, 0x0000,
 0x0000, 0x0000, 0x0000, 0x0000, 0x1861, 0xBC8A, 0xEE0C, 0xA3C8, 0x28C1, 0x1881, 0x1881, 0x18A1, 0x18A1, 0x1080, 0x28C1, 0x9BA8,
 0xEE2D, 0xBC8A, 0x3902, 0x82E6, 0xEE2D, 0xC4AA, 0x3102, 0x1881, 0x1881, 0x1881, 0x1881, 0x1081, 0x1081, 0x1081, 0x1040, 0x51A4,
 0xE5CC, 0xE5CC, 0x6204, 0x1881, 0x1880, 0x1880, 0x1880, 0x1880, 0x1880, 0x18A0, 0x3922, 0xC4EA, 0xEE0D, 0x9347, 0x2081, 0xA3A8,
 0xEE0D, 0xABE8, 0x28C1, 0x1881, 0x1881, 0x1881, 0x1881, 0x1880, 0x1880, 0x1881, 0x1040, 0x0000, 0x0000, 0x0000, 0x0000, 0x0000,
 0x0000, 0x0000, 0x0000, 0x0000, 0x0000, 0x1841, 0x69C5, 0xDD6B, 0xEE0C, 0xEE0C, 0xBC4A, 0x4123, 0x0820, 0x0000, 0x1020, 0x5984,
 0xCD0B, 0xE60C, 0xEE0D, 0xD4CB, 0x5963, 0x1020, 0x0000, 0x0000, 0x59C4, 0xE5EC, 0xCD2B, 0x38E2, 0x3902, 0xDDAC, 0xCD2B, 0x30E2,
 0x0000, 0x0000, 0x0000, 0x0000, 0x2041, 0x5123, 0x9266, 0xCC6A, 0xE5CC, 0xEE0D, 0xEE2C, 0x9347, 0x1041, 0x1040, 0x1881, 0x18A1,
 0x1881, 0x18A1, 0x18A1, 0x18A1, 0x1881, 0x1881, 0x18A1, 0x4142, 0xC4EA, 0xEDEC, 0x82C6, 0x0820, 0x0000, 0x0000, 0x0000, 0x0000,
 0x0000, 0x0000, 0x0000, 0x0000, 0x1861, 0xBC8A, 0xEE2C, 0xA388, 0x38C2, 0x30C2, 0x38C2, 0x38C2, 0x38C2, 0x38C2, 0x38E2, 0x8B07,
 0xE60C, 0xBCAA, 0x3902, 0x8AE6, 0xEE2D, 0xBC8A, 0x2081, 0x0000, 0x0000, 0x0000, 0x0000, 0x0000, 0x0000, 0x0000, 0x0000, 0x51A4,
 0xE5CC, 0xDD8C, 0x38E2, 0x0000, 0x0000, 0x0000, 0x0000, 0x0000, 0x0000, 0x0000, 0x1041, 0xB429, 0xEE0D, 0x9B67, 0x2081, 0xA3A8,
 0xEE2C, 0xA3A8, 0x38C2, 0x28A2, 0x28A2, 0x28A2, 0x28A2, 0x28A2, 0x28A2, 0x30A1, 0x1861, 0x0000, 0x0000, 0x0000, 0x0000, 0x0000,
 0x0000, 0x0000, 0x0000, 0x0000, 0x0000, 0x30E2, 0xA368, 0xEDED, 0xAC29, 0xC4EA, 0xE58C, 0x7A26, 0x1861, 0x0000, 0x28A2, 0x8AE7,
 0xE5ED, 0xAC49, 0xBCAA, 0xEDEC, 0x8AA6, 0x2881, 0x0000, 0x0000, 0x59C4, 0xE5EC, 0xCD2B, 0x38E2, 0x3902, 0xDDAC, 0xD50B, 0x30E2,
 0x0000, 0x0000, 0x0820, 0x30A1, 0x69A4, 0xAB08, 0xDD0B, 0xEDED, 0xC50B, 0xB449, 0xEE2C, 0x9347, 0x1041, 0x0000, 0x1040, 0x2081,
 0x2081, 0x2881, 0x2881, 0x2881, 0x2881, 0x2881, 0x28A1, 0x40E3, 0xB449, 0xEDEC, 0x82C6, 0x0820, 0x0000, 0x0000, 0x0000, 0x0000,
 0x0000, 0x0000, 0x0000, 0x0000, 0x1861, 0xBC8A, 0xEE0C, 0xC42A, 0x9266, 0x9246, 0x9246, 0x9246, 0x9246, 0x9266, 0x9266, 0xC429,
 0xEE0C, 0xB469, 0x28A1, 0x82E6, 0xEE2D, 0xBC8A, 0x2081, 0x0000, 0x0000, 0x0000, 0x0000, 0x0000, 0x0000, 0x0000, 0x0000, 0x59C4,
 0xE5CC, 0xDD8C, 0x38E2, 0x0000, 0x0000, 0x0000, 0x0000, 0x0000, 0x0000, 0x0000, 0x1041, 0xB429, 0xEE2D, 0x9B67, 0x2081, 0xA3A8,
 0xEE2D, 0xBC29, 0x8A46, 0x8A26, 0x8A26, 0x8A26, 0x8A26, 0x8A26, 0x8A26, 0x8205, 0x4103, 0x0000, 0x0000, 0x0000, 0x0000, 0x0000,
 0x0000, 0x0000, 0x0000, 0x0000, 0x1020, 0x61A4, 0xD50B, 0xDD8C, 0x49A3, 0x72C6, 0xEDED, 0xBC09, 0x40E3, 0x1020, 0x5163, 0xCCAA,
 0xE5CC, 0x51C3, 0x5A65, 0xE5EC, 0xC4AA, 0x4923, 0x0820, 0x0000, 0x59C4, 0xE5EC, 0xCD2B, 0x38E2, 0x4102, 0xDDAC, 0xCD0B, 0x30E2,
 0x0000, 0x1841, 0x4103, 0x7A05, 0xBBE9, 0xE58C, 0xE5CD, 0x9C09, 0x3942, 0x7AA6, 0xEE2C, 0x9347, 0x1861, 0x2882, 0x6164, 0x79E5,
 0x8226, 0x8A26, 0x8A06, 0x8A26, 0x8A26, 0x8A26, 0x8226, 0x9266, 0xD50B, 0xEE0C, 0x72A6, 0x0000, 0x0000, 0x0000, 0x0000, 0x0000,
 0x0000, 0x0000, 0x0000, 0x0000, 0x1861, 0xBC8A, 0xEE0D, 0xE5AC, 0xE54C, 0xE54C, 0xE54C, 0xE54B, 0xDD4B, 0xDD4C, 0xE54C, 0xEDCD,
 0xE5CC, 0x82E6, 0x2061, 0x82E6, 0xEE2D, 0xBC8A, 0x2081, 0x0000, 0x0000, 0x0000, 0x0000, 0x0000, 0x0000, 0x0000, 0x0000, 0x59C4,
 0xE5CC, 0xDDAC, 0x38E2, 0x0000, 0x0000, 0x0000, 0x0000, 0x0000, 0x0000, 0x0000, 0x1041, 0xB429, 0xEE0D, 0x9B67, 0x2081, 0xA3A8,
 0xEE2C, 0xE58C, 0xDD0B, 0xDD0B, 0xDD0B, 0xDD0B, 0xDD0B, 0xDD0B, 0xDD0B, 0xD4CB, 0x59A4, 0x0800, 0x0000, 0x0000, 0x0000, 0x0000,
 0x0000, 0x0000, 0x0000, 0x0000, 0x28A2, 0x9B07, 0xEE0C, 0xA429, 0x1060, 0x28E1, 0xCD2B, 0xE58C, 0x7205, 0x30A2, 0x82A6, 0xEDCC,
 0xBC89, 0x1040, 0x1881, 0xCD2B, 0xE5EC, 0x8246, 0x1861, 0x0000, 0x59C4, 0xE5EC, 0xCD2B, 0x38E2, 0x4102, 0xDDAC, 0xCD2B, 0x3102,
 0x2081, 0x5944, 0x9287, 0xCCAB, 0xEDEC, 0xD5AC, 0x7B06, 0x1061, 0x0820, 0x7AA6, 0xEE2C, 0x8B47, 0x2881, 0x6184, 0xB369, 0xD48B,
 0xDCCB, 0xDCEB, 0xDCEB, 0xDCEB, 0xDCEB, 0xDCEB, 0xDCEB, 0xDD0B, 0xEDEC, 0xD56C, 0x3963, 0x0000, 0x0000, 0x0000, 0x0000, 0x0000,
 0x0000, 0x0000, 0x0000, 0x0000, 0x1861, 0xBC8A, 0xEE0D, 0xDD6C, 0xB4AA, 0xB4A9, 0xB4A9, 0xB4AA, 0xB48A, 0xB48A, 0xBCCA, 0xE5AC,
 0xE5AC, 0x8286, 0x2881, 0x82E6, 0xEE2D, 0xBC8A, 0x1881, 0x0000, 0x0000, 0x0000, 0x0000, 0x0000, 0x0000, 0x0000, 0x0000, 0x59C4,
 0xE5CC, 0xDDAC, 0x38E2, 0x0000, 0x0000, 0x0000, 0x0000, 0x0000, 0x0000, 0x0000, 0x1041, 0xB429, 0xEE0C, 0x9B67, 0x2081, 0xA388,
 0xEE0D, 0xE5AC, 0xC50A, 0xBCEA, 0xBCEA, 0xBCEA, 0xBCEA, 0xBCEA, 0xBCEA, 0xBCCA, 0x3942, 0x0000, 0x0000, 0x0000, 0x0000, 0x0000,
 0x0000, 0x0000, 0x0000, 0x1020, 0x5964, 0xCCCA, 0xDDCC, 0x5204, 0x0000, 0x0820, 0x8347, 0xEE0C, 0xABA9, 0x6184, 0xBC4A, 0xE5CC,
 0x6245, 0x0000, 0x0000, 0x72E6, 0xEE0D, 0xBC29, 0x4903, 0x0820, 0x59C4, 0xE5CC, 0xCD2B, 0x38E2, 0x3902, 0xDDAC, 0xCD2B, 0x5163,
 0x71A5, 0xAB48, 0xE52C, 0xF5ED, 0xC50B, 0x4A04, 0x0820, 0x0000, 0x0820, 0x7AA6, 0xEE2C, 0x9347, 0x38E2, 0x9B47, 0xEDCD, 0xE5CC,
 0xCD2B, 0xC50B, 0xC50B, 0xC50B, 0xC50B, 0xC50B, 0xC50B, 0xBCEA, 0xA449, 0x4A04, 0x0020, 0x0000, 0x0000, 0x0000, 0x0000, 0x0000,
 0x0000, 0x0000, 0x0000, 0x0000, 0x1861, 0xBC8A, 0xEE0D, 0x9BA8, 0x20A1, 0x1861, 0x1861, 0x1861, 0x1861, 0x1860, 0x28A1, 0xABC8,
 0xEE0D, 0xABE9, 0x3082, 0x82E6, 0xEE2D, 0xBC8A, 0x2081, 0x0000, 0x0000, 0x0000, 0x0000, 0x0000, 0x0000, 0x0000, 0x0000, 0x51C4,
 0xE5CC, 0xDDAC, 0x38E2, 0x0000, 0x0000, 0x0000, 0x0000, 0x0000, 0x0000, 0x0000, 0x1041, 0xB429, 0xEE0C, 0x9B67, 0x2081, 0x9B88,
 0xEE2D, 0xABE8, 0x30E1, 0x20A1, 0x20A1, 0x20A1, 0x20A1, 0x20A1, 0x20A1, 0x20A1, 0x1040, 0x0000, 0x0000, 0x0000, 0x0000, 0x0000,
 0x0000, 0x0000, 0x0000, 0x2881, 0x8AA6, 0xE5CC, 0xB48A, 0x1880, 0x0000, 0x0000, 0x2922, 0xDD8C, 0xE56C, 0x9AE7, 0xE5AC, 0xC4EB,
 0x1881, 0x0000, 0x0000, 0x20C1, 0xD56B, 0xEDAC, 0x7205, 0x1861, 0x59C4, 0xE5EC, 0xCD2B, 0x38E2, 0x3902, 0xDDAC, 0xD54B, 0x9287,
 0xC40A, 0xEDAC, 0xE5EC, 0x9C09, 0x2902, 0x0020, 0x0000, 0x0000, 0x0820, 0x7AA6, 0xEE2C, 0x9347, 0x38E2, 0xBC8A, 0xEE0D, 0x9BA8,
 0x3902, 0x28E1, 0x28E1, 0x28E1, 0x28E1, 0x28E1, 0x28C1, 0x20A1, 0x1861, 0x1841, 0x0820, 0x0000, 0x0000, 0x0000, 0x0000, 0x0000,
 0x0000, 0x0000, 0x0000, 0x0000, 0x1861, 0xBC8A, 0xEE0D, 0xABE9, 0x69A5, 0x6985, 0x6985, 0x6985, 0x6985, 0x6984, 0x71A5, 0xB3E9,
 0xEE0C, 0xAC29, 0x2881, 0x82E6, 0xEE2D, 0xBC8A, 0x2081, 0x0000, 0x0000, 0x0000, 0x0000, 0x0000, 0x0000, 0x0000, 0x0000, 0x51C4,
 0xE5CC, 0xDDAC, 0x38E2, 0x0000, 0x0000, 0x0000, 0x0000, 0x0000, 0x0000, 0x0000, 0x1041, 0xB429, 0xEE0C, 0x9B67, 0x2081, 0x9B87,
 0xEE0D, 0xB3E9, 0x69A5, 0x6985, 0x6985, 0x6985, 0x6984, 0x6984, 0x69A4, 0x6984, 0x5944, 0x1841, 0x0000, 0x0000, 0x0000, 0x0000,
 0x0000, 0x0000, 0x0820, 0x4943, 0xC46A, 0xE5EC, 0x6265, 0x0820, 0x0000, 0x0000, 0x0840, 0x9BA8, 0xEDEC, 0xDD4C, 0xEDEC, 0x72E6,
 0x0800, 0x0000, 0x0000, 0x0000, 0x8B47, 0xEE0D, 0xB3E9, 0x38E3, 0x59C4, 0xE5EC, 0xCD2B, 0x38E2, 0x3902, 0xE5AC, 0xE5AC, 0xDD0B,
 0xEDED, 0xD5AC, 0x7306, 0x1080, 0x0000, 0x0000, 0x0000, 0x0000, 0x0820, 0x7AA6, 0xEE2D, 0x9347, 0x30E2, 0xBCAA, 0xEE0D, 0xAB48,
 0x71A5, 0x69A4, 0x6984, 0x6984, 0x6985, 0x6985, 0x6985, 0x6984, 0x69A4, 0x5964, 0x2081, 0x0000, 0x0000, 0x0000, 0x0000, 0x0000,
 0x0000, 0x0000, 0x0000, 0x0000, 0x1861, 0xBC89, 0xEE0C, 0xDCEB, 0xC3E9, 0xBBC9, 0xBBC9, 0xC3C9, 0xC3C9, 0xBBE9, 0xC3E9, 0xDD4C,
 0xEE0C, 0x8367, 0x1861, 0x82E6, 0xEE2D, 0xBC8A, 0x2081, 0x0000, 0x0000, 0x0000, 0x0000, 0x0000, 0x0000, 0x0000, 0x0000, 0x51C4,
 0xE5EC, 0xDDAC, 0x38C2, 0x0000, 0x0000, 0x0000, 0x0000, 0x0000, 0x0000, 0x0000, 0x1041, 0xAC29, 0xEE0D, 0x9367, 0x2081, 0xA387,
 0xEE0C, 0xD50B, 0xC3E9, 0xC3C9, 0xC3C9, 0xC3C9, 0xC3C9, 0xC3C9, 0xC3C9, 0xBBC9, 0x8AA6, 0x1861, 0x0000, 0x0000, 0x0000, 0x0000,
 0x0000, 0x0000, 0x1861, 0x8266, 0xE5AC, 0xC4EB, 0x18A1, 0x0000, 0x0000, 0x0000, 0x0000, 0x4163, 0xE5CC, 0xEE0D, 0xD54B, 0x28E1,
 0x0000, 0x0000, 0x0000, 0x0000, 0x3122, 0xDDAC, 0xDD8C, 0x69C5, 0x6205, 0xE5CC, 0xCD2B, 0x38E2, 0x3902, 0xE5AC, 0xEE0D, 0xEE0D,
 0xC4EB, 0x49E4, 0x0840, 0x0000, 0x0000, 0x0000, 0x0000, 0x0000, 0x0820, 0x7AA6, 0xEE2D, 0x9347, 0x2080, 0x93E8, 0xE60D, 0xDD0B,
 0xC3E9, 0xC3C9, 0xC3C9, 0xC3C9, 0xC3C9, 0xC3C9, 0xC3C9, 0xC3C9, 0xC3C9, 0x9AE7, 0x28A1, 0x0000, 0x0000, 0x0000, 0x0000, 0x0000,
 0x0000, 0x0000, 0x0000, 0x0000, 0x1041, 0xAC29, 0xE5EC, 0xE5EC, 0xE5EC, 0xE5ED, 0xE5CD, 0xE5CD, 0xE5CD, 0xE5CC, 0xE5CC, 0xD58C,
 0xAC8A, 0x2922, 0x0820, 0x7285, 0xDDEC, 0xAC49, 0x1840, 0x0000, 0x0000, 0x0000, 0x0000, 0x0000, 0x0000, 0x0000, 0x0000, 0x4163,
 0xD58C, 0xCD6B, 0x20A1, 0x0000, 0x0000, 0x0000, 0x0000, 0x0000, 0x0000, 0x0000, 0x1040, 0x9BE8, 0xE5CC, 0x7B06, 0x1060, 0x9347,
 0xE5CC, 0xE5CC, 0xE5CC, 0xE5CD, 0xE5CD, 0xE5CD, 0xE5CD, 0xE5CD, 0xE5CD, 0xDDCC, 0x9C08, 0x1040, 0x0000, 0x0000, 0x0000, 0x0000,
 0x0000, 0x0000, 0x2081, 0x9388, 0xDDCC, 0x7AE6, 0x0000, 0x0000, 0x0000, 0x0000, 0x0000, 0x1041, 0xA429, 0xDDCC, 0x8347, 0x0000,
 0x0000, 0x0000, 0x0000, 0x0000, 0x0820, 0x93C8, 0xE5EC, 0x82C6, 0x59A4, 0xDDAC, 0xBCCB, 0x20A1, 0x28C1, 0xDD6C, 0xE5CC, 0x9C29,
 0x2902, 0x0000, 0x0000, 0x0000, 0x0000, 0x0000, 0x0000, 0x0000, 0x0020, 0x6A45, 0xE5EC, 0x7AE6, 0x1040, 0x3142, 0xAC69, 0xD58C,
 0xE5CC, 0xE5CD, 0xE5CD, 0xE5CD, 0xE5CD, 0xE5CD, 0xE5CD, 0xE5CC, 0xE5CD, 0xB48A, 0x1861, 0x0000, 0x0000, 0x0000, 0x0000, 0x0000,
 0x0000, 0x0000, 0x0000, 0x0000, 0x0000, 0x3943, 0x49E4, 0x4A04, 0x49E4, 0x49E4, 0x49E4, 0x49E4, 0x49E4, 0x49E4, 0x49E4, 0x3142,
 0x1060, 0x0000, 0x0000, 0x20A1, 0x49E4, 0x3143, 0x0000, 0x0000, 0x0000, 0x0000, 0x0000, 0x0000, 0x0000, 0x0000, 0x0000, 0x0840,
 0x49C4, 0x41C3, 0x0000, 0x0000, 0x0000, 0x0000, 0x0000, 0x0000, 0x0000, 0x0000, 0x0000, 0x3122, 0x49E4, 0x28E2, 0x0000, 0x3102,
 0x49E4, 0x49E4, 0x49E4, 0x4A04, 0x4A04, 0x4A04, 0x49E4, 0x49E4, 0x49E4, 0x49E4, 0x3122, 0x0000, 0x0000, 0x0000, 0x0000, 0x0000,
 0x0000, 0x0000, 0x0800, 0x3963, 0x49E4, 0x1881, 0x0000, 0x0000, 0x0000, 0x0000, 0x0000, 0x0000, 0x20E1, 0x49C4, 0x18A1, 0x0000,
 0x0000, 0x0000, 0x0000, 0x0000, 0x0000, 0x20A1, 0x49E4, 0x3123, 0x1061, 0x49E4, 0x3983, 0x0020, 0x0820, 0x49C4, 0x49C4, 0x1060,
 0x0000, 0x0000, 0x0000, 0x0000, 0x0000, 0x0000, 0x0000, 0x0000, 0x0000, 0x18A1, 0x4A04, 0x20C2, 0x0020, 0x0000, 0x1040, 0x3142,
 0x41E4, 0x49E4, 0x49E4, 0x49E4, 0x49E4, 0x49E4, 0x49E4, 0x4A04, 0x4A04, 0x3963, 0x0000, 0x0000, 0x0000, 0x0000, 0x0000, 0x0000,
 0x0000, 0x0000, 0x0000, 0x0000, 0x0000, 0x0000, 0x0000, 0x0000, 0x0000, 0x0000, 0x0000, 0x0000, 0x0000, 0x0000, 0x0000, 0x0000,
 0x0000, 0x0000, 0x0000, 0x0000, 0x0000, 0x0000, 0x0000, 0x0000, 0x0000, 0x0000, 0x0000, 0x0000, 0x0000, 0x0000, 0x0000, 0x0000,
 0x0000, 0x0000, 0x0000, 0x0000, 0x0000, 0x0000, 0x0000, 0x0000, 0x0000, 0x0000, 0x0000, 0x0000, 0x0000, 0x0000, 0x0000, 0x0000,
 0x0000, 0x0000, 0x0000, 0x0000, 0x0000, 0x0000, 0x0000, 0x0000, 0x0000, 0x0000, 0x0000, 0x0000, 0x0000, 0x0000, 0x0000, 0x0000,
 0x0000, 0x0000, 0x0000, 0x0000, 0x0000, 0x0000, 0x0000, 0x0000, 0x0000, 0x0000, 0x0000, 0x0000, 0x0000, 0x0000, 0x0000, 0x0000,
 0x0000, 0x0000, 0x0000, 0x0000, 0x0000, 0x0000, 0x0000, 0x0000, 0x0000, 0x0000, 0x0000, 0x0000, 0x0000, 0x0000, 0x0000, 0x0000,
 0x0000, 0x0000, 0x0000, 0x0000, 0x0000, 0x0000, 0x0000, 0x0000, 0x0000, 0x0000, 0x0000, 0x0000, 0x0000, 0x0000, 0x0000, 0x0000,
 0x0000, 0x0000, 0x0000, 0x0000, 0x0000, 0x0000, 0x0000, 0x0000, 0x0000, 0x0000, 0x0000, 0x0000, 0x0000, 0x0000, 0x0000, 0x0000,
 0x0000, 0x0000, 0x0000, 0x0000, 0x0000, 0x0000, 0x0000, 0x0000, 0x0000, 0x0000, 0x0000, 0x0000, 0x0000, 0x0000, 0x0000, 0x0000,
 0x0000, 0x0000, 0x0000, 0x0000, 0x0000, 0x0000, 0x0000, 0x0000, 0x0000, 0x0000, 0x0000, 0x0000, 0x0000, 0x0000, 0x0000, 0x0000,
 0x0000, 0x0000, 0x0000, 0x0000, 0x0000, 0x0000, 0x0000, 0x0000, 0x0000, 0x0000, 0x0000, 0x0000, 0x0000, 0x0000, 0x0000, 0x0000,
 0x0000, 0x0000, 0x0000, 0x0000, 0x0000, 0x0000, 0x0000, 0x0000, 0x0000, 0x0000, 0x0000, 0x0000, 0x0000, 0x0000, 0x0000, 0x0000,
 0x0000, 0x0000, 0x0000, 0x0000, 0x0000, 0x0000, 0x0000, 0x0000, 0x0000, 0x0000, 0x0000, 0x0000, 0x0000, 0x0000, 0x0000, 0x0000,
 0x0000, 0x0000, 0x0000, 0x0000, 0x0000, 0x0000, 0x0000, 0x0000, 0x0000, 0x0000, 0x0000, 0x0000, 0x0000, 0x0000, 0x0000, 0x0000,
 0x0000, 0x0000, 0x0000, 0x0000, 0x0000, 0x0000, 0x0000, 0x0000, 0x0000, 0x0000, 0x0000, 0x0000, 0x0000, 0x0000, 0x0000, 0x0000,
 0x0000, 0x0000, 0x0000, 0x0000, 0x0000, 0x0000, 0x0000, 0x0000, 0x0000, 0x0000, 0x0000, 0x0000, 0x0000, 0x0000, 0x0000, 0x0000,
 0x0000, 0x0000, 0x0000, 0x0000, 0x0000, 0x0000, 0x0000, 0x0000, 0x0000, 0x0000, 0x0000, 0x0000, 0x0000, 0x0000, 0x0000, 0x0000,
 0x0000, 0x0000, 0x0000, 0x0000, 0x0000, 0x0000, 0x0000, 0x0000, 0x0000, 0x0000, 0x0000, 0x0000, 0x0000, 0x0000, 0x0000, 0x0000,
 0x0000, 0x0000, 0x0000, 0x0000, 0x0000, 0x0000, 0x0000, 0x0000, 0x0000, 0x0000, 0x0000, 0x0000, 0x0000, 0x0000, 0x0000, 0x0000,
 0x0000, 0x0000, 0x0000, 0x0000, 0x0000, 0x0000, 0x0000, 0x0000, 0x0000, 0x0000, 0x0000, 0x0000, 0x0000, 0x0000, 0x0000, 0x0000,
 0x0000, 0x0000, 0x0000, 0x0000, 0x0000, 0x0000, 0x0000, 0x0000, 0x0000, 0x0000, 0x0000, 0x0000, 0x0000, 0x0000, 0x0000, 0x0000,
 0x0000, 0x0000, 0x0000, 0x0000, 0x0000, 0x0000, 0x0000, 0x0000, 0x0000, 0x0000, 0x0000, 0x0000, 0x0000, 0x0000, 0x0000, 0x0000,
 0x0000, 0x0000, 0x0000, 0x0000, 0x0000, 0x0000, 0x0000, 0x0000, 0x0000, 0x0000, 0x0000, 0x0000, 0x0000, 0x0000, 0x0000, 0x0000,
 0x0000, 0x0000, 0x0000, 0x0000, 0x0000, 0x0000, 0x0000, 0x0000, 0x0000, 0x0000, 0x0000, 0x0000, 0x0000, 0x0000, 0x0000, 0x0000,
 0x0000, 0x0000, 0x0000, 0x0000, 0x0000, 0x0000, 0x0000, 0x0000, 0x0000, 0x0000, 0x0000, 0x0000, 0x0000, 0x0000, 0x0000, 0x0000,
 0x0000, 0x0000, 0x0000, 0x0000, 0x0000, 0x0000, 0x0000, 0x0000, 0x0000, 0x0000, 0x0000, 0x0000, 0x0000, 0x0000, 0x0000, 0x0000,
 0x0000, 0x0000, 0x0000, 0x0000, 0x0000, 0x0000, 0x0000, 0x0000, 0x0000, 0x0000, 0x0000, 0x0000, 0x0000, 0x0000, 0x0000, 0x0000,
 0x0000, 0x0000, 0x0000, 0x0000, 0x0000, 0x0000, 0x0000, 0x0000, 0x0000, 0x0000, 0x0000, 0x0000, 0x0000, 0x0000, 0x0000, 0x0000,
 0x0000, 0x0000, 0x0000, 0x0000, 0x0000, 0x0000, 0x0000, 0x0000, 0x0000, 0x0000, 0x0000, 0x0000, 0x0000, 0x0000, 0x0000, 0x0000,
 0x0000, 0x0000, 0x0000, 0x0000, 0x0000, 0x0000, 0x0000, 0x0000, 0x0000, 0x0000, 0x0000, 0x0000, 0x0000, 0x0000, 0x0000, 0x0000,
 0x0000, 0x0000, 0x0000, 0x0000, 0x0000, 0x0000, 0x0000, 0x0000, 0x0000, 0x0000, 0x0000, 0x0000, 0x0000, 0x0000, 0x0000, 0x0000,
 0x0000, 0x0000, 0x0000, 0x0000, 0x0000, 0x0000, 0x0000, 0x0000, 0x0000, 0x0000, 0x0000, 0x0000, 0x0000, 0x0000, 0x0000, 0x0000,

};

const unsigned short tie[] = {
 0x8B86, 0x8B86, 0x8BA6, 0x8BA6, 0x93A6, 0x93A6, 0x93A6, 0x93C6, 0x93C6, 0x93C6, 0x9BC6, 0x9BC6, 0x9BC6, 0x9BC6, 0x9BC6, 0x9BE6,
 0x9BE6, 0xA3E7, 0xAC27, 0xAC07, 0xAC07, 0xAC07, 0xAC07, 0xB407, 0xB407, 0xB407, 0xB407, 0xB407, 0xB407, 0xB407, 0xB407, 0xB407,
 0xB407, 0xB407, 0xB407, 0xBC07, 0xBC07, 0xBC07, 0xBC07, 0xBC07, 0xBC07, 0xBC07, 0xBC07, 0xBC07, 0xBC07, 0xBC07, 0xBC07, 0xBC07,
 0xBC28, 0xBC27, 0xBC27, 0xBC27, 0xBC27, 0xBC27, 0xBC27, 0xBC27, 0xBC27, 0xBC27, 0xBC28, 0xBC28, 0xC448, 0xC469, 0xC448, 0xBC08,
 0xBC08, 0xBC27, 0xBC27, 0xBC27, 0xBC27, 0xBC07, 0xBC27, 0xBC07, 0xBC07, 0xBC07, 0xBC07, 0xBC07, 0xBBE7, 0xBC07, 0xBBE7, 0xBBE7,
 0xBBE7, 0xBBE7, 0xBBE7, 0xBC07, 0xBC07, 0xBBE7, 0xB3E7, 0xB3E7, 0xB407, 0xB407, 0xB407, 0xB407, 0xB3E7, 0xB3E7, 0xB407, 0xB407,
 0xB407, 0xB407, 0xB407, 0xB407, 0xB407, 0xAC07, 0xAC07, 0xB407, 0xAC07, 0xA3E7, 0xA3E7, 0x9BE6, 0x9BC6, 0x9BC6, 0x9BC6, 0x9BC6,
 0x9BC6, 0x9BC6, 0x93C6, 0x93C6, 0x93C6, 0x93A6, 0x93A6, 0x93A6, 0x93A6, 0x93A6, 0x8BA6, 0x8BA6, 0x8B86, 0x8B86, 0x8366, 0x8366,
 0x7325, 0x7325, 0x7325, 0x7B25, 0x7B25, 0x7B25, 0x7B25, 0x7B45, 0x7B45, 0x8345, 0x8345, 0x8345, 0x8345, 0x8345, 0x8365, 0x8365,
 0x8365, 0x8365, 0x8B86, 0x8B86, 0x8B86, 0x8B86, 0x8B86, 0x8B86, 0x9386, 0x9386, 0x9386, 0x93A6, 0x93A6, 0x93A6, 0x93A6, 0x9BA6,
 0x9BA6, 0x9BA6, 0x9BA6, 0x9BA6, 0x9BA6, 0x9BA6, 0x9BA6, 0x9BA6, 0x9BA6, 0x9BA6, 0x9BA6, 0x9BA6, 0x9BA6, 0x9BA6, 0xA3A6, 0xA3A6,
 0xABC6, 0xA3C6, 0xA3C6, 0xA3C6, 0xA3C6, 0xA3C6, 0xA3C6, 0xA3C6, 0xA3E6, 0xA3C6, 0xA3E7, 0xABE7, 0xB428, 0xBC48, 0xB428, 0xABC7,
 0xA3C7, 0xA3C7, 0xA3C6, 0xA3E6, 0xA3C6, 0xA3C6, 0xA3C6, 0xA3C6, 0xA3C6, 0xA3C6, 0xA3C6, 0xA3C6, 0xA3A6, 0xA3A6, 0x9BA6, 0x9BA6,
 0x9BA6, 0x9B86, 0x9BA6, 0xA3A6, 0x9BA6, 0x9BA6, 0x9B86, 0x9BA6, 0x9BA6, 0x9BA6, 0x9BA6, 0x9BA6, 0x9386, 0x9386, 0x9386, 0x9386,
 0x9386, 0x9386, 0x9386, 0x9386, 0x9386, 0x8B86, 0x8B86, 0x8B66, 0x8365, 0x8B65, 0x8B66, 0x8B65, 0x8365, 0x8345, 0x8345, 0x8345,
 0x8345, 0x8345, 0x8345, 0x7B45, 0x7B45, 0x7B45, 0x7B45, 0x7B25, 0x7B25, 0x7B25, 0x7B25, 0x7325, 0x7305, 0x7305, 0x72E5, 0x72E5,
 0x6B05, 0x7305, 0x7325, 0x7325, 0x7325, 0x7325, 0x7B45, 0x7B45, 0x7B45, 0x7B65, 0x7B45, 0x7B45, 0x7B65, 0x7B65, 0x8385, 0x8365,
 0x8386, 0x8B86, 0x8B86, 0x8BA6, 0x8BA6, 0x8BA6, 0x8BA6, 0x8BC6, 0x93C6, 0x93C6, 0x93C6, 0x93E6, 0x93E6, 0x9BE6, 0x9BE6, 0x9BE7,
 0x9BE7, 0x9C07, 0x9C07, 0xA407, 0xA427, 0xA407, 0xA407, 0xA407, 0xA427, 0xA427, 0xA447, 0xA448, 0xAC28, 0xAC28, 0xAC28, 0xAC28,
 0xB428, 0xAC48, 0xB468, 0xB468, 0xAC68, 0xB468, 0xAC68, 0xB468, 0xB468, 0xB468, 0xB468, 0xB468, 0xBC89, 0xBCAA, 0xBC89, 0xB468,
 0xB468, 0xB468, 0xAC68, 0xAC68, 0xAC68, 0xAC68, 0xB468, 0xAC48, 0xAC48, 0xAC48, 0xAC48, 0xAC48, 0xAC48, 0xAC27, 0xA427, 0xA427,
 0xA427, 0xA427, 0xA407, 0xA407, 0xA427, 0xA427, 0xA407, 0x9C07, 0x9C07, 0x9BE7, 0x9BE7, 0x9BE7, 0x9BE7, 0x93E6, 0x93C6, 0x93C6,
 0x93C6, 0x93C6, 0x93C6, 0x93A6, 0x93A6, 0x8BA6, 0x8BA6, 0x8B86, 0x8B86, 0x8B86, 0x8386, 0x8386, 0x8365, 0x8365, 0x8365, 0x8365,
 0x8365, 0x7B45, 0x7B45, 0x7B45, 0x7B45, 0x7B45, 0x7325, 0x7325, 0x7325, 0x7305, 0x7304, 0x6AE4, 0x6AE4, 0x6AE4, 0x6AE4, 0x6AE4,
 0x6B04, 0x7305, 0x7325, 0x7325, 0x7345, 0x7345, 0x7B45, 0x7B45, 0x7B45, 0x7B65, 0x8365, 0x8365, 0x8385, 0x8385, 0x8385, 0x8385,
 0x8386, 0x8B86, 0x8B86, 0x8BA6, 0x93A6, 0x93A6, 0x93A6, 0x93C6, 0x93C6, 0x93C6, 0x9BE6, 0x9BE6, 0x9BE7, 0x9C07, 0x9C07, 0x9C07,
 0x9C07, 0x9C07, 0xA427, 0xA427, 0xA427, 0xA427, 0xA427, 0xA427, 0xA427, 0xA427, 0xA447, 0xAC68, 0xAC68, 0xB468, 0xB468, 0xAC48,
 0xB448, 0xAC68, 0xB488, 0xB488, 0xB488, 0xB488, 0xAC88, 0xB488, 0xB489, 0xB469, 0xB489, 0xB468, 0xB489, 0xBC89, 0xB469, 0xB488,
 0xB488, 0xB488, 0xAC88, 0xAC88, 0xAC88, 0xAC88, 0xAC88, 0xAC68, 0xAC68, 0xAC68, 0xAC68, 0xB468, 0xAC68, 0xAC68, 0xAC48, 0xAC48,
 0xAC48, 0xA448, 0xA428, 0xA427, 0xA427, 0xA407, 0xA407, 0xA427, 0xA427, 0x9C07, 0x9C07, 0x9C07, 0x9C07, 0x9BE7, 0x9BE7, 0x9BE6,
 0x93E6, 0x93E6, 0x93C6, 0x93C6, 0x93C6, 0x93C6, 0x93C6, 0x8BA6, 0x8BA6, 0x8B86, 0x8B86, 0x8386, 0x8386, 0x8385, 0x8365, 0x8365,
 0x8365, 0x8365, 0x7B65, 0x7B45, 0x7B45, 0x7B45, 0x7B25, 0x7325, 0x7325, 0x7305, 0x7305, 0x7305, 0x7304, 0x6B04, 0x6AE4, 0x6AE4,
 0x7305, 0x7325, 0x7325, 0x7325, 0x7B45, 0x7B45, 0x7B45, 0x7B45, 0x7B45, 0x8365, 0x8365, 0x8365, 0x8385, 0x8385, 0x8385, 0x8B85,
 0x8B85, 0x8B86, 0x8B86, 0x8B86, 0x8BA6, 0x8BA6, 0x8BA6, 0x93A6, 0x93A6, 0x93C6, 0x93C6, 0x93E6, 0x93E6, 0x9BE6, 0x9BE6, 0x9C07,
 0x9C07, 0x9C07, 0x9C07, 0x9C07, 0xA407, 0xA407, 0xA427, 0xA448, 0xB4EB, 0xB50C, 0xAC89, 0xA448, 0xAC48, 0xAC48, 0xAC48, 0xAC48,
 0xB468, 0xBD0B, 0xC52C, 0xB4AA, 0xAC68, 0xAC68, 0xB4EB, 0xC52D, 0xC52D, 0xC52D, 0xC52D, 0xC50D, 0xC52D, 0xC52D, 0xBD0C, 0xBD0C,
 0xC54C, 0xBD0B, 0xAC68, 0xAC68, 0xBD0B, 0xBD2C, 0xBD4C, 0xBD0C, 0xBD0C, 0xBD0C, 0xBD0C, 0xBD0C, 0xBD2C, 0xBD2C, 0xB4CB, 0xAC69,
 0xA408, 0x9C27, 0xA427, 0xA427, 0xB4AA, 0xBCEC, 0xB4CB, 0xA427, 0xA407, 0xA407, 0x9BE7, 0x9BE7, 0x9BE6, 0x93E6, 0x93E6, 0x93C6,
 0x93C6, 0x93C6, 0x93C6, 0x93C6, 0x93C6, 0x93A6, 0x8BA6, 0x8BA6, 0x8BA6, 0x8B86, 0x8B86, 0x8386, 0x8365, 0x8365, 0x8365, 0x8365,
 0x8365, 0x8365, 0x8345, 0x7B45, 0x7B45, 0x7B45, 0x7B25, 0x7B25, 0x7325, 0x7325, 0x7305, 0x7305, 0x7305, 0x7305, 0x72E4, 0x6AE4,
 0x7305, 0x7305, 0x7325, 0x7325, 0x7325, 0x7B25, 0x7B25, 0x7B45, 0x7B45, 0x7B45, 0x8345, 0x8365, 0x8365, 0x8365, 0x8365, 0x8365,
 0x8365, 0x8385, 0x8B85, 0x8B86, 0x8B86, 0x8B86, 0x8BA6, 0x8BA6, 0x8BA6, 0x93A6, 0x93C6, 0x93C6, 0x93C6, 0x93E6, 0x93E6, 0x9BE6,
 0x9BE6, 0x9BE6, 0x9BE6, 0x9BE6, 0x9C07, 0x9C07, 0x9C07, 0xACAA, 0xEEF6, 0xF737, 0xC54D, 0xA427, 0xA427, 0xA427, 0xAC27, 0xA427,
 0xB4A9, 0xE6B4, 0xF758, 0xC58F, 0xA447, 0xA448, 0xCE11, 0xF758, 0xF759, 0xF739, 0xF759, 0xF738, 0xF738, 0xF738, 0xF758, 0xF758,
 0xF778, 0xDEB4, 0xA469, 0xAC89, 0xE6B3, 0xF758, 0xF778, 0xF758, 0xF758, 0xF758, 0xF758, 0xF758, 0xF758, 0xF758, 0xF737, 0xE6B5,
 0xCDB0, 0xAC69, 0xA407, 0x9C07, 0xD5F0, 0xF758, 0xEED4, 0xAC48, 0xA3E7, 0x9BE6, 0x9BE6, 0x9BE6, 0x93E6, 0x93C6, 0x93C6, 0x93C6,
 0x93C6, 0x93C6, 0x93A6, 0x93A6, 0x8BA6, 0x8BA6, 0x8BA6, 0x8B86, 0x8B86, 0x8B86, 0x8386, 0x8385, 0x8365, 0x8365, 0x8365, 0x8365,
 0x8365, 0x8345, 0x7B45, 0x7B45, 0x7B25, 0x7B25, 0x7B25, 0x7325, 0x7325, 0x7305, 0x7305, 0x7305, 0x7305, 0x7305, 0x72E5, 0x6AE5,
 0x72E4, 0x72E4, 0x7305, 0x7305, 0x7305, 0x7305, 0x7B25, 0x7B25, 0x7B25, 0x7B45, 0x7B45, 0x8345, 0x8345, 0x8365, 0x8365, 0x8365,
 0x8365, 0x8365, 0x8385, 0x8385, 0x8B86, 0x8BA6, 0x8BA6, 0x8BA6, 0x8BA6, 0x8BA6, 0x8BA6, 0x8BC6, 0x93C6, 0x93C6, 0x93C6, 0x93C6,
 0x93C6, 0x9BE6, 0x9BE6, 0x9BE6, 0x9BE6, 0x9BE6, 0x9BE6, 0xACAB, 0xF737, 0xFF99, 0xC52D, 0x9C07, 0x9C07, 0xA407, 0xA407, 0xA407,
 0xAC89, 0xEEF6, 0xFFBB, 0xC5B0, 0xA427, 0xA448, 0xD633, 0xFFBB, 0xF759, 0xE695, 0xE694, 0xE694, 0xE694, 0xE6B4, 0xE6B4, 0xE6B4,
 0xE6B3, 0xD610, 0xAC48, 0xAC69, 0xE6D4, 0xFF9B, 0xEF39, 0xE6B5, 0xE6B5, 0xE6B5, 0xE6B5, 0xE6B5, 0xE6B5, 0xE6D6, 0xF759, 0xFFBA,
 0xF758, 0xC58E, 0x9BE7, 0x9C07, 0xD611, 0xFFBA, 0xEEF6, 0xA448, 0x9BC6, 0x9BC6, 0x93C6, 0x93C6, 0x93C6, 0x93C6, 0x93C6, 0x93A6,
 0x93A6, 0x93A6, 0x93A6, 0x93A6, 0x8BA6, 0x8BA6, 0x8B86, 0x8B86, 0x8386, 0x8386, 0x8386, 0x8385, 0x8365, 0x8365, 0x8365, 0x8345,
 0x8345, 0x7B45, 0x7B45, 0x7B25, 0x7B25, 0x7B25, 0x7325, 0x7325, 0x7325, 0x7305, 0x7305, 0x7305, 0x72E5, 0x72E5, 0x72E5, 0x6AE5,
 0x6AE4, 0x6AE4, 0x7305, 0x7305, 0x7305, 0x7305, 0x7325, 0x7B25, 0x7B25, 0x7B25, 0x7B25, 0x7B45, 0x8345, 0x8345, 0x8365, 0x8365,
 0x8365, 0x8365, 0x8385, 0x8385, 0x8B86, 0x8B86, 0x8BA6, 0x8BA6, 0x8BA6, 0x8BA6, 0x8BA6, 0x8BC6, 0x8BC6, 0x93C6, 0x93C6, 0x93C6,
 0x93C6, 0x93C6, 0x93C6, 0x93C6, 0x93C6, 0x9BC6, 0x93C6, 0xAC8A, 0xF737, 0xFF9A, 0xBD2D, 0x93E7, 0x9BE6, 0x9BE6, 0x9BE6, 0x9BC6,
 0xA489, 0xEEF6, 0xFFBB, 0xC58F, 0x9C07, 0x9C28, 0xD612, 0xFFBB, 0xEEB5, 0xAC49, 0x9BE8, 0x9C08, 0x9C08, 0xA408, 0xA428, 0xA448,
 0xA448, 0xA407, 0xA407, 0xA448, 0xE6B4, 0xFFBB, 0xD653, 0x9C29, 0x9C28, 0x9C28, 0x9C28, 0x9C28, 0x9C28, 0x9C49, 0xB50C, 0xF736,
 0xFF9A, 0xDEB4, 0x9C28, 0x93E6, 0xACCA, 0xBD8E, 0xB52D, 0x93E7, 0x93A6, 0x93A6, 0x93A6, 0x93A6, 0x93A6, 0x93A6, 0x93A6, 0x93A6,
 0x93A6, 0x93A6, 0x8BA6, 0x8BA6, 0x8BA6, 0x8B86, 0x8B86, 0x8386, 0x8386, 0x8385, 0x8385, 0x8365, 0x8365, 0x8365, 0x8365, 0x8345,
 0x7B45, 0x7B45, 0x7B25, 0x7B25, 0x7B25, 0x7B25, 0x7325, 0x7325, 0x7305, 0x7305, 0x7305, 0x7305, 0x72E5, 0x72E5, 0x6AE5, 0x6AE5,
 0x6AC4, 0x6AE4, 0x6AE4, 0x7304, 0x7304, 0x7305, 0x7305, 0x7305, 0x7B25, 0x7B25, 0x7B25, 0x7B25, 0x7B45, 0x8345, 0x8345, 0x8345,
 0x8345, 0x8365, 0x8365, 0x8365, 0x8385, 0x8385, 0x8385, 0x8B86, 0x8B86, 0x8B86, 0x8B86, 0x8BA6, 0x8BA6, 0x8BA6, 0x8BA6, 0x8BA6,
 0x8BA6, 0x93A6, 0x93C6, 0x93C6, 0x93C6, 0x93C6, 0x93C6, 0xAC8A, 0xF737, 0xFF9A, 0xBD2D, 0x93C6, 0x9BE6, 0x93E6, 0x93C6, 0x93C6,
 0xA489, 0xEF16, 0xFFBB, 0xC58F, 0x9C07, 0x9C27, 0xD612, 0xFFBB, 0xEE94, 0xA408, 0x9BE7, 0x9BE7, 0x9BE7, 0x9BE7, 0x9BE7, 0x9C07,
 0x9C07, 0xA3E6, 0x9BE6, 0x9C28, 0xE6B4, 0xFFBB, 0xD652, 0x93E7, 0x9BE6, 0x9BE6, 0x9BE6, 0x9BE6, 0x93C6, 0x93C6, 0x8BC6, 0xD632,
 0xFF9A, 0xE6F6, 0x9C48, 0x93E6, 0x9C28, 0xA4CB, 0x9C8A, 0x93C6, 0x93A6, 0x93A6, 0x93A6, 0x93A6, 0x93A6, 0x93A6, 0x93A6, 0x8BA6,
 0x8BA6, 0x8BA6, 0x8B86, 0x8386, 0x8385, 0x8385, 0x8385, 0x8385, 0x8385, 0x8365, 0x8365, 0x8365, 0x8365, 0x8365, 0x8345, 0x7B45,
 0x7B45, 0x7B25, 0x7B25, 0x7B25, 0x7B25, 0x7B25, 0x7305, 0x7305, 0x7305, 0x7305, 0x7305, 0x72E5, 0x72E5, 0x72E5, 0x6AE5, 0x6AE5,
 0x6AC4, 0x6AC4, 0x6AE4, 0x72E4, 0x7304, 0x7304, 0x7305, 0x7305, 0x7305, 0x7305, 0x7B05, 0x7B25, 0x7B25, 0x7B45, 0x7B45, 0x8345,
 0x8345, 0x8345, 0x8365, 0x8365, 0x8365, 0x8365, 0x8365, 0x8385, 0x8385, 0x8B86, 0x8B86, 0x8B86, 0x8B86, 0x8BA6, 0x8BA6, 0x8BA6,
 0x8BA6, 0x8BA6, 0x8BA6, 0x8BA6, 0x93A6, 0x93A6, 0x93A6, 0xA48A, 0xF737, 0xFF9A, 0xBD2D, 0x93C6, 0x93E6, 0x93C6, 0x93C6, 0x93C6,
 0xA489, 0xEF16, 0xFFBB, 0xC58F, 0x9BE7, 0x9C07, 0xCE12, 0xFFBB, 0xF6F7, 0xCD8F, 0xC56E, 0xC58E, 0xC56E, 0xC56E, 0xC56E, 0xC58E,
 0xC56E, 0xAC48, 0x9BC6, 0x9C28, 0xE694, 0xFFBB, 0xD652, 0x93E7, 0x9BE6, 0x9BE6, 0x9BE6, 0x9BC6, 0x93C6, 0x93C6, 0x8BA6, 0xC5AF,
 0xFF9A, 0xEF17, 0x9C69, 0x8BA6, 0xBD2D, 0xF758, 0xDE73, 0x93C7, 0x8B86, 0x8BA6, 0x93A6, 0x8B86, 0x8B86, 0x8B86, 0x8B86, 0x8B85,
 0x8385, 0x8385, 0x8385, 0x8365, 0x8365, 0x8365, 0x8365, 0x8365, 0x8365, 0x8365, 0x8345, 0x7B45, 0x7B45, 0x7B45, 0x7B45, 0x7B45,
 0x7B25, 0x7B25, 0x7B25, 0x7325, 0x7325, 0x7305, 0x7305, 0x7305, 0x7305, 0x7305, 0x72E5, 0x72E5, 0x6AE5, 0x6AE5, 0x6AE5, 0x6AE5,
 0x6AC4, 0x6AC4, 0x6AE4, 0x6AE4, 0x72E4, 0x72E4, 0x7305, 0x7305, 0x7305, 0x7305, 0x7305, 0x7B25, 0x7B25, 0x7B25, 0x7B45, 0x8345,
 0x8345, 0x8345, 0x8345, 0x8345, 0x8365, 0x8365, 0x8365, 0x8365, 0x8365, 0x8385, 0x8385, 0x8385, 0x8385, 0x8385, 0x8B86, 0x8B86,
 0x8385, 0x8B85, 0x8B86, 0x8BA6, 0x8BA6, 0x8BA6, 0x8BA6, 0xA48A, 0xEF37, 0xF79A, 0xBD2D, 0x8BA6, 0x93C6, 0x93C6, 0x93C6, 0x93C6,
 0xA469, 0xEF16, 0xFFBB, 0xC58F, 0x9BE6, 0x9C07, 0xCE12, 0xFFBB, 0xFF9B, 0xF779, 0xF779, 0xF799, 0xF799, 0xF799, 0xF799, 0xF779,
 0xF778, 0xB4EB, 0x93C6, 0x9C28, 0xE694, 0xFFBA, 0xD632, 0x93E7, 0x93C6, 0x93C6, 0x93C6, 0x93C6, 0x93A6, 0x8BA6, 0x8386, 0xC5AF,
 0xFF7A, 0xEEF7, 0x9C69, 0x8BA6, 0xBD4E, 0xFF9A, 0xDEB4, 0x8BA7, 0x8385, 0x8BA6, 0x8BA6, 0x8B86, 0x8B86, 0x8B85, 0x8B85, 0x8B65,
 0x8365, 0x8365, 0x8365, 0x8365, 0x8365, 0x8365, 0x8365, 0x8365, 0x8345, 0x7B45, 0x7B45, 0x7B45, 0x7B45, 0x7B45, 0x7B25, 0x7B25,
 0x7B25, 0x7B25, 0x7B25, 0x7305, 0x7305, 0x7305, 0x7305, 0x7305, 0x7305, 0x7305, 0x72E5, 0x6AE5, 0x6AE5, 0x6AE5, 0x6AE5, 0x6AE5,
 0x6AC4, 0x6AC4, 0x6AC4, 0x6AE4, 0x6AE4, 0x6AE4, 0x6AE5, 0x72E5, 0x7305, 0x7305, 0x7305, 0x7305, 0x7B25, 0x7B25, 0x7B25, 0x7B25,
 0x7B25, 0x7B45, 0x7B45, 0x7B45, 0x7B45, 0x8365, 0x8365, 0x8365, 0x8365, 0x8365, 0x8365, 0x8365, 0x8365, 0x8365, 0x8385, 0x8385,
 0x8385, 0x8385, 0x8386, 0x8B86, 0x8B86, 0x8B86, 0x8386, 0x9C6A, 0xEF17, 0xF77A, 0xB50C, 0x8B86, 0x93A6, 0x93A6, 0x93A6, 0x93A6,
 0x9C69, 0xEEF6, 0xFF9A, 0xC56F, 0x93C6, 0x93E7, 0xCE12, 0xFFBB, 0xEED6, 0xB4EC, 0xACCB, 0xACEB, 0xACCB, 0xB4CB, 0xB4CB, 0xACCB,
 0xACCB, 0x9407, 0x93E6, 0x9C28, 0xE694, 0xFFBA, 0xD632, 0x93E7, 0x93C6, 0x93C6, 0x93C6, 0x93C6, 0x93A6, 0x8BA6, 0x8386, 0xCDF0,
 0xFF9A, 0xEED7, 0x9C29, 0x8BC6, 0xBD6E, 0xFFBA, 0xDED5, 0x8BC7, 0x8385, 0x8386, 0x8B86, 0x8386, 0x8386, 0x8365, 0x8365, 0x8365,
 0x8365, 0x8365, 0x8365, 0x8365, 0x8365, 0x8365, 0x8345, 0x8345, 0x8345, 0x7B45, 0x7B45, 0x7B45, 0x7B25, 0x7B25, 0x7B25, 0x7B25,
 0x7B25, 0x7305, 0x7305, 0x7305, 0x7305, 0x7305, 0x7305, 0x7305, 0x72E5, 0x72E5, 0x72E5, 0x6AE5, 0x6AE5, 0x6AE5, 0x6AE5, 0x6AC5,
 0x62A4, 0x6AC4, 0x6AC4, 0x6AC4, 0x6AE4, 0x6AE4, 0x6AE4, 0x6AE4, 0x72E5, 0x7305, 0x7305, 0x7305, 0x7305, 0x7B25, 0x7B25, 0x7B25,
 0x7B25, 0x7B25, 0x7B45, 0x7B45, 0x7B45, 0x7B45, 0x7B45, 0x7B45, 0x8345, 0x8365, 0x8365, 0x8365, 0x8365, 0x8365, 0x8365, 0x8365,
 0x8B65, 0x8B85, 0x8365, 0x8365, 0x8385, 0x8B65, 0x8345, 0x9C4A, 0xEF17, 0xFF79, 0xB50C, 0x8365, 0x8386, 0x83A6, 0x8BA6, 0x8B86,
 0x9C49, 0xEED6, 0xFF9A, 0xBD6F, 0x93A6, 0x93C7, 0xCDF2, 0xFFBB, 0xE674, 0x9BE7, 0x8B86, 0x93A6, 0x93A6, 0x93A6, 0x93A6, 0x93A6,
 0x8BA6, 0x8BA6, 0x93A6, 0x9C08, 0xE694, 0xFF9B, 0xD612, 0x8BA7, 0x8BA6, 0x8BA6, 0x8BA6, 0x8BA6, 0x8BA6, 0x83A6, 0x83C7, 0xDE94,
 0xFF9A, 0xDEB5, 0x93E8, 0x8B86, 0xBD6F, 0xFFBA, 0xE6F5, 0x8BE7, 0x8385, 0x8385, 0x8365, 0x8365, 0x8365, 0x8365, 0x8365, 0x8365,
 0x8365, 0x8365, 0x8365, 0x8365, 0x8365, 0x8345, 0x8345, 0x7B45, 0x7B45, 0x7B45, 0x7B45, 0x7B25, 0x7B25, 0x7B25, 0x7B25, 0x7B25,
 0x7B25, 0x7305, 0x7305, 0x7305, 0x7305, 0x7305, 0x7305, 0x7305, 0x72E5, 0x72E5, 0x72E5, 0x6AE5, 0x6AE5, 0x6AC5, 0x6AC5, 0x6AC5,
 0x62A4, 0x6AC4, 0x6AC4, 0x6AC4, 0x6AC4, 0x6AC4, 0x72E4, 0x72E4, 0x72E5, 0x7305, 0x7305, 0x7305, 0x7305, 0x7B25, 0x7B25, 0x7B25,
 0x7B25, 0x7B25, 0x7B25, 0x7B25, 0x7B45, 0x8345, 0x8345, 0x8345, 0x8345, 0x8345, 0x8345, 0x8365, 0x8365, 0x8365, 0x8365, 0x8B65,
 0x8B65, 0x8365, 0x8BA7, 0xA48B, 0xACCC, 0xACCC, 0xACAD, 0xBD50, 0xF739, 0xFF7A, 0xCDD2, 0xA4AD, 0xA4CC, 0xA4EC, 0xACEC, 0x9C08,
 0x9C49, 0xE6F7, 0xFF9B, 0xBD6F, 0x93A6, 0x93C7, 0xCE12, 0xFFBB, 0xE6D5, 0xACCC, 0xA48B, 0xAC8B, 0xAC8B, 0xAC8B, 0xAC8B, 0xAC8B,
 0xAC8B, 0xA469, 0x8BA6, 0x93E7, 0xDE94, 0xF79B, 0xDE75, 0xB4EE, 0xB4ED, 0xB4ED, 0xB4ED, 0xB4ED, 0xAD0D, 0xAD2E, 0xCE12, 0xF779,
 0xFF9A, 0xCDF1, 0x8BA6, 0x8B86, 0xC56F, 0xFF9A, 0xE6D6, 0x8BC7, 0x8386, 0x8B65, 0x8B65, 0x8365, 0x8365, 0x8365, 0x8365, 0x8365,
 0x8365, 0x8365, 0x8345, 0x8345, 0x8345, 0x8345, 0x8345, 0x8345, 0x7B45, 0x7B25, 0x7B25, 0x7B25, 0x7B25, 0x7B25, 0x7B25, 0x7B25,
 0x7B25, 0x7305, 0x7305, 0x7305, 0x7305, 0x7305, 0x7305, 0x7305, 0x72E5, 0x72E5, 0x72E5, 0x6AE5, 0x6AE5, 0x6AC5, 0x6AC5, 0x6AC5,
 0x6AA4, 0x6AA4, 0x6AC4, 0x6AC4, 0x6AC4, 0x72C4, 0x72E4, 0x72E4, 0x72E4, 0x7305, 0x7305, 0x7305, 0x7B05, 0x7B05, 0x7B25, 0x7B25,
 0x7B25, 0x7B25, 0x7B25, 0x8325, 0x8345, 0x8345, 0x8345, 0x8345, 0x8345, 0x8345, 0x8345, 0x8345, 0x8365, 0x8B65, 0x8B65, 0x8B65,
 0x8B85, 0x8365, 0x9C4A, 0xE6F6, 0xF779, 0xF779, 0xF779, 0xF77A, 0xFF7B, 0xFF7B, 0xF77A, 0xF759, 0xF759, 0xF779, 0xF778, 0xBD2D,
 0x9C49, 0xE6F6, 0xFF9A, 0xC56F, 0x9386, 0x93C7, 0xCE11, 0xFFBA, 0xF779, 0xEF38, 0xEF38, 0xEF38, 0xEF38, 0xEF38, 0xEF38, 0xF718,
 0xF738, 0xD611, 0x8BC6, 0x93E7, 0xDE94, 0xF79B, 0xF77A, 0xF779, 0xF779, 0xF779, 0xF779, 0xF779, 0xF779, 0xF779, 0xFF7A, 0xFF79,
 0xE6D6, 0xAC8B, 0x8B86, 0x8B66, 0xC58F, 0xFFBA, 0xE6F6, 0x8BC7, 0x8365, 0x8B65, 0x8B65, 0x8B65, 0x8B65, 0x8B65, 0x8365, 0x8365,
 0x8B65, 0x8365, 0x8345, 0x8345, 0x8345, 0x8345, 0x8345, 0x8345, 0x8345, 0x8325, 0x7B25, 0x7B25, 0x7B25, 0x7B25, 0x7B25, 0x7B25,
 0x7B05, 0x7B05, 0x7B05, 0x7305, 0x7305, 0x7305, 0x72E5, 0x72E5, 0x72E5, 0x72E5, 0x72E5, 0x6AE5, 0x6AE5, 0x6AC5, 0x6AC5, 0x6AC5,
 0x6AA4, 0x6AA4, 0x6AC4, 0x6AC4, 0x6AC4, 0x72C4, 0x72E4, 0x72E4, 0x72E4, 0x72E4, 0x72E4, 0x7B05, 0x7B05, 0x7B05, 0x7B05, 0x7B25,
 0x7B25, 0x7B25, 0x7B25, 0x7B25, 0x8325, 0x8325, 0x8325, 0x8325, 0x8325, 0x8325, 0x8345, 0x8345, 0x8345, 0x8345, 0x8B45, 0x8B45,
 0x8B65, 0x8365, 0x9409, 0xD612, 0xD654, 0xD654, 0xDE54, 0xDE54, 0xDE34, 0xDE34, 0xDE54, 0xDE54, 0xDE54, 0xDE54, 0xDE53, 0xAC8B,
 0x9BE8, 0xCDF0, 0xDE73, 0xB4EC, 0x9386, 0x93A6, 0xBD4E, 0xDE54, 0xDE54, 0xDE53, 0xDE73, 0xDE73, 0xDE73, 0xDE73, 0xDE54, 0xDE54,
 0xE654, 0xC5AF, 0x8BC6, 0x93E7, 0xCDAF, 0xDE73, 0xDE73, 0xDE54, 0xDE54, 0xDE54, 0xDE54, 0xDE54, 0xD653, 0xD633, 0xD612, 0xBD4E,
 0x9C29, 0x8B65, 0x8B65, 0x8B45, 0xB4EC, 0xDE73, 0xCDF1, 0x8BA6, 0x8B65, 0x8B65, 0x8B65, 0x8B45, 0x8B45, 0x8B45, 0x8B45, 0x8B45,
 0x8B45, 0x8B45, 0x8B45, 0x8345, 0x8345, 0x8345, 0x8325, 0x8325, 0x8325, 0x8325, 0x8325, 0x8325, 0x7B25, 0x7B25, 0x7B25, 0x7B25,
 0x7B05, 0x7B05, 0x7B05, 0x7B05, 0x7B05, 0x72E5, 0x72E5, 0x72E5, 0x72E5, 0x72E5, 0x72E5, 0x6AE5, 0x6AE5, 0x6AC5, 0x6AC5, 0x6AC5,
 0x6AA4, 0x6AA4, 0x6AC4, 0x72C4, 0x72C4, 0x72C4, 0x72E4, 0x72E4, 0x72E4, 0x72E4, 0x7AE4, 0x7AE5, 0x7B05, 0x7B05, 0x7B05, 0x8305,
 0x8325, 0x8305, 0x8325, 0x8325, 0x8325, 0x8325, 0x8325, 0x8325, 0x8325, 0x8B25, 0x8B25, 0x8B45, 0x8B45, 0x8B45, 0x8B45, 0x8B45,
 0x8B45, 0x8B65, 0x8B66, 0x8B86, 0x8B86, 0x8B66, 0x8B66, 0x8B66, 0x8B66, 0x8B66, 0x8B66, 0x8B66, 0x8B66, 0x8B66, 0x8B66, 0x9386,
 0x9366, 0x9386, 0x9386, 0x8B86, 0x9366, 0x9366, 0x8B86, 0x8B67, 0x9387, 0x93A7, 0x93A7, 0x93A7, 0x93A7, 0x93A7, 0x93A7, 0x93A7,
 0x8B86, 0x8B86, 0x8365, 0x8B65, 0x9366, 0x8B86, 0x93A7, 0x93A7, 0x8BA7, 0x8B87, 0x8B87, 0x8B86, 0x8B66, 0x8B66, 0x8B66, 0x8B46,
 0x8B65, 0x8B45, 0x8B45, 0x9345, 0x9366, 0x8B66, 0x8B86, 0x8B65, 0x8B45, 0x8365, 0x8365, 0x8B65, 0x8B45, 0x8B45, 0x8B45, 0x8B45,
 0x8B45, 0x8B45, 0x8B45, 0x8B45, 0x8345, 0x8345, 0x8325, 0x8325, 0x8325, 0x8325, 0x8325, 0x8325, 0x8325, 0x8325, 0x7B25, 0x7B25,
 0x7B05, 0x7B05, 0x7B05, 0x7B05, 0x7B05, 0x72E5, 0x72E5, 0x72E5, 0x72E5, 0x72E5, 0x72E5, 0x72E5, 0x6AE5, 0x6AC5, 0x6AC5, 0x6AC5,
 0x6284, 0x6284, 0x6284, 0x6A84, 0x6A84, 0x6AA4, 0x6AA4, 0x6AA4, 0x72C4, 0x72C4, 0x72C4, 0x72E4, 0x72E4, 0x7AE4, 0x7AE4, 0x7AE4,
 0x7AE4, 0x7AE4, 0x7AE4, 0x7AE5, 0x7B05, 0x7B05, 0x7B05, 0x7B05, 0x7B05, 0x8305, 0x8305, 0x8305, 0x8305, 0x8305, 0x8305, 0x8305,
 0x8325, 0x8325, 0x8325, 0x8325, 0x7B25, 0x8325, 0x8305, 0x8305, 0x7B05, 0x7B05, 0x8305, 0x8325, 0x8305, 0x8305, 0x8325, 0x8325,
 0x8325, 0x8B25, 0x8B25, 0x8325, 0x8B45, 0x8B45, 0x8345, 0x8325, 0x8B25, 0x8B45, 0x8B45, 0x8B45, 0x8B45, 0x8B45, 0x8B45, 0x8B45,
 0x8B45, 0x8345, 0x8345, 0x8B25, 0x8B45, 0x8B45, 0x8B45, 0x8B45, 0x8B45, 0x8345, 0x8345, 0x8345, 0x8325, 0x8325, 0x8325, 0x8345,
 0x8325, 0x8325, 0x8325, 0x8325, 0x8325, 0x8325, 0x8345, 0x8325, 0x7B25, 0x7B25, 0x7B25, 0x7B25, 0x8325, 0x7B25, 0x7B25, 0x7B25,
 0x7B25, 0x7B25, 0x7B25, 0x7B25, 0x7B05, 0x7B05, 0x7B05, 0x7B05, 0x7B05, 0x7B05, 0x7AE5, 0x7B05, 0x7B05, 0x7B05, 0x7AE5, 0x7AE5,
 0x72E4, 0x72E4, 0x72E4, 0x72C4, 0x72C4, 0x72C4, 0x72C4, 0x6AC4, 0x6AC4, 0x6AC4, 0x6AA4, 0x6AA4, 0x6AA4, 0x62A4, 0x62A4, 0x62A4,
 0x6284, 0x6284, 0x6284, 0x6284, 0x6284, 0x6284, 0x62A4, 0x6AA4, 0x6AA4, 0x6AC4, 0x6AC4, 0x6AC4, 0x6AC4, 0x72C4, 0x72C4, 0x72C4,
 0x72C4, 0x72E4, 0x72E4, 0x72E4, 0x72E4, 0x72E5, 0x7B05, 0x7B05, 0x7B05, 0x7B05, 0x7B05, 0x7B25, 0x7B25, 0x7B25, 0x7B25, 0x7B25,
 0x7B25, 0x7B25, 0x7B25, 0x7B25, 0x7B25, 0x7B25, 0x8325, 0x8325, 0x8325, 0x8325, 0x8325, 0x8325, 0x8325, 0x8325, 0x8325, 0x8325,
 0x8325, 0x8325, 0x8325, 0x8325, 0x8325, 0x8325, 0x8325, 0x8325, 0x8325, 0x8325, 0x8325, 0x8325, 0x8325, 0x8325, 0x8345, 0x8345,
 0x8345, 0x8345, 0x8345, 0x8345, 0x8345, 0x8345, 0x8345, 0x8325, 0x8325, 0x8325, 0x8325, 0x8325, 0x7B25, 0x7B45, 0x7B45, 0x7B45,
 0x7B45, 0x7B25, 0x7B25, 0x7B25, 0x7B25, 0x7B25, 0x7B25, 0x7B25, 0x7B25, 0x7B25, 0x7B25, 0x7B25, 0x7B25, 0x7B25, 0x7B25, 0x7B25,
 0x7B25, 0x7B25, 0x7325, 0x7325, 0x7B25, 0x7B25, 0x7B25, 0x7B05, 0x7B05, 0x7305, 0x7305, 0x7305, 0x7305, 0x7305, 0x7305, 0x72E5,
 0x72E5, 0x72E4, 0x72E4, 0x6AC4, 0x6AC4, 0x6AC4, 0x6AC4, 0x6AC4, 0x6AC4, 0x6AC4, 0x6AA4, 0x62A4, 0x62A4, 0x62A4, 0x62A4, 0x62A4,
 0x6284, 0x62A4, 0x62A4, 0x62A4, 0x6AA4, 0x6AA4, 0x6AC5, 0x6AC5, 0x6AC5, 0x6AC5, 0x6AC5, 0x6AC5, 0x6AE5, 0x72E5, 0x72E5, 0x72E5,
 0x7305, 0x7305, 0x7305, 0x7305, 0x7305, 0x7305, 0x7B25, 0x7B25, 0x7B25, 0x7B25, 0x7B25, 0x7B25, 0x7B26, 0x7B26, 0x7B46, 0x7B46,
 0x7B46, 0x7B46, 0x7B46, 0x8326, 0x8326, 0x8346, 0x8346, 0x8326, 0x8326, 0x8326, 0x8326, 0x8326, 0x8326, 0x8326, 0x8346, 0x8346,
 0x8346, 0x7B46, 0x7B46, 0x7B46, 0x7B46, 0x7B46, 0x7B46, 0x7B46, 0x7B46, 0x7B46, 0x7B46, 0x7B46, 0x7B46, 0x7B46, 0x8346, 0x8346,
 0x8346, 0x8346, 0x8346, 0x8346, 0x8346, 0x8346, 0x8346, 0x7B46, 0x7B46, 0x7B46, 0x7B46, 0x7B46, 0x7B46, 0x7B26, 0x7B26, 0x7B25,
 0x7B26, 0x7B25, 0x7B25, 0x7B25, 0x7B25, 0x7B25, 0x7B26, 0x7B26, 0x7B25, 0x7B25, 0x7B25, 0x7B25, 0x7B25, 0x7B26, 0x7B26, 0x7B26,
 0x7B25, 0x7B25, 0x7325, 0x7325, 0x7325, 0x7325, 0x7325, 0x7305, 0x7305, 0x7325, 0x7325, 0x7325, 0x7305, 0x7305, 0x7305, 0x7305,
 0x7305, 0x7305, 0x7305, 0x72E5, 0x72E5, 0x6AE5, 0x6AE5, 0x6AE5, 0x6AC5, 0x6AC5, 0x6AC5, 0x6AC5, 0x6AC5, 0x6AC5, 0x6AC5, 0x62C5,


};



uint8_t TExaS_LaunchPadLogicPB27PB26(void){
  return (0x80|((GPIOB->DOUT31_0>>26)&0x03));
}

typedef enum {English, Spanish, Portuguese, French} Language_t;
Language_t myLanguage=English;
typedef enum {HELLO, GOODBYE, LANGUAGE} phrase_t;
const char Hello_English[] ="Hello";
const char Hello_Spanish[] ="\xADHola!";
const char Hello_Portuguese[] = "Ol\xA0";
const char Hello_French[] ="All\x83";
const char Goodbye_English[]="Goodbye";
const char Goodbye_Spanish[]="Adi\xA2s";
const char Goodbye_Portuguese[] = "Tchau";
const char Goodbye_French[] = "Au revoir";
const char Language_English[]="English";
const char Language_Spanish[]="Espa\xA4ol";
const char Language_Portuguese[]="Portugu\x88s";
const char Language_French[]="Fran\x87" "ais";
const char *Phrases[3][4]={
  {Hello_English,Hello_Spanish,Hello_Portuguese,Hello_French},
  {Goodbye_English,Goodbye_Spanish,Goodbye_Portuguese,Goodbye_French},
  {Language_English,Language_Spanish,Language_Portuguese,Language_French}
};


const char englishTitle[] = "     Killer Queen";
const char spanishTitle[] = "    Reina Asesina";
const char englishInstruct[] = "  Collect 5 berries";
const char englishInstruct2[] = "  Jump on the opps  ";
const char spanishInstruct[] = "   Recoge 5 bayas  ";
const char spanishInstruct2[] = "Saltar sobre rivales";
const char blueScoreFinal[] = "Blue Score: ";
const char goldScoreFinal[] = "Gold Score: ";



//constants
#define SCREEN_BOTTOM 160
#define WIN_CONDITION 5
#define JUMP_DISTANCE 40
#define NUM_PLAYERS 4
#define PLAYER_WIDTH 16
#define PLAYER_HEIGHT 20
#define NUM_PLATFORMS 2
#define PLATFORM_WIDTH 60
#define PLATFORM_HEIGHT 5
#define NUM_BERRIES 2
#define BERRY_WIDTH 9
#define BERRY_HEIGHT 9
#define NUM_BOXES 2
#define BOX_WIDTH 9
#define BOX_HEIGHT 9

//game states
enum GameState { WAITING, PLAYING, GOLD_WIN, BLUE_WIN, TIE };
enum Team { GOLD_TEAM, BLUE_TEAM };

//platform struct
typedef struct Platform {
  int lowX;
  int highX;
  int lowY;
  int highY;
  const unsigned short* sprite;
} Platform;

//player struct
typedef struct Player {
  int x, y;
  int vx = 0;
  int vy = 0;
  enum Team playerTeam;
  int numBerries = 0;
  bool jumping = false;
  int jumpUpDistance = JUMP_DISTANCE;
  bool enable = true;
  const unsigned short* sprite;
  const unsigned short* sprite_berry;
} Player;

//berry struct
typedef struct Berry {
  int x, y;
  const unsigned short* sprite;
} Berry;

//berry deposition struct
typedef struct Box {
  int x, y;
  const unsigned short* sprite;
} Box;

//slidepot global variables
int Data;
int Position;

//sound global variables
int Index = 0;
int period = 4080;
// void Sound_Init(int period, int priority);
// void Sound_Start(const uint8_t* pt, int period);
// void Sound_Stop(void);

//game global variables
Platform platforms[NUM_PLATFORMS];
Player players[NUM_PLAYERS];
Berry berries[NUM_BERRIES];
Box boxes[NUM_BOXES];
enum GameState gameState = WAITING;
int start = 0;
int updateFlag = 0;
int goldScore = 0;
int blueScore = 0;
bool playing = true;

//SOUND

// ARM SysTick period interrupts
// Input: interrupts every 12.5ns*period
//        priority is 0 (highest) to 3 (lowest)
void Sound_Init(uint32_t period, uint32_t priority){
  // write this
  DAC5_Init();          // Port B is DAC
  Index = 0;
  SysTick->CTRL = 0;         // disable SysTick during setup
  SysTick->LOAD = 40000000/11000-1;  // reload value
  SysTick->VAL = 0;          // any write to current clears it
  SCB->SHP[1] = SCB->SHP[1]&(~0xC0000000)|0x40000000; // set priority = 1
  SysTick->CTRL = 0x0007;    // enable SysTick with core clock and interrupts
}


void Sound_Stop(void){
  // either set LOAD to 0 or clear bit 1 in CTRL
  SysTick->LOAD = 0;
}

const uint8_t* soundpt = 0;
void Sound_Start(const uint8_t* pt, uint32_t period){
    // set reload value
    // write any value to VAL, cause reload
    // write this
    soundpt = pt;
    Index = period-1;
    SysTick->LOAD = 7271;  // reload value
    SysTick->VAL = 0;          // any write to current clears it
    SysTick->CTRL = 0x07;
}

void SysTick_Handler(void){  //ISR for SOUNDS
    // Index = (Index+1)%84524;      // 4,5,6,7,7,7,6,5,4,3,2,1,1,1,2,3,... 
    if(Index)
    {
      Index--;
      soundpt++;
      DAC5_Out(*soundpt);    // output one value each interrupt
    }
    
}

//display start screen
void displayStartScreen(){
  ST7735_SetCursor(0,0); // second row
  ST7735_DrawBitmap(0,160,start_screen,128,127);


  Data = Sensor.In();  // sample 12-bit ADC1 channel 5, PB18, slidepot
  Position = Sensor.Convert(Data);
      
  if (Position > 1000){
    ST7735_OutString((char *)englishTitle);
    ST7735_SetCursor(0,1); // second row
    ST7735_OutString((char *)englishInstruct);
    ST7735_SetCursor(0,2); // third row
    ST7735_OutString((char *)englishInstruct2);
  }
  else{
    ST7735_OutString((char *)spanishTitle);
    ST7735_SetCursor(0,1); // second row
    ST7735_OutString((char *)spanishInstruct);
    ST7735_SetCursor(0,2); // third row
    ST7735_OutString((char *)spanishInstruct2);
  }
  ST7735_DrawBitmap(0, 160, start_screen, 128, 127);
}

//display gold win
void displayGOLD_WIN(){
  __disable_irq();
    DAC5_Init();     // DAC initialization
    Sound_Init(1,0); // SysTick initialization, initially off, priority 0
    __enable_irq();
    
    Sound_Start(fastinvader3, 1054);
    Clock_Delay1ms(500);
    __disable_irq();
  ST7735_SetCursor(0,0);
  ST7735_OutString((char*)goldScoreFinal);
  SmallFont_OutVertical(goldScore, 80, 5);
  ST7735_SetCursor(0,1);
  ST7735_OutString((char*)blueScoreFinal);
  SmallFont_OutVertical(blueScore, 80, 15);
  ST7735_DrawBitmap(0, 91, gold_win, 128, 22);

}

//display blue win
void displayBLUE_WIN(){
  __disable_irq();
    DAC5_Init();     // DAC initialization
    Sound_Init(1,0); // SysTick initialization, initially off, priority 0
    __enable_irq();
    
    Sound_Start(fastinvader3, 1054);
    Clock_Delay1ms(500);
    __disable_irq();
  ST7735_SetCursor(0,0);
  ST7735_OutString((char*)goldScoreFinal);
  SmallFont_OutVertical(goldScore, 80, 5);
  ST7735_SetCursor(0,1);
  ST7735_OutString((char*)blueScoreFinal);
  SmallFont_OutVertical(blueScore, 80, 15);
  ST7735_DrawBitmap(0, 90, blue_win, 128, 20);
}

//display tie
void displayTIE(){
  __disable_irq();
    DAC5_Init();     // DAC initialization
    Sound_Init(1,0); // SysTick initialization, initially off, priority 0
    __enable_irq();
    
    Sound_Start(fastinvader3, 1054);
    Clock_Delay1ms(500);
    __disable_irq();
  ST7735_SetCursor(0,0);
  ST7735_OutString((char*)goldScoreFinal);
  SmallFont_OutVertical(goldScore, 80, 5);
  ST7735_SetCursor(0,1);
  ST7735_OutString((char*)blueScoreFinal);
  SmallFont_OutVertical(blueScore, 80, 15);
  ST7735_DrawBitmap(0, 90, tie, 128, 20);
}


//initialize platforms
void initPlatforms() {
  platforms[0] = (Platform){60, 120, 125, 130, platform_sprite};
  platforms[1] = (Platform){10, 70, 95, 100, platform_sprite};
}

//initialize players
void initPlayers(){
  players[0] = (Player){10, 40, 0, 0, GOLD_TEAM, 0, false, JUMP_DISTANCE, true, gold_sprite, gold_sprite_berry};
  players[1] = (Player){70, 40, 0, 0, BLUE_TEAM, 0, false, JUMP_DISTANCE, true, blue_sprite, blue_sprite_berry};
  players[2] = (Player){30, 40, 0, 0, GOLD_TEAM, 0, false, JUMP_DISTANCE, true, gold_worker, gold_worker_berry};
  players[3] = (Player){100, 40, 0, 0, BLUE_TEAM, 0, false, JUMP_DISTANCE, true, blue_worker, blue_worker_berry};
}

//initialize berries
void initBerries(){
  berries[0] = (Berry){3, 148, berry_sprite};
  berries[1] = (Berry){116, 148, berry_sprite};
}

//initialize berry deposit locations
void initBoxes(){
  boxes[0] = (Box){3, 12, box_sprite};
  boxes[1] = (Box){116, 12, box_sprite};
}

//draw players
void drawPlayers() {
  for (int i = 0; i<NUM_PLAYERS; i++) {
    if(!players[i].enable) continue;
    if(players[i].numBerries>0){
      ST7735_DrawBitmap(players[i].x, players[i].y+PLAYER_HEIGHT, players[i].sprite_berry, PLAYER_WIDTH, PLAYER_HEIGHT);
    } else{
      ST7735_DrawBitmap(players[i].x, players[i].y+PLAYER_HEIGHT, players[i].sprite, PLAYER_WIDTH, PLAYER_HEIGHT);
    }
  }
}

//draw platforms
void drawPlatforms(){
  for(int i = 0; i<NUM_PLATFORMS; i++){
    ST7735_DrawBitmap(platforms[i].lowX, platforms[i].highY, platforms[i].sprite, PLATFORM_WIDTH, PLATFORM_HEIGHT);
  }
}

//draw berries
void drawBerries(){
  for(int i = 0; i<NUM_BERRIES; i++){
    ST7735_DrawBitmap(berries[i].x, berries[i].y+BERRY_HEIGHT, berries[i].sprite, BERRY_WIDTH, BERRY_HEIGHT);
  }
}

//draw boxes
void drawBoxes(){
  for(int i = 0; i<NUM_BOXES; i++){
    ST7735_DrawBitmap(boxes[i].x, boxes[i].y+BOX_HEIGHT, boxes[i].sprite, BOX_WIDTH, BOX_HEIGHT);
  }
}

//check if rectangles overlap
bool RectsOverlap(int l1, int r1, int t1, int b1, int l2, int r2, int t2, int b2) {
  return !(r1 <= l2 || l1 >= r2 || b1 <= t2 || t1 >= b2);
}

//check if player can move horizontally without bumping into platform
bool canMoveX(Player* p) {
  int newLeft = p->x + p->vx;
  int newRight = newLeft + PLAYER_WIDTH;
  int newTop = p->y;
  int newBottom = p->y + PLAYER_HEIGHT;

  for (int i = 0; i < NUM_PLATFORMS; i++) {
    Platform* plat = &platforms[i];

    int platLeft = plat->lowX;
    int platRight = plat->highX;
    int platTop = plat->lowY;
    int platBottom = plat->highY;

    if(RectsOverlap(newLeft, newRight, newTop, newBottom, platLeft, platRight, platTop, platBottom)){
      return false;
    }
  }

  if(newLeft<0 || newRight>128 || newTop<0 || newBottom>160){
    return false;
  }

  return true; // move is valid
}

//check if player can move vertically without bumping into platform
bool canMoveY(Player* p) {
  int newLeft = p->x;
  int newRight = p->x + PLAYER_WIDTH;
  int newTop = p->y + p->vy;
  int newBottom = newTop + PLAYER_HEIGHT;

  for (int i = 0; i < NUM_PLATFORMS; i++) {
    Platform* plat = &platforms[i];

    int platLeft = plat->lowX;
    int platRight = plat->highX;
    int platTop = plat->lowY;
    int platBottom = plat->highY;

    if (RectsOverlap(newLeft, newRight, newTop, newBottom, platLeft, platRight, platTop, platBottom)) {
      return false;
    }
  }

  if(newLeft<0 || newRight>128 || newTop<0 || newBottom>160){
    return false;
  }

  return true; // move is valid
}


//move players
void updatePlayers(){
  for (int i = 0; i<NUM_PLAYERS; i++) {
    if(!players[i].enable) continue;
    
    //horizontal
    if(canMoveX(&players[i])){
      players[i].x += players[i].vx;
    }
    players[i].vx = 0;

    //vertical
    if(players[i].jumping){
      players[i].vy = -1;
      if(canMoveY(&players[i])){
        players[i].y -= 1;
      }
    } else{
      players[i].vy = 1;
      if(canMoveY(&players[i])){
        players[i].y += 1;
      }
    }
    
  }
}

//get berries
void getBerries(){
  for (int i = 0; i<NUM_PLAYERS; i++) {
    if(players[i].enable){

      if(RectsOverlap(players[i].x, players[i].x+PLAYER_WIDTH, players[i].y, players[i].y+PLAYER_HEIGHT, berries[0].x, berries[0].x+BERRY_WIDTH, berries[0].y, berries[0].y+BERRY_HEIGHT) && players[i].numBerries==0){
        players[i].numBerries = 1;
      }
      if(RectsOverlap(players[i].x, players[i].x+PLAYER_WIDTH, players[i].y, players[i].y+PLAYER_HEIGHT, berries[1].x, berries[1].x+BERRY_WIDTH, berries[1].y, berries[1].y+BERRY_HEIGHT) && players[i].numBerries==0){
        players[i].numBerries = 1;
      }
    }
  }
}

//deposit berries
void depositBerries(){
  for (int i = 0; i<NUM_PLAYERS; i++) {
    if(players[i].enable){
      if(RectsOverlap(players[i].x, players[i].x+PLAYER_WIDTH, players[i].y, players[i].y+PLAYER_HEIGHT, boxes[0].x, boxes[0].x+BOX_WIDTH, boxes[0].y, boxes[0].y+BOX_HEIGHT) && players[i].numBerries>0){
        players[i].numBerries = 0;
        if(players[i].playerTeam==GOLD_TEAM){
          goldScore++;
        } else{
          blueScore++;
        }
      }
      if(RectsOverlap(players[i].x, players[i].x+PLAYER_WIDTH, players[i].y, players[i].y+PLAYER_HEIGHT, boxes[1].x, boxes[1].x+BOX_WIDTH, boxes[1].y, boxes[1].y+BOX_HEIGHT) && players[i].numBerries>0){
        players[i].numBerries = 0;
        if(players[i].playerTeam==GOLD_TEAM){
          goldScore++;
        } else{
          blueScore++;
        }
      }
    }
  }
}
//x, y         x+width, y


//x, y+height  x+width, y+height
//check for kills
void killCheck(){
  for (int i = 0; i<NUM_PLAYERS; i++) {
    if(!players[i].enable) continue;

    for (int j = 0; j<NUM_PLAYERS; j++) {
      if(i==j) continue;
      if(players[i].playerTeam==players[j].playerTeam) continue;
      if(!players[j].enable) continue;

      if(abs((players[i].x+PLAYER_WIDTH)/2 - (players[j].x+PLAYER_WIDTH)/2)<=PLAYER_WIDTH/4){
        if(players[j].y+PLAYER_HEIGHT>players[i].y && players[j].y+PLAYER_HEIGHT<players[i].y+PLAYER_HEIGHT && players[j].vy == 1){
          players[i].enable = false;
        }
      }
    
      
    }
  }
  
}



//check for win
void checkWin(){
  if(goldScore >= WIN_CONDITION && goldScore > blueScore){
    gameState = GOLD_WIN;
    playing = false;
  } else if(blueScore >= WIN_CONDITION && blueScore > goldScore){
    gameState = BLUE_WIN;
    playing = false;
  } else if(blueScore == goldScore && blueScore >= WIN_CONDITION){
    gameState = TIE;
    playing = false;
  } else{
    gameState = PLAYING;
  }
}





void TIMG12_IRQHandler(void){
  if((TIMG12->CPU_INT.IIDX) == 1){ // this will acknowledge
    Switch_In();
    updatePlayers();
    getBerries();
    depositBerries();
    killCheck();
    checkWin();
    updateFlag = true;
  }

}



//check for start button press
void checkStartButton(){
  Switch_In();
  if(start==1){

    __disable_irq();
    DAC5_Init();     // DAC initialization
    Sound_Init(1,0); // SysTick initialization, initially off, priority 0
    __enable_irq();
    
    Sound_Start(shoot, 4080);
    Clock_Delay1ms(500);
    __disable_irq();

    TimerG12_IntArm(1000000, 0);
    __enable_irq();
    
    initPlatforms();
    initPlayers();
    initBerries();
    initBoxes();
    ST7735_FillScreen(ST7735_BLACK);
    gameState = PLAYING;
  } else{
    gameState = WAITING;
  }
}

// use main3 to test switches and LEDs
int main(void){ // main3
  __disable_irq();
  PLL_Init(); // set bus speed
  LaunchPad_Init();
  Switch_Init(); // initialize switches
  LED_Init(); // initialize LED
  Sensor.Init();
  ST7735_InitPrintf();
  ST7735_FillScreen(ST7735_BLACK);


  while(playing){
    switch(gameState){
      case WAITING:
        displayStartScreen();
        checkStartButton();        
        break;
      case PLAYING:
        if(updateFlag){
          updateFlag = false;
          drawPlatforms();
          drawPlayers();
          drawBerries();
          drawBoxes();
        }
        break;
      case GOLD_WIN:
        displayGOLD_WIN();
        break;
      case BLUE_WIN:
        displayBLUE_WIN();
        break;
      case TIE:
        displayTIE();
        break;
    }
  }

  if(gameState==GOLD_WIN){
    displayGOLD_WIN();
  } else if(gameState==BLUE_WIN){
    displayBLUE_WIN();
  } else{
    displayTIE();
  }

}







void Switch_Init(void){
    // write this
  //player1
  IOMUX->SECCFG.PINCM[PA26INDEX] = 0x00040081; // input, no pull
  IOMUX->SECCFG.PINCM[PA27INDEX] = 0x00040081; // input, no pull
  IOMUX->SECCFG.PINCM[PA28INDEX] = 0x00040081; // input, no pull
  
  //player2
  IOMUX->SECCFG.PINCM[PA15INDEX] = 0x00040081; // input, no pull
  IOMUX->SECCFG.PINCM[PA17INDEX] = 0x00040081; // input, no pull
  IOMUX->SECCFG.PINCM[PA18INDEX] = 0x00040081; // input, no pull

  //player3
  IOMUX->SECCFG.PINCM[PB16INDEX] = 0x00040081; // input, no pull
  IOMUX->SECCFG.PINCM[PB20INDEX] = 0x00040081; // input, no pull
  IOMUX->SECCFG.PINCM[PB24INDEX] = 0x00040081; // input, no pull

  //player4
  IOMUX->SECCFG.PINCM[PB12INDEX] = 0x00040081; // input, no pull
  IOMUX->SECCFG.PINCM[PB13INDEX] = 0x00040081; // input, no pull
  IOMUX->SECCFG.PINCM[PB17INDEX] = 0x00040081; // input, no pull

}

void Switch_In(){
  if((GPIOA->DIN31_0&(1<<26))>0){
    players[0].vx = -1;
    start = 1;
  }
  if((GPIOA->DIN31_0&(1<<27))>0){
    players[0].vx = 1;
    start = 1;
  }
  if((GPIOA->DIN31_0&(1<<28))>0){
    players[0].jumping = true;
    start = 1;
  } else{
    players[0].jumping = false;
  }

  if((GPIOA->DIN31_0&(1<<15))>0){
    players[1].vx = -1;
    start = 1;
  }
  if((GPIOA->DIN31_0&(1<<17))>0){
    players[1].vx = 1;
    start = 1;
  }
  if((GPIOA->DIN31_0&(1<<18))>0){
    players[1].jumping = true;
    start = 1;
  } else{
    players[1].jumping = false;
  }
  
  if((GPIOB->DIN31_0&(1<<16))>0){
    players[2].vx = -1;
    start = 1;
  }
  if((GPIOB->DIN31_0&(1<<20))>0){
    players[2].vx = 1;
    start = 1;
  }
  if((GPIOB->DIN31_0&(1<<24))>0){
    players[2].jumping = true;
    start = 1;
  } else{
    players[2].jumping = false;
  }
  
  if((GPIOB->DIN31_0&(1<<12))>0){
    players[3].vx = -1;
    start = 1;
  }
  if((GPIOB->DIN31_0&(1<<13))>0){
    players[3].vx = 1;
    start = 1;
  }
  if((GPIOB->DIN31_0&(1<<17))>0){
    players[3].jumping = true;
    start = 1;
  } else{
    players[3].jumping = false;
  }
  
}


